datetime,date,hour,day_of_week,month,total_trips,lag_1,lag_24,lag_168,rolling_24h,rolling_7d
2026-01-08 00:00:00,2026-01-08,0,3,1,11,24.0,13.0,33.0,86.95833333333333,57.273809523809526
2026-01-08 01:00:00,2026-01-08,1,3,1,4,11.0,4.0,32.0,86.875,57.142857142857146
2026-01-08 02:00:00,2026-01-08,2,3,1,2,4.0,2.0,36.0,86.875,56.976190476190474
2026-01-08 03:00:00,2026-01-08,3,3,1,2,2.0,0.0,22.0,86.875,56.773809523809526
2026-01-08 04:00:00,2026-01-08,4,3,1,9,2.0,14.0,23.0,86.95833333333333,56.654761904761905
2026-01-08 05:00:00,2026-01-08,5,3,1,32,9.0,34.0,11.0,86.75,56.57142857142857
2026-01-08 06:00:00,2026-01-08,6,3,1,103,32.0,87.0,3.0,86.66666666666667,56.69642857142857
2026-01-08 07:00:00,2026-01-08,7,3,1,181,103.0,155.0,5.0,87.33333333333333,57.291666666666664
2026-01-08 08:00:00,2026-01-08,8,3,1,231,181.0,206.0,15.0,88.41666666666667,58.339285714285715
2026-01-08 09:00:00,2026-01-08,9,3,1,99,231.0,94.0,22.0,89.45833333333333,59.625
2026-01-08 10:00:00,2026-01-08,10,3,1,78,99.0,70.0,22.0,89.66666666666667,60.083333333333336
2026-01-08 11:00:00,2026-01-08,11,3,1,68,78.0,69.0,57.0,90.0,60.416666666666664
2026-01-08 12:00:00,2026-01-08,12,3,1,88,68.0,81.0,53.0,89.95833333333333,60.482142857142854
2026-01-08 13:00:00,2026-01-08,13,3,1,104,88.0,84.0,32.0,90.25,60.69047619047619
2026-01-08 14:00:00,2026-01-08,14,3,1,108,104.0,72.0,53.0,91.08333333333333,61.11904761904762
2026-01-08 15:00:00,2026-01-08,15,3,1,151,108.0,130.0,52.0,92.58333333333333,61.44642857142857
2026-01-08 16:00:00,2026-01-08,16,3,1,182,151.0,125.0,43.0,93.45833333333333,62.035714285714285
2026-01-08 17:00:00,2026-01-08,17,3,1,278,182.0,254.0,35.0,95.83333333333333,62.86309523809524
2026-01-08 18:00:00,2026-01-08,18,3,1,238,278.0,234.0,36.0,96.83333333333333,64.30952380952381
2026-01-08 19:00:00,2026-01-08,19,3,1,165,238.0,134.0,19.0,97.0,65.51190476190476
2026-01-08 20:00:00,2026-01-08,20,3,1,101,165.0,82.0,24.0,98.29166666666667,66.38095238095238
2026-01-08 21:00:00,2026-01-08,21,3,1,58,101.0,74.0,19.0,99.08333333333333,66.83928571428571
2026-01-08 22:00:00,2026-01-08,22,3,1,44,58.0,45.0,22.0,98.41666666666667,67.07142857142857
2026-01-08 23:00:00,2026-01-08,23,3,1,25,44.0,24.0,15.0,98.375,67.20238095238095
2026-01-09 00:00:00,2026-01-09,0,4,1,13,25.0,11.0,12.0,98.41666666666667,67.26190476190476
2026-01-09 01:00:00,2026-01-09,1,4,1,7,13.0,4.0,8.0,98.5,67.26785714285714
2026-01-09 02:00:00,2026-01-09,2,4,1,10,7.0,2.0,3.0,98.625,67.26190476190476
2026-01-09 03:00:00,2026-01-09,3,4,1,5,10.0,2.0,4.0,98.95833333333333,67.30357142857143
2026-01-09 04:00:00,2026-01-09,4,4,1,10,5.0,9.0,2.0,99.08333333333333,67.30952380952381
2026-01-09 05:00:00,2026-01-09,5,4,1,32,10.0,32.0,12.0,99.125,67.35714285714286
2026-01-09 06:00:00,2026-01-09,6,4,1,90,32.0,103.0,23.0,99.125,67.47619047619048
2026-01-09 07:00:00,2026-01-09,7,4,1,137,90.0,181.0,50.0,98.58333333333333,67.875
2026-01-09 08:00:00,2026-01-09,8,4,1,185,137.0,231.0,47.0,96.75,68.39285714285714
2026-01-09 09:00:00,2026-01-09,9,4,1,105,185.0,99.0,53.0,94.83333333333333,69.21428571428571
2026-01-09 10:00:00,2026-01-09,10,4,1,73,105.0,78.0,54.0,95.08333333333333,69.52380952380952
2026-01-09 11:00:00,2026-01-09,11,4,1,92,73.0,68.0,43.0,94.875,69.63690476190476
2026-01-09 12:00:00,2026-01-09,12,4,1,107,92.0,88.0,63.0,95.875,69.92857142857143
2026-01-09 13:00:00,2026-01-09,13,4,1,96,107.0,104.0,88.0,96.66666666666667,70.19047619047619
2026-01-09 14:00:00,2026-01-09,14,4,1,116,96.0,108.0,57.0,96.33333333333333,70.23809523809524
2026-01-09 15:00:00,2026-01-09,15,4,1,163,116.0,151.0,65.0,96.66666666666667,70.58928571428571
2026-01-09 16:00:00,2026-01-09,16,4,1,187,163.0,182.0,92.0,97.16666666666667,71.17261904761905
2026-01-09 17:00:00,2026-01-09,17,4,1,214,187.0,278.0,70.0,97.375,71.73809523809524
2026-01-09 18:00:00,2026-01-09,18,4,1,147,214.0,238.0,79.0,94.70833333333333,72.5952380952381
2026-01-09 19:00:00,2026-01-09,19,4,1,95,147.0,165.0,61.0,90.91666666666667,73.0
2026-01-09 20:00:00,2026-01-09,20,4,1,82,95.0,101.0,37.0,88.0,73.20238095238095
2026-01-09 21:00:00,2026-01-09,21,4,1,56,82.0,58.0,30.0,87.20833333333333,73.4702380952381
2026-01-09 22:00:00,2026-01-09,22,4,1,56,56.0,44.0,33.0,87.125,73.625
2026-01-09 23:00:00,2026-01-09,23,4,1,38,56.0,25.0,25.0,87.625,73.76190476190476
2026-01-10 00:00:00,2026-01-10,0,5,1,29,38.0,13.0,14.0,88.16666666666667,73.83928571428571
2026-01-10 01:00:00,2026-01-10,1,5,1,26,29.0,7.0,10.0,88.83333333333333,73.92857142857143
2026-01-10 02:00:00,2026-01-10,2,5,1,15,26.0,10.0,12.0,89.625,74.02380952380952
2026-01-10 03:00:00,2026-01-10,3,5,1,6,15.0,5.0,4.0,89.83333333333333,74.04166666666667
2026-01-10 04:00:00,2026-01-10,4,5,1,6,6.0,10.0,5.0,89.875,74.05357142857143
2026-01-10 05:00:00,2026-01-10,5,5,1,5,6.0,32.0,5.0,89.70833333333333,74.05952380952381
2026-01-10 06:00:00,2026-01-10,6,5,1,15,5.0,90.0,6.0,88.58333333333333,74.05952380952381
2026-01-10 07:00:00,2026-01-10,7,5,1,49,15.0,137.0,21.0,85.45833333333333,74.11309523809524
2026-01-10 08:00:00,2026-01-10,8,5,1,73,49.0,185.0,45.0,81.79166666666667,74.2797619047619
2026-01-10 09:00:00,2026-01-10,9,5,1,93,73.0,105.0,68.0,77.125,74.44642857142857
2026-01-10 10:00:00,2026-01-10,10,5,1,142,93.0,73.0,81.0,76.625,74.5952380952381
2026-01-10 11:00:00,2026-01-10,11,5,1,164,142.0,92.0,97.0,79.5,74.95833333333333
2026-01-10 12:00:00,2026-01-10,12,5,1,151,164.0,107.0,97.0,82.5,75.35714285714286
2026-01-10 13:00:00,2026-01-10,13,5,1,99,151.0,96.0,76.0,84.33333333333333,75.67857142857143
2026-01-10 14:00:00,2026-01-10,14,5,1,76,99.0,116.0,79.0,84.45833333333333,75.81547619047619
2026-01-10 15:00:00,2026-01-10,15,5,1,35,76.0,163.0,89.0,82.79166666666667,75.79761904761905
2026-01-10 16:00:00,2026-01-10,16,5,1,40,35.0,187.0,95.0,77.45833333333333,75.47619047619048
2026-01-10 17:00:00,2026-01-10,17,5,1,29,40.0,214.0,68.0,71.33333333333333,75.14880952380952
2026-01-10 18:00:00,2026-01-10,18,5,1,36,29.0,147.0,60.0,63.625,74.91666666666667
2026-01-10 19:00:00,2026-01-10,19,5,1,23,36.0,95.0,63.0,59.0,74.77380952380952
2026-01-10 20:00:00,2026-01-10,20,5,1,19,23.0,82.0,51.0,56.0,74.53571428571429
2026-01-10 21:00:00,2026-01-10,21,5,1,20,19.0,56.0,29.0,53.375,74.3452380952381
2026-01-10 22:00:00,2026-01-10,22,5,1,17,20.0,56.0,15.0,51.875,74.29166666666667
2026-01-10 23:00:00,2026-01-10,23,5,1,30,17.0,38.0,29.0,50.25,74.30357142857143
2026-01-11 00:00:00,2026-01-11,0,6,1,23,30.0,29.0,18.0,49.916666666666664,74.30952380952381
2026-01-11 01:00:00,2026-01-11,1,6,1,14,23.0,26.0,25.0,49.666666666666664,74.33928571428571
2026-01-11 02:00:00,2026-01-11,2,6,1,15,14.0,15.0,16.0,49.166666666666664,74.27380952380952
2026-01-11 03:00:00,2026-01-11,3,6,1,12,15.0,6.0,5.0,49.166666666666664,74.26785714285714
2026-01-11 04:00:00,2026-01-11,4,6,1,4,12.0,6.0,2.0,49.416666666666664,74.30952380952381
2026-01-11 05:00:00,2026-01-11,5,6,1,6,4.0,5.0,7.0,49.333333333333336,74.32142857142857
2026-01-11 06:00:00,2026-01-11,6,6,1,17,6.0,15.0,7.0,49.375,74.31547619047619
2026-01-11 07:00:00,2026-01-11,7,6,1,26,17.0,49.0,20.0,49.458333333333336,74.375
2026-01-11 08:00:00,2026-01-11,8,6,1,56,26.0,73.0,39.0,48.5,74.41071428571429
2026-01-11 09:00:00,2026-01-11,9,6,1,93,56.0,93.0,59.0,47.791666666666664,74.51190476190476
2026-01-11 10:00:00,2026-01-11,10,6,1,121,93.0,142.0,64.0,47.791666666666664,74.71428571428571
2026-01-11 11:00:00,2026-01-11,11,6,1,138,121.0,164.0,93.0,46.916666666666664,75.05357142857143
2026-01-11 12:00:00,2026-01-11,12,6,1,131,138.0,151.0,94.0,45.833333333333336,75.32142857142857
2026-01-11 13:00:00,2026-01-11,13,6,1,130,131.0,99.0,89.0,45.0,75.54166666666667
2026-01-11 14:00:00,2026-01-11,14,6,1,107,130.0,76.0,79.0,46.291666666666664,75.78571428571429
2026-01-11 15:00:00,2026-01-11,15,6,1,113,107.0,35.0,97.0,47.583333333333336,75.95238095238095
2026-01-11 16:00:00,2026-01-11,16,6,1,128,113.0,40.0,87.0,50.833333333333336,76.04761904761905
2026-01-11 17:00:00,2026-01-11,17,6,1,107,128.0,29.0,88.0,54.5,76.29166666666667
2026-01-11 18:00:00,2026-01-11,18,6,1,90,107.0,36.0,62.0,57.75,76.4047619047619
2026-01-11 19:00:00,2026-01-11,19,6,1,61,90.0,23.0,36.0,60.0,76.57142857142857
2026-01-11 20:00:00,2026-01-11,20,6,1,40,61.0,19.0,40.0,61.583333333333336,76.7202380952381
2026-01-11 21:00:00,2026-01-11,21,6,1,39,40.0,20.0,25.0,62.458333333333336,76.7202380952381
2026-01-11 22:00:00,2026-01-11,22,6,1,23,39.0,17.0,22.0,63.25,76.80357142857143
2026-01-11 23:00:00,2026-01-11,23,6,1,15,23.0,30.0,11.0,63.5,76.80952380952381
2026-01-12 00:00:00,2026-01-12,0,0,1,6,15.0,23.0,7.0,62.875,76.83333333333333
2026-01-12 01:00:00,2026-01-12,1,0,1,1,6.0,14.0,5.0,62.166666666666664,76.82738095238095
2026-01-12 02:00:00,2026-01-12,2,0,1,5,1.0,15.0,2.0,61.625,76.80357142857143
2026-01-12 03:00:00,2026-01-12,3,0,1,2,5.0,12.0,4.0,61.208333333333336,76.82142857142857
2026-01-12 04:00:00,2026-01-12,4,0,1,13,2.0,4.0,11.0,60.791666666666664,76.80952380952381
2026-01-12 05:00:00,2026-01-12,5,0,1,33,13.0,6.0,20.0,61.166666666666664,76.82142857142857
2026-01-12 06:00:00,2026-01-12,6,0,1,90,33.0,17.0,61.0,62.291666666666664,76.89880952380952
2026-01-12 07:00:00,2026-01-12,7,0,1,127,90.0,26.0,137.0,65.33333333333333,77.07142857142857
2026-01-12 08:00:00,2026-01-12,8,0,1,160,127.0,56.0,148.0,69.54166666666667,77.01190476190476
2026-01-12 09:00:00,2026-01-12,9,0,1,94,160.0,93.0,57.0,73.875,77.08333333333333
2026-01-12 10:00:00,2026-01-12,10,0,1,60,94.0,121.0,59.0,73.91666666666667,77.30357142857143
2026-01-12 11:00:00,2026-01-12,11,0,1,62,60.0,138.0,50.0,71.375,77.30952380952381
2026-01-12 12:00:00,2026-01-12,12,0,1,79,62.0,131.0,62.0,68.20833333333333,77.38095238095238
2026-01-12 13:00:00,2026-01-12,13,0,1,71,79.0,130.0,62.0,66.04166666666667,77.48214285714286
2026-01-12 14:00:00,2026-01-12,14,0,1,90,71.0,107.0,74.0,63.583333333333336,77.53571428571429
2026-01-12 15:00:00,2026-01-12,15,0,1,123,90.0,113.0,111.0,62.875,77.63095238095238
2026-01-12 16:00:00,2026-01-12,16,0,1,159,123.0,128.0,129.0,63.291666666666664,77.70238095238095
2026-01-12 17:00:00,2026-01-12,17,0,1,241,159.0,107.0,209.0,64.58333333333333,77.88095238095238
2026-01-12 18:00:00,2026-01-12,18,0,1,215,241.0,90.0,198.0,70.16666666666667,78.07142857142857
2026-01-12 19:00:00,2026-01-12,19,0,1,143,215.0,61.0,123.0,75.375,78.17261904761905
2026-01-12 20:00:00,2026-01-12,20,0,1,80,143.0,40.0,68.0,78.79166666666667,78.29166666666667
2026-01-12 21:00:00,2026-01-12,21,0,1,47,80.0,39.0,41.0,80.45833333333333,78.36309523809524
2026-01-12 22:00:00,2026-01-12,22,0,1,57,47.0,23.0,31.0,80.79166666666667,78.39880952380952
2026-01-12 23:00:00,2026-01-12,23,0,1,23,57.0,15.0,22.0,82.20833333333333,78.55357142857143
2026-01-13 00:00:00,2026-01-13,0,1,1,13,23.0,6.0,10.0,82.54166666666667,78.55952380952381
2026-01-13 01:00:00,2026-01-13,1,1,1,7,13.0,1.0,1.0,82.83333333333333,78.57738095238095
2026-01-13 02:00:00,2026-01-13,2,1,1,6,7.0,5.0,2.0,83.08333333333333,78.61309523809524
2026-01-13 03:00:00,2026-01-13,3,1,1,3,6.0,2.0,1.0,83.125,78.63690476190476
2026-01-13 04:00:00,2026-01-13,4,1,1,15,3.0,13.0,14.0,83.16666666666667,78.64880952380952
2026-01-13 05:00:00,2026-01-13,5,1,1,40,15.0,33.0,25.0,83.25,78.6547619047619
2026-01-13 06:00:00,2026-01-13,6,1,1,95,40.0,90.0,88.0,83.54166666666667,78.74404761904762
2026-01-13 07:00:00,2026-01-13,7,1,1,190,95.0,127.0,159.0,83.75,78.78571428571429
2026-01-13 08:00:00,2026-01-13,8,1,1,225,190.0,160.0,214.0,86.375,78.9702380952381
2026-01-13 09:00:00,2026-01-13,9,1,1,96,225.0,94.0,71.0,89.08333333333333,79.03571428571429
2026-01-13 10:00:00,2026-01-13,10,1,1,67,96.0,60.0,47.0,89.16666666666667,79.18452380952381
2026-01-13 11:00:00,2026-01-13,11,1,1,82,67.0,62.0,55.0,89.45833333333333,79.30357142857143
2026-01-13 12:00:00,2026-01-13,12,1,1,86,82.0,79.0,62.0,90.29166666666667,79.46428571428571
2026-01-13 13:00:00,2026-01-13,13,1,1,86,86.0,71.0,69.0,90.58333333333333,79.60714285714286
2026-01-13 14:00:00,2026-01-13,14,1,1,112,86.0,90.0,77.0,91.20833333333333,79.70833333333333
2026-01-13 15:00:00,2026-01-13,15,1,1,137,112.0,123.0,112.0,92.125,79.91666666666667
2026-01-13 16:00:00,2026-01-13,16,1,1,181,137.0,159.0,175.0,92.70833333333333,80.06547619047619
2026-01-13 17:00:00,2026-01-13,17,1,1,273,181.0,241.0,259.0,93.625,80.10119047619048
2026-01-13 18:00:00,2026-01-13,18,1,1,287,273.0,215.0,232.0,94.95833333333333,80.18452380952381
2026-01-13 19:00:00,2026-01-13,19,1,1,149,287.0,143.0,118.0,97.95833333333333,80.51190476190476
2026-01-13 20:00:00,2026-01-13,20,1,1,90,149.0,80.0,70.0,98.20833333333333,80.69642857142857
2026-01-13 21:00:00,2026-01-13,21,1,1,63,90.0,47.0,45.0,98.625,80.81547619047619
2026-01-13 22:00:00,2026-01-13,22,1,1,51,63.0,57.0,22.0,99.29166666666667,80.92261904761905
2026-01-13 23:00:00,2026-01-13,23,1,1,27,51.0,23.0,17.0,99.04166666666667,81.0952380952381
2026-01-14 00:00:00,2026-01-14,0,2,1,16,27.0,13.0,13.0,99.20833333333333,81.1547619047619
2026-01-14 01:00:00,2026-01-14,1,2,1,6,16.0,7.0,4.0,99.33333333333333,81.17261904761905
2026-01-14 02:00:00,2026-01-14,2,2,1,2,6.0,6.0,2.0,99.29166666666667,81.18452380952381
2026-01-14 03:00:00,2026-01-14,3,2,1,1,2.0,3.0,0.0,99.125,81.18452380952381
2026-01-14 04:00:00,2026-01-14,4,2,1,14,1.0,15.0,14.0,99.04166666666667,81.19047619047619
2026-01-14 05:00:00,2026-01-14,5,2,1,38,14.0,40.0,34.0,99.0,81.19047619047619
2026-01-14 06:00:00,2026-01-14,6,2,1,98,38.0,95.0,87.0,98.91666666666667,81.21428571428571
2026-01-14 07:00:00,2026-01-14,7,2,1,215,98.0,190.0,155.0,99.04166666666667,81.2797619047619
2026-01-14 08:00:00,2026-01-14,8,2,1,252,215.0,225.0,206.0,100.08333333333333,81.63690476190476
2026-01-14 09:00:00,2026-01-14,9,2,1,98,252.0,96.0,94.0,101.20833333333333,81.91071428571429
2026-01-14 10:00:00,2026-01-14,10,2,1,75,98.0,67.0,70.0,101.29166666666667,81.93452380952381
2026-01-14 11:00:00,2026-01-14,11,2,1,87,75.0,82.0,69.0,101.625,81.96428571428571
2026-01-14 12:00:00,2026-01-14,12,2,1,84,87.0,86.0,81.0,101.83333333333333,82.07142857142857
2026-01-14 13:00:00,2026-01-14,13,2,1,79,84.0,86.0,84.0,101.75,82.08928571428571
2026-01-14 14:00:00,2026-01-14,14,2,1,96,79.0,112.0,72.0,101.45833333333333,82.05952380952381
2026-01-14 15:00:00,2026-01-14,15,2,1,127,96.0,137.0,130.0,100.79166666666667,82.20238095238095
2026-01-14 16:00:00,2026-01-14,16,2,1,194,127.0,181.0,125.0,100.375,82.18452380952381
2026-01-14 17:00:00,2026-01-14,17,2,1,276,194.0,273.0,254.0,100.91666666666667,82.5952380952381
2026-01-14 18:00:00,2026-01-14,18,2,1,215,276.0,287.0,234.0,101.04166666666667,82.72619047619048
2026-01-14 19:00:00,2026-01-14,19,2,1,136,215.0,149.0,134.0,98.04166666666667,82.61309523809524
2026-01-14 20:00:00,2026-01-14,20,2,1,103,136.0,90.0,82.0,97.5,82.625
2026-01-14 21:00:00,2026-01-14,21,2,1,89,103.0,63.0,74.0,98.04166666666667,82.75
2026-01-14 22:00:00,2026-01-14,22,2,1,55,89.0,51.0,45.0,99.125,82.83928571428571
2026-01-14 23:00:00,2026-01-14,23,2,1,28,55.0,27.0,24.0,99.29166666666667,82.89880952380952
2026-01-15 00:00:00,2026-01-15,0,3,1,9,28.0,16.0,11.0,99.33333333333333,82.92261904761905
2026-01-15 01:00:00,2026-01-15,1,3,1,7,9.0,6.0,4.0,99.04166666666667,82.91071428571429
2026-01-15 02:00:00,2026-01-15,2,3,1,4,7.0,2.0,2.0,99.08333333333333,82.92857142857143
2026-01-15 03:00:00,2026-01-15,3,3,1,3,4.0,1.0,2.0,99.16666666666667,82.94047619047619
2026-01-15 04:00:00,2026-01-15,4,3,1,12,3.0,14.0,9.0,99.25,82.94642857142857
2026-01-15 05:00:00,2026-01-15,5,3,1,35,12.0,38.0,32.0,99.16666666666667,82.96428571428571
2026-01-15 06:00:00,2026-01-15,6,3,1,84,35.0,98.0,103.0,99.04166666666667,82.98214285714286
2026-01-15 07:00:00,2026-01-15,7,3,1,177,84.0,215.0,181.0,98.45833333333333,82.86904761904762
2026-01-15 08:00:00,2026-01-15,8,3,1,263,177.0,252.0,231.0,96.875,82.8452380952381
2026-01-15 09:00:00,2026-01-15,9,3,1,120,263.0,98.0,99.0,97.33333333333333,83.03571428571429
2026-01-15 10:00:00,2026-01-15,10,3,1,67,120.0,75.0,78.0,98.25,83.16071428571429
2026-01-15 11:00:00,2026-01-15,11,3,1,83,67.0,87.0,68.0,97.91666666666667,83.0952380952381
2026-01-15 12:00:00,2026-01-15,12,3,1,69,83.0,84.0,88.0,97.75,83.18452380952381
2026-01-15 13:00:00,2026-01-15,13,3,1,62,69.0,79.0,104.0,97.125,83.07142857142857
2026-01-15 14:00:00,2026-01-15,14,3,1,81,62.0,96.0,108.0,96.41666666666667,82.82142857142857
2026-01-15 15:00:00,2026-01-15,15,3,1,121,81.0,127.0,151.0,95.79166666666667,82.66071428571429
2026-01-15 16:00:00,2026-01-15,16,3,1,153,121.0,194.0,182.0,95.54166666666667,82.48214285714286
2026-01-15 17:00:00,2026-01-15,17,3,1,229,153.0,276.0,278.0,93.83333333333333,82.30952380952381
2026-01-15 18:00:00,2026-01-15,18,3,1,189,229.0,215.0,238.0,91.875,82.01785714285714
2026-01-15 19:00:00,2026-01-15,19,3,1,134,189.0,136.0,165.0,90.79166666666667,81.72619047619048
2026-01-15 20:00:00,2026-01-15,20,3,1,73,134.0,103.0,101.0,90.70833333333333,81.54166666666667
2026-01-15 21:00:00,2026-01-15,21,3,1,63,73.0,89.0,58.0,89.45833333333333,81.375
2026-01-15 22:00:00,2026-01-15,22,3,1,37,63.0,55.0,44.0,88.375,81.4047619047619
2026-01-15 23:00:00,2026-01-15,23,3,1,19,37.0,28.0,25.0,87.625,81.36309523809524
2026-01-16 00:00:00,2026-01-16,0,4,1,13,19.0,9.0,13.0,87.25,81.32738095238095
2026-01-16 01:00:00,2026-01-16,1,4,1,2,13.0,7.0,7.0,87.41666666666667,81.32738095238095
2026-01-16 02:00:00,2026-01-16,2,4,1,4,2.0,4.0,10.0,87.20833333333333,81.29761904761905
2026-01-16 03:00:00,2026-01-16,3,4,1,2,4.0,3.0,5.0,87.20833333333333,81.26190476190476
2026-01-16 04:00:00,2026-01-16,4,4,1,9,2.0,12.0,10.0,87.16666666666667,81.24404761904762
2026-01-16 05:00:00,2026-01-16,5,4,1,25,9.0,35.0,32.0,87.04166666666667,81.23809523809524
2026-01-16 06:00:00,2026-01-16,6,4,1,79,25.0,84.0,90.0,86.625,81.19642857142857
2026-01-16 07:00:00,2026-01-16,7,4,1,120,79.0,177.0,137.0,86.41666666666667,81.13095238095238
2026-01-16 08:00:00,2026-01-16,8,4,1,133,120.0,263.0,185.0,84.04166666666667,81.0297619047619
2026-01-16 09:00:00,2026-01-16,9,4,1,78,133.0,120.0,105.0,78.625,80.7202380952381
2026-01-16 10:00:00,2026-01-16,10,4,1,79,78.0,67.0,73.0,76.875,80.55952380952381
2026-01-16 11:00:00,2026-01-16,11,4,1,90,79.0,83.0,92.0,77.375,80.5952380952381
2026-01-16 12:00:00,2026-01-16,12,4,1,88,90.0,69.0,107.0,77.66666666666667,80.58333333333333
2026-01-16 13:00:00,2026-01-16,13,4,1,102,88.0,62.0,96.0,78.45833333333333,80.4702380952381
2026-01-16 14:00:00,2026-01-16,14,4,1,101,102.0,81.0,116.0,80.125,80.50595238095238
2026-01-16 15:00:00,2026-01-16,15,4,1,135,101.0,121.0,163.0,80.95833333333333,80.41666666666667
2026-01-16 16:00:00,2026-01-16,16,4,1,171,135.0,153.0,187.0,81.54166666666667,80.25
2026-01-16 17:00:00,2026-01-16,17,4,1,189,171.0,229.0,214.0,82.29166666666667,80.1547619047619
2026-01-16 18:00:00,2026-01-16,18,4,1,154,189.0,189.0,147.0,80.625,80.00595238095238
2026-01-16 19:00:00,2026-01-16,19,4,1,122,154.0,134.0,95.0,79.16666666666667,80.04761904761905
2026-01-16 20:00:00,2026-01-16,20,4,1,70,122.0,73.0,82.0,78.66666666666667,80.20833333333333
2026-01-16 21:00:00,2026-01-16,21,4,1,66,70.0,63.0,56.0,78.54166666666667,80.13690476190476
2026-01-16 22:00:00,2026-01-16,22,4,1,36,66.0,37.0,56.0,78.66666666666667,80.19642857142857
2026-01-16 23:00:00,2026-01-16,23,4,1,39,36.0,19.0,38.0,78.625,80.07738095238095
2026-01-17 00:00:00,2026-01-17,0,5,1,18,39.0,13.0,29.0,79.45833333333333,80.08333333333333
2026-01-17 01:00:00,2026-01-17,1,5,1,14,18.0,2.0,26.0,79.66666666666667,80.01785714285714
2026-01-17 02:00:00,2026-01-17,2,5,1,13,14.0,4.0,15.0,80.16666666666667,79.94642857142857
2026-01-17 03:00:00,2026-01-17,3,5,1,5,13.0,2.0,6.0,80.54166666666667,79.93452380952381
2026-01-17 04:00:00,2026-01-17,4,5,1,6,5.0,9.0,6.0,80.66666666666667,79.92857142857143
2026-01-17 05:00:00,2026-01-17,5,5,1,14,6.0,25.0,5.0,80.54166666666667,79.92857142857143
2026-01-17 06:00:00,2026-01-17,6,5,1,4,14.0,79.0,15.0,80.08333333333333,79.98214285714286
2026-01-17 07:00:00,2026-01-17,7,5,1,39,4.0,120.0,49.0,76.95833333333333,79.91666666666667
2026-01-17 08:00:00,2026-01-17,8,5,1,62,39.0,133.0,73.0,73.58333333333333,79.85714285714286
2026-01-17 09:00:00,2026-01-17,9,5,1,99,62.0,78.0,93.0,70.625,79.79166666666667
2026-01-17 10:00:00,2026-01-17,10,5,1,105,99.0,79.0,142.0,71.5,79.82738095238095
2026-01-17 11:00:00,2026-01-17,11,5,1,91,105.0,90.0,164.0,72.58333333333333,79.60714285714286
2026-01-17 12:00:00,2026-01-17,12,5,1,35,91.0,88.0,151.0,72.625,79.17261904761905
2026-01-17 13:00:00,2026-01-17,13,5,1,30,35.0,102.0,99.0,70.41666666666667,78.48214285714286
2026-01-17 14:00:00,2026-01-17,14,5,1,39,30.0,101.0,76.0,67.41666666666667,78.07142857142857
2026-01-17 15:00:00,2026-01-17,15,5,1,53,39.0,135.0,35.0,64.83333333333333,77.85119047619048
2026-01-17 16:00:00,2026-01-17,16,5,1,52,53.0,171.0,40.0,61.416666666666664,77.95833333333333
2026-01-17 17:00:00,2026-01-17,17,5,1,49,52.0,189.0,29.0,56.458333333333336,78.0297619047619
2026-01-17 18:00:00,2026-01-17,18,5,1,40,49.0,154.0,36.0,50.625,78.14880952380952
2026-01-17 19:00:00,2026-01-17,19,5,1,32,40.0,122.0,23.0,45.875,78.17261904761905
2026-01-17 20:00:00,2026-01-17,20,5,1,24,32.0,70.0,19.0,42.125,78.22619047619048
2026-01-17 21:00:00,2026-01-17,21,5,1,32,24.0,66.0,20.0,40.208333333333336,78.25595238095238
2026-01-17 22:00:00,2026-01-17,22,5,1,35,32.0,36.0,17.0,38.791666666666664,78.32738095238095
2026-01-17 23:00:00,2026-01-17,23,5,1,30,35.0,39.0,30.0,38.75,78.43452380952381
2026-01-18 00:00:00,2026-01-18,0,6,1,20,30.0,18.0,23.0,38.375,78.43452380952381
2026-01-18 01:00:00,2026-01-18,1,6,1,17,20.0,14.0,14.0,38.458333333333336,78.41666666666667
2026-01-18 02:00:00,2026-01-18,2,6,1,13,17.0,13.0,15.0,38.583333333333336,78.43452380952381
2026-01-18 03:00:00,2026-01-18,3,6,1,10,13.0,5.0,12.0,38.583333333333336,78.42261904761905
2026-01-18 04:00:00,2026-01-18,4,6,1,6,10.0,6.0,4.0,38.791666666666664,78.41071428571429
2026-01-18 05:00:00,2026-01-18,5,6,1,3,6.0,14.0,6.0,38.791666666666664,78.42261904761905
2026-01-18 06:00:00,2026-01-18,6,6,1,5,3.0,4.0,17.0,38.333333333333336,78.4047619047619
2026-01-18 07:00:00,2026-01-18,7,6,1,9,5.0,39.0,26.0,38.375,78.33333333333333
2026-01-18 08:00:00,2026-01-18,8,6,1,18,9.0,62.0,56.0,37.125,78.23214285714286
2026-01-18 09:00:00,2026-01-18,9,6,1,28,18.0,99.0,93.0,35.291666666666664,78.00595238095238
2026-01-18 10:00:00,2026-01-18,10,6,1,32,28.0,105.0,121.0,32.333333333333336,77.61904761904762
2026-01-18 11:00:00,2026-01-18,11,6,1,58,32.0,91.0,138.0,29.291666666666668,77.08928571428571
2026-01-18 12:00:00,2026-01-18,12,6,1,52,58.0,35.0,131.0,27.916666666666668,76.61309523809524
2026-01-18 13:00:00,2026-01-18,13,6,1,43,52.0,30.0,130.0,28.625,76.14285714285714
2026-01-18 14:00:00,2026-01-18,14,6,1,49,43.0,39.0,107.0,29.166666666666668,75.625
2026-01-18 15:00:00,2026-01-18,15,6,1,39,49.0,53.0,113.0,29.583333333333332,75.2797619047619
2026-01-18 16:00:00,2026-01-18,16,6,1,47,39.0,52.0,128.0,29.0,74.83928571428571
2026-01-18 17:00:00,2026-01-18,17,6,1,41,47.0,49.0,107.0,28.791666666666668,74.35714285714286
2026-01-18 18:00:00,2026-01-18,18,6,1,15,41.0,40.0,90.0,28.458333333333332,73.96428571428571
2026-01-18 19:00:00,2026-01-18,19,6,1,12,15.0,32.0,61.0,27.416666666666668,73.51785714285714
2026-01-18 20:00:00,2026-01-18,20,6,1,19,12.0,24.0,40.0,26.583333333333332,73.22619047619048
2026-01-18 21:00:00,2026-01-18,21,6,1,11,19.0,32.0,39.0,26.375,73.10119047619048
2026-01-18 22:00:00,2026-01-18,22,6,1,14,11.0,35.0,23.0,25.5,72.93452380952381
2026-01-18 23:00:00,2026-01-18,23,6,1,14,14.0,30.0,15.0,24.625,72.88095238095238
2026-01-19 00:00:00,2026-01-19,0,0,1,7,14.0,20.0,6.0,23.958333333333332,72.875
2026-01-19 01:00:00,2026-01-19,1,0,1,8,7.0,17.0,1.0,23.416666666666668,72.88095238095238
2026-01-19 02:00:00,2026-01-19,2,0,1,4,8.0,13.0,5.0,23.041666666666668,72.92261904761905
2026-01-19 03:00:00,2026-01-19,3,0,1,0,4.0,10.0,2.0,22.666666666666668,72.91666666666667
2026-01-19 04:00:00,2026-01-19,4,0,1,2,0.0,6.0,13.0,22.25,72.9047619047619
2026-01-19 05:00:00,2026-01-19,5,0,1,8,2.0,3.0,33.0,22.083333333333332,72.83928571428571
2026-01-19 06:00:00,2026-01-19,6,0,1,13,8.0,5.0,90.0,22.291666666666668,72.69047619047619
2026-01-19 07:00:00,2026-01-19,7,0,1,12,13.0,9.0,127.0,22.625,72.23214285714286
2026-01-19 08:00:00,2026-01-19,8,0,1,37,12.0,18.0,160.0,22.75,71.54761904761905
2026-01-19 09:00:00,2026-01-19,9,0,1,44,37.0,28.0,94.0,23.541666666666668,70.81547619047619
2026-01-19 10:00:00,2026-01-19,10,0,1,48,44.0,32.0,60.0,24.208333333333332,70.51785714285714
2026-01-19 11:00:00,2026-01-19,11,0,1,73,48.0,58.0,62.0,24.875,70.44642857142857
2026-01-19 12:00:00,2026-01-19,12,0,1,76,73.0,52.0,79.0,25.5,70.51190476190476
2026-01-19 13:00:00,2026-01-19,13,0,1,66,76.0,43.0,71.0,26.5,70.49404761904762
2026-01-19 14:00:00,2026-01-19,14,0,1,68,66.0,49.0,90.0,27.458333333333332,70.46428571428571
2026-01-19 15:00:00,2026-01-19,15,0,1,63,68.0,39.0,123.0,28.25,70.33333333333333
2026-01-19 16:00:00,2026-01-19,16,0,1,76,63.0,47.0,159.0,29.25,69.97619047619048
2026-01-19 17:00:00,2026-01-19,17,0,1,69,76.0,41.0,241.0,30.458333333333332,69.48214285714286
2026-01-19 18:00:00,2026-01-19,18,0,1,76,69.0,15.0,215.0,31.625,68.45833333333333
2026-01-19 19:00:00,2026-01-19,19,0,1,59,76.0,12.0,143.0,34.166666666666664,67.63095238095238
2026-01-19 20:00:00,2026-01-19,20,0,1,53,59.0,19.0,80.0,36.125,67.13095238095238
2026-01-19 21:00:00,2026-01-19,21,0,1,34,53.0,11.0,47.0,37.541666666666664,66.9702380952381
2026-01-19 22:00:00,2026-01-19,22,0,1,34,34.0,14.0,57.0,38.5,66.89285714285714
2026-01-19 23:00:00,2026-01-19,23,0,1,15,34.0,14.0,23.0,39.333333333333336,66.75595238095238
2026-01-20 00:00:00,2026-01-20,0,1,1,14,15.0,7.0,13.0,39.375,66.70833333333333
2026-01-20 01:00:00,2026-01-20,1,1,1,4,14.0,8.0,7.0,39.666666666666664,66.71428571428571
2026-01-20 02:00:00,2026-01-20,2,1,1,1,4.0,4.0,6.0,39.5,66.69642857142857
2026-01-20 03:00:00,2026-01-20,3,1,1,1,1.0,0.0,3.0,39.375,66.66666666666667
2026-01-20 04:00:00,2026-01-20,4,1,1,7,1.0,2.0,15.0,39.416666666666664,66.6547619047619
2026-01-20 05:00:00,2026-01-20,5,1,1,27,7.0,8.0,40.0,39.625,66.60714285714286
2026-01-20 06:00:00,2026-01-20,6,1,1,57,27.0,13.0,95.0,40.416666666666664,66.5297619047619
2026-01-20 07:00:00,2026-01-20,7,1,1,94,57.0,12.0,190.0,42.25,66.30357142857143
2026-01-20 08:00:00,2026-01-20,8,1,1,113,94.0,37.0,225.0,45.666666666666664,65.73214285714286
2026-01-20 09:00:00,2026-01-20,9,1,1,59,113.0,44.0,96.0,48.833333333333336,65.06547619047619
2026-01-20 10:00:00,2026-01-20,10,1,1,42,59.0,48.0,67.0,49.458333333333336,64.8452380952381
2026-01-20 11:00:00,2026-01-20,11,1,1,41,42.0,73.0,82.0,49.208333333333336,64.69642857142857
2026-01-20 12:00:00,2026-01-20,12,1,1,51,41.0,76.0,86.0,47.875,64.45238095238095
2026-01-20 13:00:00,2026-01-20,13,1,1,35,51.0,66.0,86.0,46.833333333333336,64.24404761904762
2026-01-20 14:00:00,2026-01-20,14,1,1,55,35.0,68.0,112.0,45.541666666666664,63.94047619047619
2026-01-20 15:00:00,2026-01-20,15,1,1,67,55.0,63.0,137.0,45.0,63.601190476190474
2026-01-20 16:00:00,2026-01-20,16,1,1,82,67.0,76.0,181.0,45.166666666666664,63.18452380952381
2026-01-20 17:00:00,2026-01-20,17,1,1,166,82.0,69.0,273.0,45.416666666666664,62.595238095238095
2026-01-20 18:00:00,2026-01-20,18,1,1,154,166.0,76.0,287.0,49.458333333333336,61.958333333333336
2026-01-20 19:00:00,2026-01-20,19,1,1,94,154.0,59.0,149.0,52.708333333333336,61.166666666666664
2026-01-20 20:00:00,2026-01-20,20,1,1,82,94.0,53.0,90.0,54.166666666666664,60.839285714285715
2026-01-20 21:00:00,2026-01-20,21,1,1,28,82.0,34.0,63.0,55.375,60.791666666666664
2026-01-20 22:00:00,2026-01-20,22,1,1,28,28.0,34.0,51.0,55.125,60.583333333333336
2026-01-20 23:00:00,2026-01-20,23,1,1,16,28.0,15.0,27.0,54.875,60.44642857142857
2026-01-21 00:00:00,2026-01-21,0,2,1,10,16.0,14.0,16.0,54.916666666666664,60.38095238095238
2026-01-21 01:00:00,2026-01-21,1,2,1,3,10.0,4.0,6.0,54.75,60.345238095238095
2026-01-21 02:00:00,2026-01-21,2,2,1,3,3.0,1.0,2.0,54.708333333333336,60.32738095238095
2026-01-21 03:00:00,2026-01-21,3,2,1,0,3.0,1.0,1.0,54.791666666666664,60.333333333333336
2026-01-21 04:00:00,2026-01-21,4,2,1,12,0.0,7.0,14.0,54.75,60.32738095238095
2026-01-21 05:00:00,2026-01-21,5,2,1,32,12.0,27.0,38.0,54.958333333333336,60.31547619047619
2026-01-21 06:00:00,2026-01-21,6,2,1,75,32.0,57.0,98.0,55.166666666666664,60.279761904761905
2026-01-21 07:00:00,2026-01-21,7,2,1,131,75.0,94.0,215.0,55.916666666666664,60.142857142857146
2026-01-21 08:00:00,2026-01-21,8,2,1,134,131.0,113.0,252.0,57.458333333333336,59.642857142857146
2026-01-21 09:00:00,2026-01-21,9,2,1,59,134.0,59.0,98.0,58.333333333333336,58.94047619047619
2026-01-21 10:00:00,2026-01-21,10,2,1,42,59.0,42.0,75.0,58.333333333333336,58.708333333333336
2026-01-21 11:00:00,2026-01-21,11,2,1,44,42.0,41.0,87.0,58.333333333333336,58.51190476190476
2026-01-21 12:00:00,2026-01-21,12,2,1,47,44.0,51.0,84.0,58.458333333333336,58.25595238095238
2026-01-21 13:00:00,2026-01-21,13,2,1,70,47.0,35.0,79.0,58.291666666666664,58.035714285714285
2026-01-21 14:00:00,2026-01-21,14,2,1,72,70.0,55.0,96.0,59.75,57.982142857142854
2026-01-21 15:00:00,2026-01-21,15,2,1,107,72.0,67.0,127.0,60.458333333333336,57.839285714285715
2026-01-21 16:00:00,2026-01-21,16,2,1,130,107.0,82.0,194.0,62.125,57.720238095238095
2026-01-21 17:00:00,2026-01-21,17,2,1,198,130.0,166.0,276.0,64.125,57.339285714285715
2026-01-21 18:00:00,2026-01-21,18,2,1,163,198.0,154.0,215.0,65.45833333333333,56.875
2026-01-21 19:00:00,2026-01-21,19,2,1,98,163.0,94.0,136.0,65.83333333333333,56.56547619047619
2026-01-21 20:00:00,2026-01-21,20,2,1,62,98.0,82.0,103.0,66.0,56.339285714285715
2026-01-21 21:00:00,2026-01-21,21,2,1,43,62.0,28.0,89.0,65.16666666666667,56.095238095238095
2026-01-21 22:00:00,2026-01-21,22,2,1,27,43.0,28.0,55.0,65.79166666666667,55.82142857142857
2026-01-21 23:00:00,2026-01-21,23,2,1,24,27.0,16.0,28.0,65.75,55.654761904761905
2026-01-22 00:00:00,2026-01-22,0,3,1,4,24.0,10.0,9.0,66.08333333333333,55.63095238095238
2026-01-22 01:00:00,2026-01-22,1,3,1,6,4.0,3.0,7.0,65.83333333333333,55.601190476190474
2026-01-22 02:00:00,2026-01-22,2,3,1,3,6.0,3.0,4.0,65.95833333333333,55.595238095238095
2026-01-22 03:00:00,2026-01-22,3,3,1,1,3.0,0.0,3.0,65.95833333333333,55.589285714285715
2026-01-22 04:00:00,2026-01-22,4,3,1,8,1.0,12.0,12.0,66.0,55.57738095238095
2026-01-22 05:00:00,2026-01-22,5,3,1,25,8.0,32.0,35.0,65.83333333333333,55.55357142857143
2026-01-22 06:00:00,2026-01-22,6,3,1,59,25.0,75.0,84.0,65.54166666666667,55.49404761904762
2026-01-22 07:00:00,2026-01-22,7,3,1,145,59.0,131.0,177.0,64.875,55.345238095238095
2026-01-22 08:00:00,2026-01-22,8,3,1,214,145.0,134.0,263.0,65.45833333333333,55.154761904761905
2026-01-22 09:00:00,2026-01-22,9,3,1,94,214.0,59.0,120.0,68.79166666666667,54.86309523809524
2026-01-22 10:00:00,2026-01-22,10,3,1,55,94.0,42.0,67.0,70.25,54.708333333333336
2026-01-22 11:00:00,2026-01-22,11,3,1,69,55.0,44.0,83.0,70.79166666666667,54.63690476190476
2026-01-22 12:00:00,2026-01-22,12,3,1,89,69.0,47.0,69.0,71.83333333333333,54.55357142857143
2026-01-22 13:00:00,2026-01-22,13,3,1,69,89.0,70.0,62.0,73.58333333333333,54.67261904761905
2026-01-22 14:00:00,2026-01-22,14,3,1,64,69.0,72.0,81.0,73.54166666666667,54.714285714285715
2026-01-22 15:00:00,2026-01-22,15,3,1,123,64.0,107.0,121.0,73.20833333333333,54.61309523809524
2026-01-22 16:00:00,2026-01-22,16,3,1,160,123.0,130.0,153.0,73.875,54.625
2026-01-22 17:00:00,2026-01-22,17,3,1,229,160.0,198.0,229.0,75.125,54.666666666666664
2026-01-22 18:00:00,2026-01-22,18,3,1,230,229.0,163.0,189.0,76.41666666666667,54.666666666666664
2026-01-22 19:00:00,2026-01-22,19,3,1,138,230.0,98.0,134.0,79.20833333333333,54.910714285714285
2026-01-22 20:00:00,2026-01-22,20,3,1,85,138.0,62.0,73.0,80.875,54.93452380952381
2026-01-22 21:00:00,2026-01-22,21,3,1,73,85.0,43.0,63.0,81.83333333333333,55.00595238095238
2026-01-22 22:00:00,2026-01-22,22,3,1,42,73.0,27.0,37.0,83.08333333333333,55.06547619047619
2026-01-22 23:00:00,2026-01-22,23,3,1,18,42.0,24.0,19.0,83.70833333333333,55.095238095238095
2026-01-23 00:00:00,2026-01-23,0,4,1,15,18.0,4.0,13.0,83.45833333333333,55.089285714285715
2026-01-23 01:00:00,2026-01-23,1,4,1,7,15.0,6.0,2.0,83.91666666666667,55.101190476190474
2026-01-23 02:00:00,2026-01-23,2,4,1,2,7.0,3.0,4.0,83.95833333333333,55.13095238095238
2026-01-23 03:00:00,2026-01-23,3,4,1,1,2.0,1.0,2.0,83.91666666666667,55.11904761904762
2026-01-23 04:00:00,2026-01-23,4,4,1,6,1.0,8.0,9.0,83.91666666666667,55.11309523809524
2026-01-23 05:00:00,2026-01-23,5,4,1,28,6.0,25.0,25.0,83.83333333333333,55.095238095238095
2026-01-23 06:00:00,2026-01-23,6,4,1,66,28.0,59.0,79.0,83.95833333333333,55.11309523809524
2026-01-23 07:00:00,2026-01-23,7,4,1,119,66.0,145.0,120.0,84.25,55.035714285714285
2026-01-23 08:00:00,2026-01-23,8,4,1,143,119.0,214.0,133.0,83.16666666666667,55.029761904761905
2026-01-23 09:00:00,2026-01-23,9,4,1,106,143.0,94.0,78.0,80.20833333333333,55.089285714285715
2026-01-23 10:00:00,2026-01-23,10,4,1,68,106.0,55.0,79.0,80.70833333333333,55.25595238095238
2026-01-23 11:00:00,2026-01-23,11,4,1,84,68.0,69.0,90.0,81.25,55.19047619047619
2026-01-23 12:00:00,2026-01-23,12,4,1,96,84.0,89.0,88.0,81.875,55.154761904761905
2026-01-23 13:00:00,2026-01-23,13,4,1,90,96.0,69.0,102.0,82.16666666666667,55.20238095238095
2026-01-23 14:00:00,2026-01-23,14,4,1,99,90.0,64.0,101.0,83.04166666666667,55.13095238095238
2026-01-23 15:00:00,2026-01-23,15,4,1,139,99.0,123.0,135.0,84.5,55.11904761904762
2026-01-23 16:00:00,2026-01-23,16,4,1,161,139.0,160.0,171.0,85.16666666666667,55.142857142857146
2026-01-23 17:00:00,2026-01-23,17,4,1,209,161.0,229.0,189.0,85.20833333333333,55.083333333333336
2026-01-23 18:00:00,2026-01-23,18,4,1,152,209.0,230.0,154.0,84.375,55.20238095238095
2026-01-23 19:00:00,2026-01-23,19,4,1,93,152.0,138.0,122.0,81.125,55.19047619047619
2026-01-23 20:00:00,2026-01-23,20,4,1,61,93.0,85.0,70.0,79.25,55.017857142857146
2026-01-23 21:00:00,2026-01-23,21,4,1,47,61.0,73.0,66.0,78.25,54.964285714285715
2026-01-23 22:00:00,2026-01-23,22,4,1,41,47.0,42.0,36.0,77.16666666666667,54.851190476190474
2026-01-23 23:00:00,2026-01-23,23,4,1,32,41.0,18.0,39.0,77.125,54.88095238095238
2026-01-24 00:00:00,2026-01-24,0,5,1,11,32.0,15.0,18.0,77.70833333333333,54.839285714285715
2026-01-24 01:00:00,2026-01-24,1,5,1,12,11.0,7.0,14.0,77.54166666666667,54.79761904761905
2026-01-24 02:00:00,2026-01-24,2,5,1,7,12.0,2.0,13.0,77.75,54.785714285714285
2026-01-24 03:00:00,2026-01-24,3,5,1,5,7.0,1.0,5.0,77.95833333333333,54.75
2026-01-24 04:00:00,2026-01-24,4,5,1,2,5.0,6.0,6.0,78.125,54.75
2026-01-24 05:00:00,2026-01-24,5,5,1,8,2.0,28.0,14.0,77.95833333333333,54.726190476190474
2026-01-24 06:00:00,2026-01-24,6,5,1,7,8.0,66.0,4.0,77.125,54.69047619047619
2026-01-24 07:00:00,2026-01-24,7,5,1,27,7.0,119.0,39.0,74.66666666666667,54.708333333333336
2026-01-24 08:00:00,2026-01-24,8,5,1,44,27.0,143.0,62.0,70.83333333333333,54.63690476190476
2026-01-24 09:00:00,2026-01-24,9,5,1,67,44.0,106.0,99.0,66.70833333333333,54.529761904761905
2026-01-24 10:00:00,2026-01-24,10,5,1,69,67.0,68.0,105.0,65.08333333333333,54.339285714285715
2026-01-24 11:00:00,2026-01-24,11,5,1,85,69.0,84.0,91.0,65.125,54.125
2026-01-24 12:00:00,2026-01-24,12,5,1,80,85.0,96.0,35.0,65.16666666666667,54.089285714285715
2026-01-24 13:00:00,2026-01-24,13,5,1,98,80.0,90.0,30.0,64.5,54.357142857142854
2026-01-24 14:00:00,2026-01-24,14,5,1,76,98.0,99.0,39.0,64.83333333333333,54.76190476190476
2026-01-24 15:00:00,2026-01-24,15,5,1,98,76.0,139.0,53.0,63.875,54.982142857142854
2026-01-24 16:00:00,2026-01-24,16,5,1,68,98.0,161.0,52.0,62.166666666666664,55.25
2026-01-24 17:00:00,2026-01-24,17,5,1,69,68.0,209.0,49.0,58.291666666666664,55.345238095238095
2026-01-24 18:00:00,2026-01-24,18,5,1,62,69.0,152.0,40.0,52.458333333333336,55.464285714285715
2026-01-24 19:00:00,2026-01-24,19,5,1,44,62.0,93.0,32.0,48.708333333333336,55.595238095238095
2026-01-24 20:00:00,2026-01-24,20,5,1,28,44.0,61.0,24.0,46.666666666666664,55.666666666666664
2026-01-24 21:00:00,2026-01-24,21,5,1,30,28.0,47.0,32.0,45.291666666666664,55.69047619047619
2026-01-24 22:00:00,2026-01-24,22,5,1,20,30.0,41.0,35.0,44.583333333333336,55.67857142857143
2026-01-24 23:00:00,2026-01-24,23,5,1,25,20.0,32.0,30.0,43.708333333333336,55.589285714285715
2026-01-25 00:00:00,2026-01-25,0,6,1,22,25.0,11.0,20.0,43.416666666666664,55.55952380952381
2026-01-25 01:00:00,2026-01-25,1,6,1,13,22.0,12.0,17.0,43.875,55.57142857142857
2026-01-25 02:00:00,2026-01-25,2,6,1,11,13.0,7.0,13.0,43.916666666666664,55.54761904761905
2026-01-25 03:00:00,2026-01-25,3,6,1,3,11.0,5.0,10.0,44.083333333333336,55.535714285714285
2026-01-25 04:00:00,2026-01-25,4,6,1,2,3.0,2.0,6.0,44.0,55.49404761904762
2026-01-25 05:00:00,2026-01-25,5,6,1,6,2.0,8.0,3.0,44.0,55.470238095238095
2026-01-25 06:00:00,2026-01-25,6,6,1,4,6.0,7.0,5.0,43.916666666666664,55.48809523809524
2026-01-25 07:00:00,2026-01-25,7,6,1,1,4.0,27.0,9.0,43.791666666666664,55.482142857142854
2026-01-25 08:00:00,2026-01-25,8,6,1,4,1.0,44.0,18.0,42.708333333333336,55.43452380952381
2026-01-25 09:00:00,2026-01-25,9,6,1,2,4.0,67.0,28.0,41.041666666666664,55.351190476190474
2026-01-25 10:00:00,2026-01-25,10,6,1,3,2.0,69.0,32.0,38.333333333333336,55.19642857142857
2026-01-25 11:00:00,2026-01-25,11,6,1,2,3.0,85.0,58.0,35.583333333333336,55.023809523809526
2026-01-25 12:00:00,2026-01-25,12,6,1,0,2.0,80.0,52.0,32.125,54.69047619047619
2026-01-25 13:00:00,2026-01-25,13,6,1,0,0.0,98.0,43.0,28.791666666666668,54.38095238095238
2026-01-25 14:00:00,2026-01-25,14,6,1,0,0.0,76.0,49.0,24.708333333333332,54.125
2026-01-25 15:00:00,2026-01-25,15,6,1,0,0.0,98.0,39.0,21.541666666666668,53.833333333333336
2026-01-25 16:00:00,2026-01-25,16,6,1,0,0.0,68.0,47.0,17.458333333333332,53.601190476190474
2026-01-25 17:00:00,2026-01-25,17,6,1,0,0.0,69.0,41.0,14.625,53.32142857142857
2026-01-25 18:00:00,2026-01-25,18,6,1,0,0.0,62.0,15.0,11.75,53.07738095238095
2026-01-25 19:00:00,2026-01-25,19,6,1,0,0.0,44.0,12.0,9.166666666666666,52.98809523809524
2026-01-25 20:00:00,2026-01-25,20,6,1,0,0.0,28.0,19.0,7.333333333333333,52.916666666666664
2026-01-25 21:00:00,2026-01-25,21,6,1,0,0.0,30.0,11.0,6.166666666666667,52.80357142857143
2026-01-25 22:00:00,2026-01-25,22,6,1,0,0.0,20.0,14.0,4.916666666666667,52.73809523809524
2026-01-25 23:00:00,2026-01-25,23,6,1,0,0.0,25.0,14.0,4.083333333333333,52.654761904761905
2026-01-26 00:00:00,2026-01-26,0,0,1,0,0.0,22.0,7.0,3.0416666666666665,52.57142857142857
2026-01-26 01:00:00,2026-01-26,1,0,1,0,0.0,13.0,8.0,2.125,52.529761904761905
2026-01-26 02:00:00,2026-01-26,2,0,1,0,0.0,11.0,4.0,1.5833333333333333,52.482142857142854
2026-01-26 03:00:00,2026-01-26,3,0,1,0,0.0,3.0,0.0,1.125,52.458333333333336
2026-01-26 04:00:00,2026-01-26,4,0,1,0,0.0,2.0,2.0,1.0,52.458333333333336
2026-01-26 05:00:00,2026-01-26,5,0,1,0,0.0,6.0,8.0,0.9166666666666666,52.44642857142857
2026-01-26 06:00:00,2026-01-26,6,0,1,0,0.0,4.0,13.0,0.6666666666666666,52.398809523809526
2026-01-26 07:00:00,2026-01-26,7,0,1,2,0.0,1.0,12.0,0.5,52.32142857142857
2026-01-26 08:00:00,2026-01-26,8,0,1,1,2.0,4.0,37.0,0.5416666666666666,52.26190476190476
2026-01-26 09:00:00,2026-01-26,9,0,1,6,1.0,2.0,44.0,0.4166666666666667,52.04761904761905
2026-01-26 10:00:00,2026-01-26,10,0,1,5,6.0,3.0,48.0,0.5833333333333334,51.82142857142857
2026-01-26 11:00:00,2026-01-26,11,0,1,6,5.0,2.0,73.0,0.6666666666666666,51.56547619047619
2026-01-26 12:00:00,2026-01-26,12,0,1,6,6.0,0.0,76.0,0.8333333333333334,51.166666666666664
2026-01-26 13:00:00,2026-01-26,13,0,1,11,6.0,0.0,66.0,1.0833333333333333,50.75
2026-01-26 14:00:00,2026-01-26,14,0,1,9,11.0,0.0,68.0,1.5416666666666667,50.42261904761905
2026-01-26 15:00:00,2026-01-26,15,0,1,7,9.0,0.0,63.0,1.9166666666666667,50.07142857142857
2026-01-26 16:00:00,2026-01-26,16,0,1,16,7.0,0.0,76.0,2.2083333333333335,49.73809523809524
2026-01-26 17:00:00,2026-01-26,17,0,1,12,16.0,0.0,69.0,2.875,49.38095238095238
2026-01-26 18:00:00,2026-01-26,18,0,1,17,12.0,0.0,76.0,3.375,49.041666666666664
2026-01-26 19:00:00,2026-01-26,19,0,1,7,17.0,0.0,59.0,4.083333333333333,48.69047619047619
2026-01-26 20:00:00,2026-01-26,20,0,1,4,7.0,0.0,53.0,4.375,48.38095238095238
2026-01-26 21:00:00,2026-01-26,21,0,1,4,4.0,0.0,34.0,4.541666666666667,48.089285714285715
2026-01-26 22:00:00,2026-01-26,22,0,1,5,4.0,0.0,34.0,4.708333333333333,47.910714285714285
2026-01-26 23:00:00,2026-01-26,23,0,1,4,5.0,0.0,15.0,4.916666666666667,47.73809523809524
2026-01-27 00:00:00,2026-01-27,0,1,1,1,4.0,0.0,14.0,5.083333333333333,47.67261904761905
2026-01-27 01:00:00,2026-01-27,1,1,1,1,1.0,0.0,4.0,5.125,47.595238095238095
2026-01-27 02:00:00,2026-01-27,2,1,1,1,1.0,0.0,1.0,5.166666666666667,47.57738095238095
2026-01-27 03:00:00,2026-01-27,3,1,1,0,1.0,0.0,1.0,5.208333333333333,47.57738095238095
2026-01-27 04:00:00,2026-01-27,4,1,1,1,0.0,0.0,7.0,5.208333333333333,47.57142857142857
2026-01-27 05:00:00,2026-01-27,5,1,1,8,1.0,0.0,27.0,5.25,47.535714285714285
2026-01-27 06:00:00,2026-01-27,6,1,1,13,8.0,0.0,57.0,5.583333333333333,47.42261904761905
2026-01-27 07:00:00,2026-01-27,7,1,1,18,13.0,2.0,94.0,6.125,47.160714285714285
2026-01-27 08:00:00,2026-01-27,8,1,1,31,18.0,1.0,113.0,6.791666666666667,46.708333333333336
2026-01-27 09:00:00,2026-01-27,9,1,1,17,31.0,6.0,59.0,8.041666666666666,46.220238095238095
2026-01-27 10:00:00,2026-01-27,10,1,1,8,17.0,5.0,42.0,8.5,45.970238095238095
2026-01-27 11:00:00,2026-01-27,11,1,1,11,8.0,6.0,41.0,8.625,45.767857142857146
2026-01-27 12:00:00,2026-01-27,12,1,1,10,11.0,6.0,51.0,8.833333333333334,45.589285714285715
2026-01-27 13:00:00,2026-01-27,13,1,1,10,10.0,11.0,35.0,9.0,45.345238095238095
2026-01-27 14:00:00,2026-01-27,14,1,1,11,10.0,9.0,55.0,8.958333333333334,45.19642857142857
2026-01-27 15:00:00,2026-01-27,15,1,1,13,11.0,7.0,67.0,9.041666666666666,44.93452380952381
2026-01-27 16:00:00,2026-01-27,16,1,1,24,13.0,16.0,82.0,9.291666666666666,44.61309523809524
2026-01-27 17:00:00,2026-01-27,17,1,1,29,24.0,12.0,166.0,9.625,44.267857142857146
2026-01-27 18:00:00,2026-01-27,18,1,1,34,29.0,17.0,154.0,10.333333333333334,43.45238095238095
2026-01-27 19:00:00,2026-01-27,19,1,1,40,34.0,7.0,94.0,11.041666666666666,42.73809523809524
2026-01-27 20:00:00,2026-01-27,20,1,1,15,40.0,4.0,82.0,12.416666666666666,42.416666666666664
2026-01-27 21:00:00,2026-01-27,21,1,1,14,15.0,4.0,28.0,12.875,42.017857142857146
2026-01-27 22:00:00,2026-01-27,22,1,1,12,14.0,5.0,28.0,13.291666666666666,41.93452380952381
2026-01-27 23:00:00,2026-01-27,23,1,1,7,12.0,4.0,16.0,13.583333333333334,41.839285714285715
2026-01-28 00:00:00,2026-01-28,0,2,1,4,7.0,1.0,10.0,13.708333333333334,41.785714285714285
2026-01-28 01:00:00,2026-01-28,1,2,1,2,4.0,1.0,3.0,13.833333333333334,41.75
2026-01-28 02:00:00,2026-01-28,2,2,1,0,2.0,1.0,3.0,13.875,41.74404761904762
2026-01-28 03:00:00,2026-01-28,3,2,1,1,0.0,0.0,0.0,13.833333333333334,41.726190476190474
2026-01-28 04:00:00,2026-01-28,4,2,1,2,1.0,1.0,12.0,13.875,41.732142857142854
2026-01-28 05:00:00,2026-01-28,5,2,1,11,2.0,8.0,32.0,13.916666666666666,41.67261904761905
2026-01-28 06:00:00,2026-01-28,6,2,1,14,11.0,13.0,75.0,14.041666666666666,41.54761904761905
2026-01-28 07:00:00,2026-01-28,7,2,1,27,14.0,18.0,131.0,14.083333333333334,41.18452380952381
2026-01-28 08:00:00,2026-01-28,8,2,1,58,27.0,31.0,134.0,14.458333333333334,40.56547619047619
2026-01-28 09:00:00,2026-01-28,9,2,1,12,58.0,17.0,59.0,15.583333333333334,40.11309523809524
2026-01-28 10:00:00,2026-01-28,10,2,1,11,12.0,8.0,42.0,15.375,39.833333333333336
2026-01-28 11:00:00,2026-01-28,11,2,1,16,11.0,11.0,44.0,15.5,39.648809523809526
2026-01-28 12:00:00,2026-01-28,12,2,1,22,16.0,10.0,47.0,15.708333333333334,39.482142857142854
2026-01-28 13:00:00,2026-01-28,13,2,1,15,22.0,10.0,70.0,16.208333333333332,39.333333333333336
2026-01-28 14:00:00,2026-01-28,14,2,1,22,15.0,11.0,72.0,16.416666666666668,39.00595238095238
2026-01-28 15:00:00,2026-01-28,15,2,1,35,22.0,13.0,107.0,16.875,38.708333333333336
2026-01-28 16:00:00,2026-01-28,16,2,1,26,35.0,24.0,130.0,17.791666666666668,38.279761904761905
2026-01-28 17:00:00,2026-01-28,17,2,1,37,26.0,29.0,198.0,17.875,37.660714285714285
2026-01-28 18:00:00,2026-01-28,18,2,1,40,37.0,34.0,163.0,18.208333333333332,36.70238095238095
2026-01-28 19:00:00,2026-01-28,19,2,1,39,40.0,40.0,98.0,18.458333333333332,35.970238095238095
2026-01-28 20:00:00,2026-01-28,20,2,1,14,39.0,15.0,62.0,18.416666666666668,35.61904761904762
2026-01-28 21:00:00,2026-01-28,21,2,1,19,14.0,14.0,43.0,18.375,35.333333333333336
2026-01-28 22:00:00,2026-01-28,22,2,1,16,19.0,12.0,27.0,18.583333333333332,35.19047619047619
2026-01-28 23:00:00,2026-01-28,23,2,1,2,16.0,7.0,24.0,18.75,35.125
2026-01-29 00:00:00,2026-01-29,0,3,1,0,2.0,4.0,4.0,18.541666666666668,34.99404761904762
2026-01-29 01:00:00,2026-01-29,1,3,1,1,0.0,2.0,6.0,18.375,34.970238095238095
2026-01-29 02:00:00,2026-01-29,2,3,1,0,1.0,0.0,3.0,18.333333333333332,34.94047619047619
2026-01-29 03:00:00,2026-01-29,3,3,1,2,0.0,1.0,1.0,18.333333333333332,34.92261904761905
2026-01-29 04:00:00,2026-01-29,4,3,1,2,2.0,2.0,8.0,18.375,34.92857142857143
2026-01-29 05:00:00,2026-01-29,5,3,1,10,2.0,11.0,25.0,18.375,34.892857142857146
2026-01-29 06:00:00,2026-01-29,6,3,1,14,10.0,14.0,59.0,18.333333333333332,34.80357142857143
2026-01-29 07:00:00,2026-01-29,7,3,1,31,14.0,27.0,145.0,18.333333333333332,34.535714285714285
2026-01-29 08:00:00,2026-01-29,8,3,1,42,31.0,58.0,214.0,18.5,33.857142857142854
2026-01-29 09:00:00,2026-01-29,9,3,1,20,42.0,12.0,94.0,17.833333333333332,32.833333333333336
2026-01-29 10:00:00,2026-01-29,10,3,1,13,20.0,11.0,55.0,18.166666666666668,32.392857142857146
2026-01-29 11:00:00,2026-01-29,11,3,1,13,13.0,16.0,69.0,18.25,32.142857142857146
2026-01-29 12:00:00,2026-01-29,12,3,1,16,13.0,22.0,89.0,18.125,31.80952380952381
2026-01-29 13:00:00,2026-01-29,13,3,1,21,16.0,15.0,69.0,17.875,31.375
2026-01-29 14:00:00,2026-01-29,14,3,1,25,21.0,22.0,64.0,18.125,31.089285714285715
2026-01-29 15:00:00,2026-01-29,15,3,1,37,25.0,35.0,123.0,18.25,30.857142857142858
2026-01-29 16:00:00,2026-01-29,16,3,1,29,37.0,26.0,160.0,18.333333333333332,30.345238095238095
2026-01-29 17:00:00,2026-01-29,17,3,1,38,29.0,37.0,229.0,18.458333333333332,29.56547619047619
2026-01-29 18:00:00,2026-01-29,18,3,1,51,38.0,40.0,230.0,18.5,28.428571428571427
2026-01-29 19:00:00,2026-01-29,19,3,1,27,51.0,39.0,138.0,18.958333333333332,27.363095238095237
2026-01-29 20:00:00,2026-01-29,20,3,1,15,27.0,14.0,85.0,18.458333333333332,26.702380952380953
2026-01-29 21:00:00,2026-01-29,21,3,1,12,15.0,19.0,73.0,18.5,26.285714285714285
2026-01-29 22:00:00,2026-01-29,22,3,1,7,12.0,16.0,42.0,18.208333333333332,25.922619047619047
2026-01-29 23:00:00,2026-01-29,23,3,1,9,7.0,2.0,18.0,17.833333333333332,25.714285714285715
2026-01-30 00:00:00,2026-01-30,0,4,1,1,9.0,0.0,15.0,18.125,25.660714285714285
2026-01-30 01:00:00,2026-01-30,1,4,1,1,1.0,1.0,7.0,18.166666666666668,25.577380952380953
2026-01-30 02:00:00,2026-01-30,2,4,1,2,1.0,0.0,2.0,18.166666666666668,25.541666666666668
2026-01-30 03:00:00,2026-01-30,3,4,1,0,2.0,2.0,1.0,18.25,25.541666666666668
2026-01-30 04:00:00,2026-01-30,4,4,1,2,0.0,2.0,6.0,18.166666666666668,25.535714285714285
2026-01-30 05:00:00,2026-01-30,5,4,1,7,2.0,10.0,28.0,18.166666666666668,25.511904761904763
2026-01-30 06:00:00,2026-01-30,6,4,1,8,7.0,14.0,66.0,18.041666666666668,25.386904761904763
2026-01-30 07:00:00,2026-01-30,7,4,1,21,8.0,31.0,119.0,17.791666666666668,25.041666666666668
2026-01-30 08:00:00,2026-01-30,8,4,1,22,21.0,42.0,143.0,17.375,24.458333333333332
2026-01-30 09:00:00,2026-01-30,9,4,1,22,22.0,20.0,106.0,16.541666666666668,23.738095238095237
2026-01-30 10:00:00,2026-01-30,10,4,1,18,22.0,13.0,68.0,16.625,23.238095238095237
2026-01-30 11:00:00,2026-01-30,11,4,1,16,18.0,13.0,84.0,16.833333333333332,22.94047619047619
2026-01-30 12:00:00,2026-01-30,12,4,1,26,16.0,16.0,96.0,16.958333333333332,22.535714285714285
2026-01-30 13:00:00,2026-01-30,13,4,1,22,26.0,21.0,90.0,17.375,22.11904761904762
2026-01-30 14:00:00,2026-01-30,14,4,1,21,22.0,25.0,99.0,17.416666666666668,21.714285714285715
2026-01-30 15:00:00,2026-01-30,15,4,1,31,21.0,37.0,139.0,17.25,21.25
2026-01-30 16:00:00,2026-01-30,16,4,1,38,31.0,29.0,161.0,17.0,20.607142857142858
2026-01-30 17:00:00,2026-01-30,17,4,1,63,38.0,38.0,209.0,17.375,19.875
2026-01-30 18:00:00,2026-01-30,18,4,1,26,63.0,51.0,152.0,18.416666666666668,19.00595238095238
2026-01-30 19:00:00,2026-01-30,19,4,1,24,26.0,27.0,93.0,17.375,18.25595238095238
2026-01-30 20:00:00,2026-01-30,20,4,1,21,24.0,15.0,61.0,17.25,17.845238095238095
2026-01-30 21:00:00,2026-01-30,21,4,1,11,21.0,12.0,47.0,17.5,17.607142857142858
2026-01-30 22:00:00,2026-01-30,22,4,1,10,11.0,7.0,41.0,17.458333333333332,17.392857142857142
2026-01-30 23:00:00,2026-01-30,23,4,1,6,10.0,9.0,32.0,17.583333333333332,17.208333333333332
2026-01-31 00:00:00,2026-01-31,0,5,1,6,6.0,1.0,11.0,17.458333333333332,17.053571428571427
2026-01-31 01:00:00,2026-01-31,1,5,1,3,6.0,1.0,12.0,17.666666666666668,17.023809523809526
2026-01-31 02:00:00,2026-01-31,2,5,1,2,3.0,2.0,7.0,17.75,16.970238095238095
2026-01-31 03:00:00,2026-01-31,3,5,1,2,2.0,0.0,5.0,17.75,16.94047619047619
2026-01-31 04:00:00,2026-01-31,4,5,1,1,2.0,2.0,2.0,17.833333333333332,16.922619047619047
2026-01-31 05:00:00,2026-01-31,5,5,1,1,1.0,7.0,8.0,17.791666666666668,16.916666666666668
2026-01-31 06:00:00,2026-01-31,6,5,1,2,1.0,8.0,7.0,17.541666666666668,16.875
2026-01-31 07:00:00,2026-01-31,7,5,1,10,2.0,21.0,27.0,17.291666666666668,16.845238095238095
2026-01-31 08:00:00,2026-01-31,8,5,1,13,10.0,22.0,44.0,16.833333333333332,16.74404761904762
2026-01-31 09:00:00,2026-01-31,9,5,1,23,13.0,22.0,67.0,16.458333333333332,16.55952380952381
2026-01-31 10:00:00,2026-01-31,10,5,1,32,23.0,18.0,69.0,16.5,16.297619047619047
2026-01-31 11:00:00,2026-01-31,11,5,1,34,32.0,16.0,85.0,17.083333333333332,16.077380952380953
2026-01-31 12:00:00,2026-01-31,12,5,1,29,34.0,26.0,80.0,17.833333333333332,15.773809523809524
2026-01-31 13:00:00,2026-01-31,13,5,1,33,29.0,22.0,98.0,17.958333333333332,15.470238095238095
2026-01-31 14:00:00,2026-01-31,14,5,1,36,33.0,21.0,76.0,18.416666666666668,15.083333333333334
2026-01-31 15:00:00,2026-01-31,15,5,1,34,36.0,31.0,98.0,19.041666666666668,14.845238095238095
2026-01-31 16:00:00,2026-01-31,16,5,1,31,34.0,38.0,68.0,19.166666666666668,14.464285714285714
2026-01-31 17:00:00,2026-01-31,17,5,1,40,31.0,63.0,69.0,18.875,14.244047619047619
2026-01-31 18:00:00,2026-01-31,18,5,1,20,40.0,26.0,62.0,17.916666666666668,14.071428571428571
2026-01-31 19:00:00,2026-01-31,19,5,1,17,20.0,24.0,44.0,17.666666666666668,13.821428571428571
2026-01-31 20:00:00,2026-01-31,20,5,1,11,17.0,21.0,28.0,17.375,13.660714285714286
2026-01-31 21:00:00,2026-01-31,21,5,1,10,11.0,11.0,30.0,16.958333333333332,13.55952380952381
2026-01-31 22:00:00,2026-01-31,22,5,1,7,10.0,10.0,20.0,16.916666666666668,13.44047619047619
2026-01-31 23:00:00,2026-01-31,23,5,1,8,7.0,6.0,25.0,16.791666666666668,13.363095238095237
2026-02-01 00:00:00,2026-02-01,0,6,2,4,8.0,6.0,22.0,16.875,13.261904761904763
2026-02-01 01:00:00,2026-02-01,1,6,2,2,4.0,3.0,13.0,16.791666666666668,13.154761904761905
2026-02-01 02:00:00,2026-02-01,2,6,2,4,2.0,2.0,11.0,16.75,13.089285714285714
2026-02-01 03:00:00,2026-02-01,3,6,2,3,4.0,2.0,3.0,16.833333333333332,13.047619047619047
2026-02-01 04:00:00,2026-02-01,4,6,2,1,3.0,1.0,2.0,16.875,13.047619047619047
2026-02-01 05:00:00,2026-02-01,5,6,2,1,1.0,1.0,6.0,16.875,13.041666666666666
2026-02-01 06:00:00,2026-02-01,6,6,2,3,1.0,2.0,4.0,16.875,13.011904761904763
2026-02-01 07:00:00,2026-02-01,7,6,2,2,3.0,10.0,1.0,16.916666666666668,13.005952380952381
2026-02-01 08:00:00,2026-02-01,8,6,2,12,2.0,13.0,4.0,16.583333333333332,13.011904761904763
2026-02-01 09:00:00,2026-02-01,9,6,2,17,12.0,23.0,2.0,16.541666666666668,13.05952380952381
2026-02-01 10:00:00,2026-02-01,10,6,2,23,17.0,32.0,3.0,16.291666666666668,13.148809523809524
2026-02-01 11:00:00,2026-02-01,11,6,2,26,23.0,34.0,2.0,15.916666666666666,13.267857142857142
2026-02-01 12:00:00,2026-02-01,12,6,2,26,26.0,29.0,0.0,15.583333333333334,13.410714285714286
2026-02-01 13:00:00,2026-02-01,13,6,2,36,26.0,33.0,0.0,15.458333333333334,13.56547619047619
2026-02-01 14:00:00,2026-02-01,14,6,2,32,36.0,36.0,0.0,15.583333333333334,13.779761904761905
2026-02-01 15:00:00,2026-02-01,15,6,2,22,32.0,34.0,0.0,15.416666666666666,13.970238095238095
2026-02-01 16:00:00,2026-02-01,16,6,2,20,22.0,31.0,0.0,14.916666666666666,14.101190476190476
2026-02-01 17:00:00,2026-02-01,17,6,2,26,20.0,40.0,0.0,14.458333333333334,14.220238095238095
2026-02-01 18:00:00,2026-02-01,18,6,2,20,26.0,20.0,0.0,13.875,14.375
2026-02-01 19:00:00,2026-02-01,19,6,2,13,20.0,17.0,0.0,13.875,14.494047619047619
2026-02-01 20:00:00,2026-02-01,20,6,2,15,13.0,11.0,0.0,13.708333333333334,14.571428571428571
2026-02-01 21:00:00,2026-02-01,21,6,2,6,15.0,10.0,0.0,13.875,14.660714285714286
2026-02-01 22:00:00,2026-02-01,22,6,2,4,6.0,7.0,0.0,13.708333333333334,14.696428571428571
2026-02-01 23:00:00,2026-02-01,23,6,2,4,4.0,8.0,0.0,13.583333333333334,14.720238095238095
2026-02-02 00:00:00,2026-02-02,0,0,2,3,4.0,4.0,0.0,13.416666666666666,14.744047619047619
2026-02-02 01:00:00,2026-02-02,1,0,2,3,3.0,2.0,0.0,13.375,14.761904761904763
2026-02-02 02:00:00,2026-02-02,2,0,2,1,3.0,4.0,0.0,13.416666666666666,14.779761904761905
2026-02-02 03:00:00,2026-02-02,3,0,2,0,1.0,3.0,0.0,13.291666666666666,14.785714285714286
2026-02-02 04:00:00,2026-02-02,4,0,2,2,0.0,1.0,0.0,13.166666666666666,14.785714285714286
2026-02-02 05:00:00,2026-02-02,5,0,2,13,2.0,1.0,0.0,13.208333333333334,14.797619047619047
2026-02-02 06:00:00,2026-02-02,6,0,2,17,13.0,3.0,0.0,13.708333333333334,14.875
2026-02-02 07:00:00,2026-02-02,7,0,2,45,17.0,2.0,2.0,14.291666666666666,14.976190476190476
2026-02-02 08:00:00,2026-02-02,8,0,2,55,45.0,12.0,1.0,16.083333333333332,15.232142857142858
2026-02-02 09:00:00,2026-02-02,9,0,2,23,55.0,17.0,6.0,17.875,15.553571428571429
2026-02-02 10:00:00,2026-02-02,10,0,2,25,23.0,23.0,5.0,18.125,15.654761904761905
2026-02-02 11:00:00,2026-02-02,11,0,2,28,25.0,26.0,6.0,18.208333333333332,15.773809523809524
2026-02-02 12:00:00,2026-02-02,12,0,2,23,28.0,26.0,6.0,18.291666666666668,15.904761904761905
2026-02-02 13:00:00,2026-02-02,13,0,2,27,23.0,36.0,11.0,18.166666666666668,16.00595238095238
2026-02-02 14:00:00,2026-02-02,14,0,2,37,27.0,32.0,9.0,17.791666666666668,16.101190476190474
2026-02-02 15:00:00,2026-02-02,15,0,2,44,37.0,22.0,7.0,18.0,16.267857142857142
2026-02-02 16:00:00,2026-02-02,16,0,2,61,44.0,20.0,16.0,18.916666666666668,16.488095238095237
2026-02-02 17:00:00,2026-02-02,17,0,2,89,61.0,26.0,12.0,20.625,16.75595238095238
2026-02-02 18:00:00,2026-02-02,18,0,2,82,89.0,20.0,17.0,23.25,17.214285714285715
2026-02-02 19:00:00,2026-02-02,19,0,2,46,82.0,13.0,7.0,25.833333333333332,17.601190476190474
2026-02-02 20:00:00,2026-02-02,20,0,2,36,46.0,15.0,4.0,27.208333333333332,17.833333333333332
2026-02-02 21:00:00,2026-02-02,21,0,2,25,36.0,6.0,4.0,28.083333333333332,18.023809523809526
2026-02-02 22:00:00,2026-02-02,22,0,2,14,25.0,4.0,5.0,28.875,18.148809523809526
2026-02-02 23:00:00,2026-02-02,23,0,2,5,14.0,4.0,4.0,29.291666666666668,18.202380952380953
2026-02-03 00:00:00,2026-02-03,0,1,2,4,5.0,3.0,1.0,29.333333333333332,18.208333333333332
2026-02-03 01:00:00,2026-02-03,1,1,2,0,4.0,3.0,1.0,29.375,18.226190476190474
2026-02-03 02:00:00,2026-02-03,2,1,2,0,0.0,1.0,1.0,29.25,18.220238095238095
2026-02-03 03:00:00,2026-02-03,3,1,2,0,0.0,0.0,0.0,29.208333333333332,18.214285714285715
2026-02-03 04:00:00,2026-02-03,4,1,2,8,0.0,2.0,1.0,29.208333333333332,18.214285714285715
2026-02-03 05:00:00,2026-02-03,5,1,2,13,8.0,13.0,8.0,29.458333333333332,18.25595238095238
2026-02-03 06:00:00,2026-02-03,6,1,2,32,13.0,17.0,13.0,29.458333333333332,18.285714285714285
2026-02-03 07:00:00,2026-02-03,7,1,2,61,32.0,45.0,18.0,30.083333333333332,18.398809523809526
2026-02-03 08:00:00,2026-02-03,8,1,2,69,61.0,55.0,31.0,30.75,18.654761904761905
2026-02-03 09:00:00,2026-02-03,9,1,2,31,69.0,23.0,17.0,31.333333333333332,18.88095238095238
2026-02-03 10:00:00,2026-02-03,10,1,2,16,31.0,25.0,8.0,31.666666666666668,18.964285714285715
2026-02-03 11:00:00,2026-02-03,11,1,2,25,16.0,28.0,11.0,31.291666666666668,19.011904761904763
2026-02-03 12:00:00,2026-02-03,12,1,2,36,25.0,23.0,10.0,31.166666666666668,19.095238095238095
2026-02-03 13:00:00,2026-02-03,13,1,2,34,36.0,27.0,10.0,31.708333333333332,19.25
2026-02-03 14:00:00,2026-02-03,14,1,2,33,34.0,37.0,11.0,32.0,19.392857142857142
2026-02-03 15:00:00,2026-02-03,15,1,2,58,33.0,44.0,13.0,31.833333333333332,19.523809523809526
2026-02-03 16:00:00,2026-02-03,16,1,2,67,58.0,61.0,24.0,32.416666666666664,19.791666666666668
2026-02-03 17:00:00,2026-02-03,17,1,2,87,67.0,89.0,29.0,32.666666666666664,20.047619047619047
2026-02-03 18:00:00,2026-02-03,18,1,2,110,87.0,82.0,34.0,32.583333333333336,20.392857142857142
2026-02-03 19:00:00,2026-02-03,19,1,2,57,110.0,46.0,40.0,33.75,20.845238095238095
2026-02-03 20:00:00,2026-02-03,20,1,2,26,57.0,36.0,15.0,34.208333333333336,20.946428571428573
2026-02-03 21:00:00,2026-02-03,21,1,2,21,26.0,25.0,14.0,33.791666666666664,21.011904761904763
2026-02-03 22:00:00,2026-02-03,22,1,2,24,21.0,14.0,12.0,33.625,21.053571428571427
2026-02-03 23:00:00,2026-02-03,23,1,2,8,24.0,5.0,7.0,34.041666666666664,21.125
2026-02-04 00:00:00,2026-02-04,0,2,2,3,8.0,4.0,4.0,34.166666666666664,21.13095238095238
2026-02-04 01:00:00,2026-02-04,1,2,2,3,3.0,0.0,2.0,34.125,21.125
2026-02-04 02:00:00,2026-02-04,2,2,2,1,3.0,0.0,0.0,34.25,21.13095238095238
2026-02-04 03:00:00,2026-02-04,3,2,2,0,1.0,0.0,1.0,34.291666666666664,21.136904761904763
2026-02-04 04:00:00,2026-02-04,4,2,2,4,0.0,8.0,2.0,34.291666666666664,21.13095238095238
2026-02-04 05:00:00,2026-02-04,5,2,2,15,4.0,13.0,11.0,34.125,21.142857142857142
2026-02-04 06:00:00,2026-02-04,6,2,2,29,15.0,32.0,14.0,34.208333333333336,21.166666666666668
2026-02-04 07:00:00,2026-02-04,7,2,2,69,29.0,61.0,27.0,34.083333333333336,21.25595238095238
2026-02-04 08:00:00,2026-02-04,8,2,2,96,69.0,69.0,58.0,34.416666666666664,21.50595238095238
2026-02-04 09:00:00,2026-02-04,9,2,2,35,96.0,31.0,12.0,35.541666666666664,21.732142857142858
2026-02-04 10:00:00,2026-02-04,10,2,2,31,35.0,16.0,11.0,35.708333333333336,21.86904761904762
2026-02-04 11:00:00,2026-02-04,11,2,2,32,31.0,25.0,16.0,36.333333333333336,21.988095238095237
2026-02-04 12:00:00,2026-02-04,12,2,2,28,32.0,36.0,22.0,36.625,22.083333333333332
2026-02-04 13:00:00,2026-02-04,13,2,2,40,28.0,34.0,15.0,36.291666666666664,22.11904761904762
2026-02-04 14:00:00,2026-02-04,14,2,2,41,40.0,33.0,22.0,36.541666666666664,22.267857142857142
2026-02-04 15:00:00,2026-02-04,15,2,2,71,41.0,58.0,35.0,36.875,22.38095238095238
2026-02-04 16:00:00,2026-02-04,16,2,2,71,71.0,67.0,26.0,37.416666666666664,22.595238095238095
2026-02-04 17:00:00,2026-02-04,17,2,2,124,71.0,87.0,37.0,37.583333333333336,22.863095238095237
2026-02-04 18:00:00,2026-02-04,18,2,2,124,124.0,110.0,40.0,39.125,23.38095238095238
2026-02-04 19:00:00,2026-02-04,19,2,2,59,124.0,57.0,39.0,39.708333333333336,23.88095238095238
2026-02-04 20:00:00,2026-02-04,20,2,2,37,59.0,26.0,14.0,39.791666666666664,24.0
2026-02-04 21:00:00,2026-02-04,21,2,2,34,37.0,21.0,19.0,40.25,24.136904761904763
2026-02-04 22:00:00,2026-02-04,22,2,2,18,34.0,24.0,16.0,40.791666666666664,24.226190476190474
2026-02-04 23:00:00,2026-02-04,23,2,2,13,18.0,8.0,2.0,40.541666666666664,24.238095238095237
2026-02-05 00:00:00,2026-02-05,0,3,2,3,13.0,3.0,0.0,40.75,24.303571428571427
2026-02-05 01:00:00,2026-02-05,1,3,2,4,3.0,3.0,1.0,40.75,24.321428571428573
2026-02-05 02:00:00,2026-02-05,2,3,2,0,4.0,1.0,0.0,40.791666666666664,24.339285714285715
2026-02-05 03:00:00,2026-02-05,3,3,2,0,0.0,0.0,2.0,40.75,24.339285714285715
2026-02-05 04:00:00,2026-02-05,4,3,2,4,0.0,4.0,2.0,40.75,24.327380952380953
2026-02-05 05:00:00,2026-02-05,5,3,2,16,4.0,15.0,10.0,40.75,24.339285714285715
2026-02-05 06:00:00,2026-02-05,6,3,2,30,16.0,29.0,14.0,40.791666666666664,24.375
2026-02-05 07:00:00,2026-02-05,7,3,2,79,30.0,69.0,31.0,40.833333333333336,24.470238095238095
2026-02-05 08:00:00,2026-02-05,8,3,2,90,79.0,96.0,42.0,41.25,24.75595238095238
2026-02-05 09:00:00,2026-02-05,9,3,2,46,90.0,35.0,20.0,41.0,25.041666666666668
2026-02-05 10:00:00,2026-02-05,10,3,2,27,46.0,31.0,13.0,41.458333333333336,25.196428571428573
2026-02-05 11:00:00,2026-02-05,11,3,2,35,27.0,32.0,13.0,41.291666666666664,25.279761904761905
2026-02-05 12:00:00,2026-02-05,12,3,2,39,35.0,28.0,16.0,41.416666666666664,25.410714285714285
2026-02-05 13:00:00,2026-02-05,13,3,2,37,39.0,40.0,21.0,41.875,25.547619047619047
2026-02-05 14:00:00,2026-02-05,14,3,2,31,37.0,41.0,25.0,41.75,25.642857142857142
2026-02-05 15:00:00,2026-02-05,15,3,2,60,31.0,71.0,37.0,41.333333333333336,25.678571428571427
2026-02-05 16:00:00,2026-02-05,16,3,2,83,60.0,71.0,29.0,40.875,25.81547619047619
2026-02-05 17:00:00,2026-02-05,17,3,2,124,83.0,124.0,38.0,41.375,26.136904761904763
2026-02-05 18:00:00,2026-02-05,18,3,2,110,124.0,124.0,51.0,41.375,26.648809523809526
2026-02-05 19:00:00,2026-02-05,19,3,2,77,110.0,59.0,27.0,40.791666666666664,27.0
2026-02-05 20:00:00,2026-02-05,20,3,2,64,77.0,37.0,15.0,41.541666666666664,27.297619047619047
2026-02-05 21:00:00,2026-02-05,21,3,2,22,64.0,34.0,12.0,42.666666666666664,27.589285714285715
2026-02-05 22:00:00,2026-02-05,22,3,2,13,22.0,18.0,7.0,42.166666666666664,27.648809523809526
2026-02-05 23:00:00,2026-02-05,23,3,2,11,13.0,13.0,9.0,41.958333333333336,27.68452380952381
2026-02-06 00:00:00,2026-02-06,0,4,2,11,11.0,3.0,1.0,41.875,27.696428571428573
2026-02-06 01:00:00,2026-02-06,1,4,2,2,11.0,4.0,1.0,42.208333333333336,27.75595238095238
2026-02-06 02:00:00,2026-02-06,2,4,2,2,2.0,0.0,2.0,42.125,27.761904761904763
2026-02-06 03:00:00,2026-02-06,3,4,2,2,2.0,0.0,0.0,42.208333333333336,27.761904761904763
2026-02-06 04:00:00,2026-02-06,4,4,2,2,2.0,4.0,2.0,42.291666666666664,27.773809523809526
2026-02-06 05:00:00,2026-02-06,5,4,2,9,2.0,16.0,7.0,42.208333333333336,27.773809523809526
2026-02-06 06:00:00,2026-02-06,6,4,2,25,9.0,30.0,8.0,41.916666666666664,27.785714285714285
2026-02-06 07:00:00,2026-02-06,7,4,2,61,25.0,79.0,21.0,41.708333333333336,27.886904761904763
2026-02-06 08:00:00,2026-02-06,8,4,2,67,61.0,90.0,22.0,40.958333333333336,28.125
2026-02-06 09:00:00,2026-02-06,9,4,2,55,67.0,46.0,22.0,40.0,28.392857142857142
2026-02-06 10:00:00,2026-02-06,10,4,2,34,55.0,27.0,18.0,40.375,28.589285714285715
2026-02-06 11:00:00,2026-02-06,11,4,2,45,34.0,35.0,16.0,40.666666666666664,28.68452380952381
2026-02-06 12:00:00,2026-02-06,12,4,2,44,45.0,39.0,26.0,41.083333333333336,28.857142857142858
2026-02-06 13:00:00,2026-02-06,13,4,2,54,44.0,37.0,22.0,41.291666666666664,28.964285714285715
2026-02-06 14:00:00,2026-02-06,14,4,2,48,54.0,31.0,21.0,42.0,29.154761904761905
2026-02-06 15:00:00,2026-02-06,15,4,2,85,48.0,60.0,31.0,42.708333333333336,29.31547619047619
2026-02-06 16:00:00,2026-02-06,16,4,2,90,85.0,83.0,38.0,43.75,29.636904761904763
2026-02-06 17:00:00,2026-02-06,17,4,2,81,90.0,124.0,63.0,44.041666666666664,29.946428571428573
2026-02-06 18:00:00,2026-02-06,18,4,2,82,81.0,110.0,26.0,42.25,30.053571428571427
2026-02-06 19:00:00,2026-02-06,19,4,2,65,82.0,77.0,24.0,41.083333333333336,30.386904761904763
2026-02-06 20:00:00,2026-02-06,20,4,2,45,65.0,64.0,21.0,40.583333333333336,30.63095238095238
2026-02-06 21:00:00,2026-02-06,21,4,2,27,45.0,22.0,11.0,39.791666666666664,30.773809523809526
2026-02-06 22:00:00,2026-02-06,22,4,2,23,27.0,13.0,10.0,40.0,30.86904761904762
2026-02-06 23:00:00,2026-02-06,23,4,2,14,23.0,11.0,6.0,40.416666666666664,30.946428571428573
2026-02-07 00:00:00,2026-02-07,0,5,2,8,14.0,11.0,6.0,40.541666666666664,30.99404761904762
2026-02-07 01:00:00,2026-02-07,1,5,2,5,8.0,2.0,3.0,40.416666666666664,31.00595238095238
2026-02-07 02:00:00,2026-02-07,2,5,2,8,5.0,2.0,2.0,40.541666666666664,31.017857142857142
2026-02-07 03:00:00,2026-02-07,3,5,2,7,8.0,2.0,2.0,40.791666666666664,31.053571428571427
2026-02-07 04:00:00,2026-02-07,4,5,2,5,7.0,2.0,1.0,41.0,31.083333333333332
2026-02-07 05:00:00,2026-02-07,5,5,2,3,5.0,9.0,1.0,41.125,31.107142857142858
2026-02-07 06:00:00,2026-02-07,6,5,2,9,3.0,25.0,2.0,40.875,31.11904761904762
2026-02-07 07:00:00,2026-02-07,7,5,2,10,9.0,61.0,10.0,40.208333333333336,31.160714285714285
2026-02-07 08:00:00,2026-02-07,8,5,2,16,10.0,67.0,13.0,38.083333333333336,31.160714285714285
2026-02-07 09:00:00,2026-02-07,9,5,2,42,16.0,55.0,23.0,35.958333333333336,31.178571428571427
2026-02-07 10:00:00,2026-02-07,10,5,2,37,42.0,34.0,32.0,35.416666666666664,31.291666666666668
2026-02-07 11:00:00,2026-02-07,11,5,2,32,37.0,45.0,34.0,35.541666666666664,31.321428571428573
2026-02-07 12:00:00,2026-02-07,12,5,2,38,32.0,44.0,29.0,35.0,31.30952380952381
2026-02-07 13:00:00,2026-02-07,13,5,2,37,38.0,54.0,33.0,34.75,31.363095238095237
2026-02-07 14:00:00,2026-02-07,14,5,2,24,37.0,48.0,36.0,34.041666666666664,31.386904761904763
2026-02-07 15:00:00,2026-02-07,15,5,2,22,24.0,85.0,34.0,33.041666666666664,31.31547619047619
2026-02-07 16:00:00,2026-02-07,16,5,2,24,22.0,90.0,31.0,30.416666666666668,31.24404761904762
2026-02-07 17:00:00,2026-02-07,17,5,2,28,24.0,81.0,40.0,27.666666666666668,31.202380952380953
2026-02-07 18:00:00,2026-02-07,18,5,2,16,28.0,82.0,20.0,25.458333333333332,31.13095238095238
2026-02-07 19:00:00,2026-02-07,19,5,2,13,16.0,65.0,17.0,22.708333333333332,31.107142857142858
2026-02-07 20:00:00,2026-02-07,20,5,2,9,13.0,45.0,11.0,20.541666666666668,31.083333333333332
2026-02-07 21:00:00,2026-02-07,21,5,2,15,9.0,27.0,10.0,19.041666666666668,31.071428571428573
2026-02-07 22:00:00,2026-02-07,22,5,2,4,15.0,23.0,7.0,18.541666666666668,31.101190476190474
2026-02-07 23:00:00,2026-02-07,23,5,2,5,4.0,14.0,8.0,17.75,31.083333333333332
2026-02-08 00:00:00,2026-02-08,0,6,2,6,5.0,8.0,4.0,17.375,31.06547619047619
2026-02-08 01:00:00,2026-02-08,1,6,2,5,6.0,5.0,2.0,17.291666666666668,31.077380952380953
2026-02-08 02:00:00,2026-02-08,2,6,2,3,5.0,8.0,4.0,17.291666666666668,31.095238095238095
2026-02-08 03:00:00,2026-02-08,3,6,2,0,3.0,7.0,3.0,17.083333333333332,31.089285714285715
2026-02-08 04:00:00,2026-02-08,4,6,2,1,0.0,5.0,1.0,16.791666666666668,31.071428571428573
2026-02-08 05:00:00,2026-02-08,5,6,2,3,1.0,3.0,1.0,16.625,31.071428571428573
2026-02-08 06:00:00,2026-02-08,6,6,2,2,3.0,9.0,3.0,16.625,31.083333333333332
2026-02-08 07:00:00,2026-02-08,7,6,2,7,2.0,10.0,2.0,16.333333333333332,31.077380952380953
2026-02-08 08:00:00,2026-02-08,8,6,2,9,7.0,16.0,12.0,16.208333333333332,31.107142857142858
2026-02-08 09:00:00,2026-02-08,9,6,2,8,9.0,42.0,17.0,15.916666666666666,31.089285714285715
2026-02-08 10:00:00,2026-02-08,10,6,2,24,8.0,37.0,23.0,14.5,31.035714285714285
2026-02-08 11:00:00,2026-02-08,11,6,2,18,24.0,32.0,26.0,13.958333333333334,31.041666666666668
2026-02-08 12:00:00,2026-02-08,12,6,2,24,18.0,38.0,26.0,13.375,30.99404761904762
2026-02-08 13:00:00,2026-02-08,13,6,2,22,24.0,37.0,36.0,12.791666666666666,30.982142857142858
2026-02-08 14:00:00,2026-02-08,14,6,2,25,22.0,24.0,32.0,12.166666666666666,30.898809523809526
2026-02-08 15:00:00,2026-02-08,15,6,2,19,25.0,22.0,22.0,12.208333333333334,30.857142857142858
2026-02-08 16:00:00,2026-02-08,16,6,2,30,19.0,24.0,20.0,12.083333333333334,30.839285714285715
2026-02-08 17:00:00,2026-02-08,17,6,2,39,30.0,28.0,26.0,12.333333333333334,30.898809523809526
2026-02-08 18:00:00,2026-02-08,18,6,2,28,39.0,16.0,20.0,12.791666666666666,30.976190476190474
2026-02-08 19:00:00,2026-02-08,19,6,2,17,28.0,13.0,13.0,13.291666666666666,31.023809523809526
2026-02-08 20:00:00,2026-02-08,20,6,2,7,17.0,9.0,15.0,13.458333333333334,31.047619047619047
2026-02-08 21:00:00,2026-02-08,21,6,2,9,7.0,15.0,6.0,13.375,31.0
2026-02-08 22:00:00,2026-02-08,22,6,2,30,9.0,4.0,4.0,13.125,31.017857142857142
2026-02-08 23:00:00,2026-02-08,23,6,2,14,30.0,5.0,4.0,14.208333333333334,31.172619047619047
2026-02-09 00:00:00,2026-02-09,0,0,2,5,14.0,6.0,3.0,14.583333333333334,31.232142857142858
2026-02-09 01:00:00,2026-02-09,1,0,2,2,5.0,5.0,3.0,14.541666666666666,31.24404761904762
2026-02-09 02:00:00,2026-02-09,2,0,2,1,2.0,3.0,1.0,14.416666666666666,31.238095238095237
2026-02-09 03:00:00,2026-02-09,3,0,2,3,1.0,0.0,0.0,14.333333333333334,31.238095238095237
2026-02-09 04:00:00,2026-02-09,4,0,2,3,3.0,1.0,2.0,14.458333333333334,31.25595238095238
2026-02-09 05:00:00,2026-02-09,5,0,2,9,3.0,3.0,13.0,14.541666666666666,31.261904761904763
2026-02-09 06:00:00,2026-02-09,6,0,2,20,9.0,2.0,17.0,14.791666666666666,31.238095238095237
2026-02-09 07:00:00,2026-02-09,7,0,2,45,20.0,7.0,45.0,15.541666666666666,31.25595238095238
2026-02-09 08:00:00,2026-02-09,8,0,2,58,45.0,9.0,55.0,17.125,31.25595238095238
2026-02-09 09:00:00,2026-02-09,9,0,2,28,58.0,8.0,23.0,19.166666666666668,31.273809523809526
2026-02-09 10:00:00,2026-02-09,10,0,2,30,28.0,24.0,25.0,20.0,31.303571428571427
2026-02-09 11:00:00,2026-02-09,11,0,2,41,30.0,18.0,28.0,20.25,31.333333333333332
2026-02-09 12:00:00,2026-02-09,12,0,2,38,41.0,24.0,23.0,21.208333333333332,31.410714285714285
2026-02-09 13:00:00,2026-02-09,13,0,2,44,38.0,22.0,27.0,21.791666666666668,31.5
2026-02-09 14:00:00,2026-02-09,14,0,2,33,44.0,25.0,37.0,22.708333333333332,31.601190476190474
2026-02-09 15:00:00,2026-02-09,15,0,2,56,33.0,19.0,44.0,23.041666666666668,31.577380952380953
2026-02-09 16:00:00,2026-02-09,16,0,2,79,56.0,30.0,61.0,24.583333333333332,31.648809523809526
2026-02-09 17:00:00,2026-02-09,17,0,2,98,79.0,39.0,89.0,26.625,31.75595238095238
2026-02-09 18:00:00,2026-02-09,18,0,2,109,98.0,28.0,82.0,29.083333333333332,31.80952380952381
2026-02-09 19:00:00,2026-02-09,19,0,2,61,109.0,17.0,46.0,32.458333333333336,31.970238095238095
2026-02-09 20:00:00,2026-02-09,20,0,2,33,61.0,7.0,36.0,34.291666666666664,32.05952380952381
2026-02-09 21:00:00,2026-02-09,21,0,2,33,33.0,9.0,25.0,35.375,32.041666666666664
2026-02-09 22:00:00,2026-02-09,22,0,2,16,33.0,30.0,14.0,36.375,32.089285714285715
2026-02-09 23:00:00,2026-02-09,23,0,2,3,16.0,14.0,5.0,35.791666666666664,32.101190476190474
2026-02-10 00:00:00,2026-02-10,0,1,2,8,3.0,5.0,4.0,35.333333333333336,32.089285714285715
2026-02-10 01:00:00,2026-02-10,1,1,2,0,8.0,2.0,0.0,35.458333333333336,32.11309523809524
2026-02-10 02:00:00,2026-02-10,2,1,2,2,0.0,1.0,0.0,35.375,32.11309523809524
2026-02-10 03:00:00,2026-02-10,3,1,2,0,2.0,3.0,0.0,35.416666666666664,32.125
2026-02-10 04:00:00,2026-02-10,4,1,2,7,0.0,3.0,8.0,35.291666666666664,32.125
2026-02-10 05:00:00,2026-02-10,5,1,2,23,7.0,9.0,13.0,35.458333333333336,32.11904761904762
2026-02-10 06:00:00,2026-02-10,6,1,2,39,23.0,20.0,32.0,36.041666666666664,32.17857142857143
2026-02-10 07:00:00,2026-02-10,7,1,2,90,39.0,45.0,61.0,36.833333333333336,32.220238095238095
2026-02-10 08:00:00,2026-02-10,8,1,2,98,90.0,58.0,69.0,38.708333333333336,32.392857142857146
2026-02-10 09:00:00,2026-02-10,9,1,2,58,98.0,28.0,31.0,40.375,32.56547619047619
2026-02-10 10:00:00,2026-02-10,10,1,2,38,58.0,30.0,16.0,41.625,32.726190476190474
2026-02-10 11:00:00,2026-02-10,11,1,2,35,38.0,41.0,25.0,41.958333333333336,32.857142857142854
2026-02-10 12:00:00,2026-02-10,12,1,2,42,35.0,38.0,36.0,41.708333333333336,32.916666666666664
2026-02-10 13:00:00,2026-02-10,13,1,2,23,42.0,44.0,34.0,41.875,32.95238095238095
2026-02-10 14:00:00,2026-02-10,14,1,2,47,23.0,33.0,33.0,41.0,32.88690476190476
2026-02-10 15:00:00,2026-02-10,15,1,2,58,47.0,56.0,58.0,41.583333333333336,32.970238095238095
2026-02-10 16:00:00,2026-02-10,16,1,2,88,58.0,79.0,67.0,41.666666666666664,32.970238095238095
2026-02-10 17:00:00,2026-02-10,17,1,2,132,88.0,98.0,87.0,42.041666666666664,33.095238095238095
2026-02-10 18:00:00,2026-02-10,18,1,2,131,132.0,109.0,110.0,43.458333333333336,33.36309523809524
2026-02-10 19:00:00,2026-02-10,19,1,2,85,131.0,61.0,57.0,44.375,33.48809523809524
2026-02-10 20:00:00,2026-02-10,20,1,2,42,85.0,33.0,26.0,45.375,33.654761904761905
2026-02-10 21:00:00,2026-02-10,21,1,2,29,42.0,33.0,21.0,45.75,33.75
2026-02-10 22:00:00,2026-02-10,22,1,2,19,29.0,16.0,24.0,45.583333333333336,33.79761904761905
2026-02-10 23:00:00,2026-02-10,23,1,2,6,19.0,3.0,8.0,45.708333333333336,33.767857142857146
2026-02-11 00:00:00,2026-02-11,0,2,2,5,6.0,8.0,3.0,45.833333333333336,33.75595238095238
2026-02-11 01:00:00,2026-02-11,1,2,2,5,5.0,0.0,3.0,45.708333333333336,33.767857142857146
2026-02-11 02:00:00,2026-02-11,2,2,2,5,5.0,2.0,1.0,45.916666666666664,33.779761904761905
2026-02-11 03:00:00,2026-02-11,3,2,2,0,5.0,0.0,0.0,46.041666666666664,33.80357142857143
2026-02-11 04:00:00,2026-02-11,4,2,2,9,0.0,7.0,4.0,46.041666666666664,33.80357142857143
2026-02-11 05:00:00,2026-02-11,5,2,2,18,9.0,23.0,15.0,46.125,33.833333333333336
2026-02-11 06:00:00,2026-02-11,6,2,2,43,18.0,39.0,29.0,45.916666666666664,33.851190476190474
2026-02-11 07:00:00,2026-02-11,7,2,2,83,43.0,90.0,69.0,46.083333333333336,33.93452380952381
2026-02-11 08:00:00,2026-02-11,8,2,2,119,83.0,98.0,96.0,45.791666666666664,34.017857142857146
2026-02-11 09:00:00,2026-02-11,9,2,2,47,119.0,58.0,35.0,46.666666666666664,34.154761904761905
2026-02-11 10:00:00,2026-02-11,10,2,2,33,47.0,38.0,31.0,46.208333333333336,34.226190476190474
2026-02-11 11:00:00,2026-02-11,11,2,2,43,33.0,35.0,32.0,46.0,34.23809523809524
2026-02-11 12:00:00,2026-02-11,12,2,2,56,43.0,42.0,28.0,46.333333333333336,34.30357142857143
2026-02-11 13:00:00,2026-02-11,13,2,2,47,56.0,23.0,40.0,46.916666666666664,34.470238095238095
2026-02-11 14:00:00,2026-02-11,14,2,2,51,47.0,47.0,41.0,47.916666666666664,34.51190476190476
2026-02-11 15:00:00,2026-02-11,15,2,2,76,51.0,58.0,71.0,48.083333333333336,34.57142857142857
2026-02-11 16:00:00,2026-02-11,16,2,2,93,76.0,88.0,71.0,48.833333333333336,34.601190476190474
2026-02-11 17:00:00,2026-02-11,17,2,2,148,93.0,132.0,124.0,49.041666666666664,34.732142857142854
2026-02-11 18:00:00,2026-02-11,18,2,2,123,148.0,131.0,124.0,49.708333333333336,34.875
2026-02-11 19:00:00,2026-02-11,19,2,2,97,123.0,85.0,59.0,49.375,34.86904761904762
2026-02-11 20:00:00,2026-02-11,20,2,2,52,97.0,42.0,37.0,49.875,35.095238095238095
2026-02-11 21:00:00,2026-02-11,21,2,2,33,52.0,29.0,34.0,50.291666666666664,35.18452380952381
2026-02-11 22:00:00,2026-02-11,22,2,2,22,33.0,19.0,18.0,50.458333333333336,35.17857142857143
2026-02-11 23:00:00,2026-02-11,23,2,2,10,22.0,6.0,13.0,50.583333333333336,35.20238095238095
2026-02-12 00:00:00,2026-02-12,0,3,2,4,10.0,5.0,3.0,50.75,35.18452380952381
2026-02-12 01:00:00,2026-02-12,1,3,2,3,4.0,5.0,4.0,50.708333333333336,35.19047619047619
2026-02-12 02:00:00,2026-02-12,2,3,2,1,3.0,5.0,0.0,50.625,35.18452380952381
2026-02-12 03:00:00,2026-02-12,3,3,2,1,1.0,0.0,0.0,50.458333333333336,35.19047619047619
2026-02-12 04:00:00,2026-02-12,4,3,2,6,1.0,9.0,4.0,50.5,35.19642857142857
2026-02-12 05:00:00,2026-02-12,5,3,2,23,6.0,18.0,16.0,50.375,35.208333333333336
2026-02-12 06:00:00,2026-02-12,6,3,2,44,23.0,43.0,30.0,50.583333333333336,35.25
2026-02-12 07:00:00,2026-02-12,7,3,2,97,44.0,83.0,79.0,50.625,35.333333333333336
2026-02-12 08:00:00,2026-02-12,8,3,2,116,97.0,119.0,90.0,51.208333333333336,35.44047619047619
2026-02-12 09:00:00,2026-02-12,9,3,2,52,116.0,47.0,46.0,51.083333333333336,35.595238095238095
2026-02-12 10:00:00,2026-02-12,10,3,2,31,52.0,33.0,27.0,51.291666666666664,35.63095238095238
2026-02-12 11:00:00,2026-02-12,11,3,2,47,31.0,43.0,35.0,51.208333333333336,35.654761904761905
2026-02-12 12:00:00,2026-02-12,12,3,2,59,47.0,56.0,39.0,51.375,35.726190476190474
2026-02-12 13:00:00,2026-02-12,13,3,2,49,59.0,47.0,37.0,51.5,35.845238095238095
2026-02-12 14:00:00,2026-02-12,14,3,2,57,49.0,51.0,31.0,51.583333333333336,35.916666666666664
2026-02-12 15:00:00,2026-02-12,15,3,2,73,57.0,76.0,60.0,51.833333333333336,36.07142857142857
2026-02-12 16:00:00,2026-02-12,16,3,2,80,73.0,93.0,83.0,51.708333333333336,36.148809523809526
2026-02-12 17:00:00,2026-02-12,17,3,2,130,80.0,148.0,124.0,51.166666666666664,36.13095238095238
2026-02-12 18:00:00,2026-02-12,18,3,2,137,130.0,123.0,110.0,50.416666666666664,36.166666666666664
2026-02-12 19:00:00,2026-02-12,19,3,2,57,137.0,97.0,77.0,51.0,36.32738095238095
2026-02-12 20:00:00,2026-02-12,20,3,2,59,57.0,52.0,64.0,49.333333333333336,36.208333333333336
2026-02-12 21:00:00,2026-02-12,21,3,2,27,59.0,33.0,22.0,49.625,36.17857142857143
2026-02-12 22:00:00,2026-02-12,22,3,2,25,27.0,22.0,13.0,49.375,36.208333333333336
2026-02-12 23:00:00,2026-02-12,23,3,2,15,25.0,10.0,11.0,49.5,36.279761904761905
2026-02-13 00:00:00,2026-02-13,0,4,2,6,15.0,4.0,11.0,49.708333333333336,36.30357142857143
2026-02-13 01:00:00,2026-02-13,1,4,2,5,6.0,3.0,2.0,49.791666666666664,36.273809523809526
2026-02-13 02:00:00,2026-02-13,2,4,2,3,5.0,1.0,2.0,49.875,36.291666666666664
2026-02-13 03:00:00,2026-02-13,3,4,2,2,3.0,1.0,2.0,49.958333333333336,36.29761904761905
2026-02-13 04:00:00,2026-02-13,4,4,2,6,2.0,6.0,2.0,50.0,36.29761904761905
2026-02-13 05:00:00,2026-02-13,5,4,2,24,6.0,23.0,9.0,50.0,36.32142857142857
2026-02-13 06:00:00,2026-02-13,6,4,2,41,24.0,44.0,25.0,50.041666666666664,36.410714285714285
2026-02-13 07:00:00,2026-02-13,7,4,2,75,41.0,97.0,61.0,49.916666666666664,36.50595238095238
2026-02-13 08:00:00,2026-02-13,8,4,2,68,75.0,116.0,67.0,49.0,36.589285714285715
2026-02-13 09:00:00,2026-02-13,9,4,2,53,68.0,52.0,55.0,47.0,36.595238095238095
2026-02-13 10:00:00,2026-02-13,10,4,2,48,53.0,31.0,34.0,47.041666666666664,36.583333333333336
2026-02-13 11:00:00,2026-02-13,11,4,2,52,48.0,47.0,45.0,47.75,36.666666666666664
2026-02-13 12:00:00,2026-02-13,12,4,2,74,52.0,59.0,44.0,47.958333333333336,36.708333333333336
2026-02-13 13:00:00,2026-02-13,13,4,2,86,74.0,49.0,54.0,48.583333333333336,36.88690476190476
2026-02-13 14:00:00,2026-02-13,14,4,2,67,86.0,57.0,48.0,50.125,37.07738095238095
2026-02-13 15:00:00,2026-02-13,15,4,2,109,67.0,73.0,85.0,50.541666666666664,37.19047619047619
2026-02-13 16:00:00,2026-02-13,16,4,2,100,109.0,80.0,90.0,52.041666666666664,37.333333333333336
2026-02-13 17:00:00,2026-02-13,17,4,2,127,100.0,130.0,81.0,52.875,37.392857142857146
2026-02-13 18:00:00,2026-02-13,18,4,2,104,127.0,137.0,82.0,52.75,37.666666666666664
2026-02-13 19:00:00,2026-02-13,19,4,2,65,104.0,57.0,65.0,51.375,37.79761904761905
2026-02-13 20:00:00,2026-02-13,20,4,2,69,65.0,59.0,45.0,51.708333333333336,37.79761904761905
2026-02-13 21:00:00,2026-02-13,21,4,2,36,69.0,27.0,27.0,52.125,37.94047619047619
2026-02-13 22:00:00,2026-02-13,22,4,2,23,36.0,25.0,23.0,52.5,37.99404761904762
2026-02-13 23:00:00,2026-02-13,23,4,2,22,23.0,15.0,14.0,52.416666666666664,37.99404761904762
2026-02-14 00:00:00,2026-02-14,0,5,2,17,22.0,6.0,8.0,52.708333333333336,38.041666666666664
2026-02-14 01:00:00,2026-02-14,1,5,2,7,17.0,5.0,5.0,53.166666666666664,38.095238095238095
2026-02-14 02:00:00,2026-02-14,2,5,2,9,7.0,3.0,8.0,53.25,38.107142857142854
2026-02-14 03:00:00,2026-02-14,3,5,2,9,9.0,2.0,7.0,53.5,38.11309523809524
2026-02-14 04:00:00,2026-02-14,4,5,2,10,9.0,6.0,5.0,53.791666666666664,38.125
2026-02-14 05:00:00,2026-02-14,5,5,2,4,10.0,24.0,3.0,53.958333333333336,38.154761904761905
2026-02-14 06:00:00,2026-02-14,6,5,2,6,4.0,41.0,9.0,53.125,38.160714285714285
2026-02-14 07:00:00,2026-02-14,7,5,2,18,6.0,75.0,10.0,51.666666666666664,38.142857142857146
2026-02-14 08:00:00,2026-02-14,8,5,2,45,18.0,68.0,16.0,49.291666666666664,38.19047619047619
2026-02-14 09:00:00,2026-02-14,9,5,2,61,45.0,53.0,42.0,48.333333333333336,38.36309523809524
2026-02-14 10:00:00,2026-02-14,10,5,2,79,61.0,48.0,37.0,48.666666666666664,38.476190476190474
2026-02-14 11:00:00,2026-02-14,11,5,2,88,79.0,52.0,32.0,49.958333333333336,38.726190476190474
2026-02-14 12:00:00,2026-02-14,12,5,2,77,88.0,74.0,38.0,51.458333333333336,39.05952380952381
2026-02-14 13:00:00,2026-02-14,13,5,2,96,77.0,86.0,37.0,51.583333333333336,39.291666666666664
2026-02-14 14:00:00,2026-02-14,14,5,2,71,96.0,67.0,24.0,52.0,39.642857142857146
2026-02-14 15:00:00,2026-02-14,15,5,2,86,71.0,109.0,22.0,52.166666666666664,39.92261904761905
2026-02-14 16:00:00,2026-02-14,16,5,2,57,86.0,100.0,24.0,51.208333333333336,40.30357142857143
2026-02-14 17:00:00,2026-02-14,17,5,2,76,57.0,127.0,28.0,49.416666666666664,40.5
2026-02-14 18:00:00,2026-02-14,18,5,2,53,76.0,104.0,16.0,47.291666666666664,40.785714285714285
2026-02-14 19:00:00,2026-02-14,19,5,2,48,53.0,65.0,13.0,45.166666666666664,41.00595238095238
2026-02-14 20:00:00,2026-02-14,20,5,2,28,48.0,69.0,9.0,44.458333333333336,41.214285714285715
2026-02-14 21:00:00,2026-02-14,21,5,2,39,28.0,36.0,15.0,42.75,41.32738095238095
2026-02-14 22:00:00,2026-02-14,22,5,2,28,39.0,23.0,4.0,42.875,41.470238095238095
2026-02-14 23:00:00,2026-02-14,23,5,2,23,28.0,22.0,5.0,43.083333333333336,41.61309523809524
2026-02-15 00:00:00,2026-02-15,0,6,2,19,23.0,17.0,6.0,43.125,41.720238095238095
2026-02-15 01:00:00,2026-02-15,1,6,2,18,19.0,7.0,5.0,43.208333333333336,41.79761904761905
2026-02-15 02:00:00,2026-02-15,2,6,2,28,18.0,9.0,3.0,43.666666666666664,41.875
2026-02-15 03:00:00,2026-02-15,3,6,2,11,28.0,9.0,0.0,44.458333333333336,42.023809523809526
2026-02-15 04:00:00,2026-02-15,4,6,2,7,11.0,10.0,1.0,44.541666666666664,42.089285714285715
2026-02-15 05:00:00,2026-02-15,5,6,2,9,7.0,4.0,3.0,44.416666666666664,42.125
2026-02-15 06:00:00,2026-02-15,6,6,2,10,9.0,6.0,2.0,44.625,42.160714285714285
2026-02-15 07:00:00,2026-02-15,7,6,2,14,10.0,18.0,7.0,44.791666666666664,42.208333333333336
2026-02-15 08:00:00,2026-02-15,8,6,2,31,14.0,45.0,9.0,44.625,42.25
2026-02-15 09:00:00,2026-02-15,9,6,2,54,31.0,61.0,8.0,44.041666666666664,42.38095238095238
2026-02-15 10:00:00,2026-02-15,10,6,2,63,54.0,79.0,24.0,43.75,42.654761904761905
2026-02-15 11:00:00,2026-02-15,11,6,2,76,63.0,88.0,18.0,43.083333333333336,42.88690476190476
2026-02-15 12:00:00,2026-02-15,12,6,2,77,76.0,77.0,24.0,42.583333333333336,43.232142857142854
2026-02-15 13:00:00,2026-02-15,13,6,2,84,77.0,96.0,22.0,42.583333333333336,43.54761904761905
2026-02-15 14:00:00,2026-02-15,14,6,2,69,84.0,71.0,25.0,42.083333333333336,43.916666666666664
2026-02-15 15:00:00,2026-02-15,15,6,2,70,69.0,86.0,19.0,42.0,44.17857142857143
2026-02-15 16:00:00,2026-02-15,16,6,2,80,70.0,57.0,30.0,41.333333333333336,44.482142857142854
2026-02-15 17:00:00,2026-02-15,17,6,2,68,80.0,76.0,39.0,42.291666666666664,44.779761904761905
2026-02-15 18:00:00,2026-02-15,18,6,2,63,68.0,53.0,28.0,41.958333333333336,44.95238095238095
2026-02-15 19:00:00,2026-02-15,19,6,2,41,63.0,48.0,17.0,42.375,45.160714285714285
2026-02-15 20:00:00,2026-02-15,20,6,2,29,41.0,28.0,7.0,42.083333333333336,45.30357142857143
2026-02-15 21:00:00,2026-02-15,21,6,2,25,29.0,39.0,9.0,42.125,45.43452380952381
2026-02-15 22:00:00,2026-02-15,22,6,2,21,25.0,28.0,30.0,41.541666666666664,45.529761904761905
2026-02-15 23:00:00,2026-02-15,23,6,2,9,21.0,23.0,14.0,41.25,45.476190476190474
2026-02-16 00:00:00,2026-02-16,0,0,2,9,9.0,19.0,5.0,40.666666666666664,45.44642857142857
2026-02-16 01:00:00,2026-02-16,1,0,2,6,9.0,18.0,2.0,40.25,45.470238095238095
2026-02-16 02:00:00,2026-02-16,2,0,2,0,6.0,28.0,1.0,39.75,45.49404761904762
2026-02-16 03:00:00,2026-02-16,3,0,2,1,0.0,11.0,3.0,38.583333333333336,45.48809523809524
2026-02-16 04:00:00,2026-02-16,4,0,2,2,1.0,7.0,3.0,38.166666666666664,45.476190476190474
2026-02-16 05:00:00,2026-02-16,5,0,2,9,2.0,9.0,9.0,37.958333333333336,45.470238095238095
2026-02-16 06:00:00,2026-02-16,6,0,2,11,9.0,10.0,20.0,37.958333333333336,45.470238095238095
2026-02-16 07:00:00,2026-02-16,7,0,2,26,11.0,14.0,45.0,38.0,45.416666666666664
2026-02-16 08:00:00,2026-02-16,8,0,2,46,26.0,31.0,58.0,38.5,45.30357142857143
2026-02-16 09:00:00,2026-02-16,9,0,2,56,46.0,54.0,28.0,39.125,45.232142857142854
2026-02-16 10:00:00,2026-02-16,10,0,2,51,56.0,63.0,30.0,39.208333333333336,45.398809523809526
2026-02-16 11:00:00,2026-02-16,11,0,2,74,51.0,76.0,41.0,38.708333333333336,45.523809523809526
2026-02-16 12:00:00,2026-02-16,12,0,2,71,74.0,77.0,38.0,38.625,45.720238095238095
2026-02-16 13:00:00,2026-02-16,13,0,2,75,71.0,84.0,44.0,38.375,45.916666666666664
2026-02-16 14:00:00,2026-02-16,14,0,2,79,75.0,69.0,33.0,38.0,46.101190476190474
2026-02-16 15:00:00,2026-02-16,15,0,2,65,79.0,70.0,56.0,38.416666666666664,46.375
2026-02-16 16:00:00,2026-02-16,16,0,2,84,65.0,80.0,79.0,38.208333333333336,46.42857142857143
2026-02-16 17:00:00,2026-02-16,17,0,2,95,84.0,68.0,98.0,38.375,46.458333333333336
2026-02-16 18:00:00,2026-02-16,18,0,2,97,95.0,63.0,109.0,39.5,46.44047619047619
2026-02-16 19:00:00,2026-02-16,19,0,2,52,97.0,41.0,61.0,40.916666666666664,46.36904761904762
2026-02-16 20:00:00,2026-02-16,20,0,2,36,52.0,29.0,33.0,41.375,46.31547619047619
2026-02-16 21:00:00,2026-02-16,21,0,2,27,36.0,25.0,33.0,41.666666666666664,46.333333333333336
2026-02-16 22:00:00,2026-02-16,22,0,2,20,27.0,21.0,16.0,41.75,46.29761904761905
2026-02-16 23:00:00,2026-02-16,23,0,2,13,20.0,9.0,3.0,41.708333333333336,46.32142857142857
2026-02-17 00:00:00,2026-02-17,0,1,2,9,13.0,9.0,8.0,41.875,46.38095238095238
2026-02-17 01:00:00,2026-02-17,1,1,2,4,9.0,6.0,0.0,41.875,46.38690476190476
2026-02-17 02:00:00,2026-02-17,2,1,2,1,4.0,0.0,2.0,41.791666666666664,46.410714285714285
2026-02-17 03:00:00,2026-02-17,3,1,2,1,1.0,1.0,0.0,41.833333333333336,46.404761904761905
2026-02-17 04:00:00,2026-02-17,4,1,2,12,1.0,2.0,7.0,41.833333333333336,46.410714285714285
2026-02-17 05:00:00,2026-02-17,5,1,2,26,12.0,9.0,23.0,42.25,46.44047619047619
2026-02-17 06:00:00,2026-02-17,6,1,2,59,26.0,11.0,39.0,42.958333333333336,46.458333333333336
2026-02-17 07:00:00,2026-02-17,7,1,2,113,59.0,26.0,90.0,44.958333333333336,46.57738095238095
2026-02-17 08:00:00,2026-02-17,8,1,2,132,113.0,46.0,98.0,48.583333333333336,46.714285714285715
2026-02-17 09:00:00,2026-02-17,9,1,2,61,132.0,56.0,58.0,52.166666666666664,46.916666666666664
2026-02-17 10:00:00,2026-02-17,10,1,2,49,61.0,51.0,38.0,52.375,46.93452380952381
2026-02-17 11:00:00,2026-02-17,11,1,2,46,49.0,74.0,35.0,52.291666666666664,47.0
2026-02-17 12:00:00,2026-02-17,12,1,2,55,46.0,71.0,42.0,51.125,47.06547619047619
2026-02-17 13:00:00,2026-02-17,13,1,2,60,55.0,75.0,23.0,50.458333333333336,47.142857142857146
2026-02-17 14:00:00,2026-02-17,14,1,2,54,60.0,79.0,47.0,49.833333333333336,47.36309523809524
2026-02-17 15:00:00,2026-02-17,15,1,2,86,54.0,65.0,58.0,48.791666666666664,47.404761904761905
2026-02-17 16:00:00,2026-02-17,16,1,2,98,86.0,84.0,88.0,49.666666666666664,47.57142857142857
2026-02-17 17:00:00,2026-02-17,17,1,2,180,98.0,95.0,132.0,50.25,47.63095238095238
2026-02-17 18:00:00,2026-02-17,18,1,2,163,180.0,97.0,131.0,53.791666666666664,47.916666666666664
2026-02-17 19:00:00,2026-02-17,19,1,2,103,163.0,52.0,85.0,56.541666666666664,48.107142857142854
2026-02-17 20:00:00,2026-02-17,20,1,2,78,103.0,36.0,42.0,58.666666666666664,48.214285714285715
2026-02-17 21:00:00,2026-02-17,21,1,2,49,78.0,27.0,29.0,60.416666666666664,48.42857142857143
2026-02-17 22:00:00,2026-02-17,22,1,2,33,49.0,20.0,19.0,61.333333333333336,48.54761904761905
2026-02-17 23:00:00,2026-02-17,23,1,2,11,33.0,13.0,6.0,61.875,48.63095238095238
2026-02-18 00:00:00,2026-02-18,0,2,2,6,11.0,9.0,5.0,61.791666666666664,48.660714285714285
2026-02-18 01:00:00,2026-02-18,1,2,2,3,6.0,4.0,5.0,61.666666666666664,48.666666666666664
2026-02-18 02:00:00,2026-02-18,2,2,2,3,3.0,1.0,5.0,61.625,48.654761904761905
2026-02-18 03:00:00,2026-02-18,3,2,2,2,3.0,1.0,0.0,61.708333333333336,48.642857142857146
2026-02-18 04:00:00,2026-02-18,4,2,2,5,2.0,12.0,9.0,61.75,48.654761904761905
2026-02-18 05:00:00,2026-02-18,5,2,2,33,5.0,26.0,18.0,61.458333333333336,48.63095238095238
2026-02-18 06:00:00,2026-02-18,6,2,2,51,33.0,59.0,43.0,61.75,48.720238095238095
2026-02-18 07:00:00,2026-02-18,7,2,2,126,51.0,113.0,83.0,61.416666666666664,48.767857142857146
2026-02-18 08:00:00,2026-02-18,8,2,2,140,126.0,132.0,119.0,61.958333333333336,49.023809523809526
2026-02-18 09:00:00,2026-02-18,9,2,2,41,140.0,61.0,47.0,62.291666666666664,49.148809523809526
2026-02-18 10:00:00,2026-02-18,10,2,2,47,41.0,49.0,33.0,61.458333333333336,49.11309523809524
2026-02-18 11:00:00,2026-02-18,11,2,2,47,47.0,46.0,43.0,61.375,49.19642857142857
2026-02-18 12:00:00,2026-02-18,12,2,2,54,47.0,55.0,56.0,61.416666666666664,49.220238095238095
2026-02-18 13:00:00,2026-02-18,13,2,2,49,54.0,60.0,47.0,61.375,49.208333333333336
2026-02-18 14:00:00,2026-02-18,14,2,2,50,49.0,54.0,51.0,60.916666666666664,49.220238095238095
2026-02-18 15:00:00,2026-02-18,15,2,2,82,50.0,86.0,76.0,60.75,49.214285714285715
2026-02-18 16:00:00,2026-02-18,16,2,2,105,82.0,98.0,93.0,60.583333333333336,49.25
2026-02-18 17:00:00,2026-02-18,17,2,2,146,105.0,180.0,148.0,60.875,49.32142857142857
2026-02-18 18:00:00,2026-02-18,18,2,2,112,146.0,163.0,123.0,59.458333333333336,49.30952380952381
2026-02-18 19:00:00,2026-02-18,19,2,2,86,112.0,103.0,97.0,57.333333333333336,49.24404761904762
2026-02-18 20:00:00,2026-02-18,20,2,2,52,86.0,78.0,52.0,56.625,49.17857142857143
2026-02-18 21:00:00,2026-02-18,21,2,2,28,52.0,49.0,33.0,55.541666666666664,49.17857142857143
2026-02-18 22:00:00,2026-02-18,22,2,2,28,28.0,33.0,22.0,54.666666666666664,49.148809523809526
2026-02-18 23:00:00,2026-02-18,23,2,2,9,28.0,11.0,10.0,54.458333333333336,49.18452380952381
2026-02-19 00:00:00,2026-02-19,0,3,2,7,9.0,6.0,4.0,54.375,49.17857142857143
2026-02-19 01:00:00,2026-02-19,1,3,2,3,7.0,3.0,3.0,54.416666666666664,49.19642857142857
2026-02-19 02:00:00,2026-02-19,2,3,2,3,3.0,3.0,1.0,54.416666666666664,49.19642857142857
2026-02-19 03:00:00,2026-02-19,3,3,2,0,3.0,2.0,1.0,54.416666666666664,49.208333333333336
2026-02-19 04:00:00,2026-02-19,4,3,2,8,0.0,5.0,6.0,54.333333333333336,49.20238095238095
2026-02-19 05:00:00,2026-02-19,5,3,2,39,8.0,33.0,23.0,54.458333333333336,49.214285714285715
2026-02-19 06:00:00,2026-02-19,6,3,2,58,39.0,51.0,44.0,54.708333333333336,49.30952380952381
2026-02-19 07:00:00,2026-02-19,7,3,2,134,58.0,126.0,97.0,55.0,49.392857142857146
2026-02-19 08:00:00,2026-02-19,8,3,2,155,134.0,140.0,116.0,55.333333333333336,49.61309523809524
2026-02-19 09:00:00,2026-02-19,9,3,2,71,155.0,41.0,52.0,55.958333333333336,49.845238095238095
2026-02-19 10:00:00,2026-02-19,10,3,2,57,71.0,47.0,31.0,57.208333333333336,49.958333333333336
2026-02-19 11:00:00,2026-02-19,11,3,2,60,57.0,47.0,47.0,57.625,50.11309523809524
2026-02-19 12:00:00,2026-02-19,12,3,2,58,60.0,54.0,59.0,58.166666666666664,50.19047619047619
2026-02-19 13:00:00,2026-02-19,13,3,2,42,58.0,49.0,49.0,58.333333333333336,50.18452380952381
2026-02-19 14:00:00,2026-02-19,14,3,2,86,42.0,50.0,57.0,58.041666666666664,50.142857142857146
2026-02-19 15:00:00,2026-02-19,15,3,2,91,86.0,82.0,73.0,59.541666666666664,50.31547619047619
2026-02-19 16:00:00,2026-02-19,16,3,2,124,91.0,105.0,80.0,59.916666666666664,50.42261904761905
2026-02-19 17:00:00,2026-02-19,17,3,2,207,124.0,146.0,130.0,60.708333333333336,50.68452380952381
2026-02-19 18:00:00,2026-02-19,18,3,2,161,207.0,112.0,137.0,63.25,51.142857142857146
2026-02-19 19:00:00,2026-02-19,19,3,2,125,161.0,86.0,57.0,65.29166666666667,51.285714285714285
2026-02-19 20:00:00,2026-02-19,20,3,2,78,125.0,52.0,59.0,66.91666666666667,51.69047619047619
2026-02-19 21:00:00,2026-02-19,21,3,2,47,78.0,28.0,27.0,68.0,51.80357142857143
2026-02-19 22:00:00,2026-02-19,22,3,2,27,47.0,28.0,25.0,68.79166666666667,51.92261904761905
2026-02-19 23:00:00,2026-02-19,23,3,2,22,27.0,9.0,15.0,68.75,51.93452380952381
2026-02-20 00:00:00,2026-02-20,0,4,2,16,22.0,7.0,6.0,69.29166666666667,51.976190476190474
2026-02-20 01:00:00,2026-02-20,1,4,2,4,16.0,3.0,5.0,69.66666666666667,52.035714285714285
2026-02-20 02:00:00,2026-02-20,2,4,2,5,4.0,3.0,3.0,69.70833333333333,52.029761904761905
2026-02-20 03:00:00,2026-02-20,3,4,2,0,5.0,0.0,2.0,69.79166666666667,52.041666666666664
2026-02-20 04:00:00,2026-02-20,4,4,2,8,0.0,8.0,6.0,69.79166666666667,52.029761904761905
2026-02-20 05:00:00,2026-02-20,5,4,2,29,8.0,39.0,24.0,69.79166666666667,52.041666666666664
2026-02-20 06:00:00,2026-02-20,6,4,2,42,29.0,58.0,41.0,69.375,52.07142857142857
2026-02-20 07:00:00,2026-02-20,7,4,2,37,42.0,134.0,75.0,68.70833333333333,52.07738095238095
2026-02-20 08:00:00,2026-02-20,8,4,2,30,37.0,155.0,68.0,64.66666666666667,51.851190476190474
2026-02-20 09:00:00,2026-02-20,9,4,2,31,30.0,71.0,53.0,59.458333333333336,51.625
2026-02-20 10:00:00,2026-02-20,10,4,2,20,31.0,57.0,48.0,57.791666666666664,51.49404761904762
2026-02-20 11:00:00,2026-02-20,11,4,2,35,20.0,60.0,52.0,56.25,51.32738095238095
2026-02-20 12:00:00,2026-02-20,12,4,2,20,35.0,58.0,74.0,55.208333333333336,51.226190476190474
2026-02-20 13:00:00,2026-02-20,13,4,2,32,20.0,42.0,86.0,53.625,50.904761904761905
2026-02-20 14:00:00,2026-02-20,14,4,2,29,32.0,86.0,67.0,53.208333333333336,50.583333333333336
2026-02-20 15:00:00,2026-02-20,15,4,2,59,29.0,91.0,109.0,50.833333333333336,50.357142857142854
2026-02-20 16:00:00,2026-02-20,16,4,2,79,59.0,124.0,100.0,49.5,50.05952380952381
2026-02-20 17:00:00,2026-02-20,17,4,2,115,79.0,207.0,127.0,47.625,49.93452380952381
2026-02-20 18:00:00,2026-02-20,18,4,2,94,115.0,161.0,104.0,43.791666666666664,49.86309523809524
2026-02-20 19:00:00,2026-02-20,19,4,2,65,94.0,125.0,65.0,41.0,49.80357142857143
2026-02-20 20:00:00,2026-02-20,20,4,2,42,65.0,78.0,69.0,38.5,49.80357142857143
2026-02-20 21:00:00,2026-02-20,21,4,2,37,42.0,47.0,36.0,37.0,49.642857142857146
2026-02-20 22:00:00,2026-02-20,22,4,2,26,37.0,27.0,23.0,36.583333333333336,49.648809523809526
2026-02-20 23:00:00,2026-02-20,23,4,2,24,26.0,22.0,22.0,36.541666666666664,49.666666666666664
2026-02-21 00:00:00,2026-02-21,0,5,2,18,24.0,16.0,17.0,36.625,49.67857142857143
2026-02-21 01:00:00,2026-02-21,1,5,2,11,18.0,4.0,7.0,36.708333333333336,49.68452380952381
2026-02-21 02:00:00,2026-02-21,2,5,2,14,11.0,5.0,9.0,37.0,49.708333333333336
2026-02-21 03:00:00,2026-02-21,3,5,2,7,14.0,0.0,9.0,37.375,49.73809523809524
2026-02-21 04:00:00,2026-02-21,4,5,2,5,7.0,8.0,10.0,37.666666666666664,49.726190476190474
2026-02-21 05:00:00,2026-02-21,5,5,2,5,5.0,29.0,4.0,37.541666666666664,49.69642857142857
2026-02-21 06:00:00,2026-02-21,6,5,2,17,5.0,42.0,6.0,36.541666666666664,49.70238095238095
2026-02-21 07:00:00,2026-02-21,7,5,2,35,17.0,37.0,18.0,35.5,49.767857142857146
2026-02-21 08:00:00,2026-02-21,8,5,2,56,35.0,30.0,45.0,35.416666666666664,49.86904761904762
2026-02-21 09:00:00,2026-02-21,9,5,2,88,56.0,31.0,61.0,36.5,49.93452380952381
2026-02-21 10:00:00,2026-02-21,10,5,2,101,88.0,20.0,79.0,38.875,50.095238095238095
2026-02-21 11:00:00,2026-02-21,11,5,2,135,101.0,35.0,88.0,42.25,50.226190476190474
2026-02-21 12:00:00,2026-02-21,12,5,2,126,135.0,20.0,77.0,46.416666666666664,50.50595238095238
2026-02-21 13:00:00,2026-02-21,13,5,2,121,126.0,32.0,96.0,50.833333333333336,50.79761904761905
2026-02-21 14:00:00,2026-02-21,14,5,2,122,121.0,29.0,71.0,54.541666666666664,50.94642857142857
2026-02-21 15:00:00,2026-02-21,15,5,2,131,122.0,59.0,86.0,58.416666666666664,51.25
2026-02-21 16:00:00,2026-02-21,16,5,2,108,131.0,79.0,57.0,61.416666666666664,51.517857142857146
2026-02-21 17:00:00,2026-02-21,17,5,2,138,108.0,115.0,76.0,62.625,51.82142857142857
2026-02-21 18:00:00,2026-02-21,18,5,2,134,138.0,94.0,53.0,63.583333333333336,52.19047619047619
2026-02-21 19:00:00,2026-02-21,19,5,2,91,134.0,65.0,48.0,65.25,52.67261904761905
2026-02-21 20:00:00,2026-02-21,20,5,2,52,91.0,42.0,28.0,66.33333333333333,52.92857142857143
2026-02-21 21:00:00,2026-02-21,21,5,2,47,52.0,37.0,39.0,66.75,53.07142857142857
2026-02-21 22:00:00,2026-02-21,22,5,2,57,47.0,26.0,28.0,67.16666666666667,53.11904761904762
2026-02-21 23:00:00,2026-02-21,23,5,2,38,57.0,24.0,23.0,68.45833333333333,53.291666666666664
2026-02-22 00:00:00,2026-02-22,0,6,2,27,38.0,18.0,19.0,69.04166666666667,53.38095238095238
2026-02-22 01:00:00,2026-02-22,1,6,2,16,27.0,11.0,18.0,69.41666666666667,53.42857142857143
2026-02-22 02:00:00,2026-02-22,2,6,2,13,16.0,14.0,28.0,69.625,53.416666666666664
2026-02-22 03:00:00,2026-02-22,3,6,2,8,13.0,7.0,11.0,69.58333333333333,53.32738095238095
2026-02-22 04:00:00,2026-02-22,4,6,2,12,8.0,5.0,7.0,69.625,53.30952380952381
2026-02-22 05:00:00,2026-02-22,5,6,2,8,12.0,5.0,9.0,69.91666666666667,53.339285714285715
2026-02-22 06:00:00,2026-02-22,6,6,2,12,8.0,17.0,10.0,70.04166666666667,53.333333333333336
2026-02-22 07:00:00,2026-02-22,7,6,2,24,12.0,35.0,14.0,69.83333333333333,53.345238095238095
2026-02-22 08:00:00,2026-02-22,8,6,2,42,24.0,56.0,31.0,69.375,53.404761904761905
2026-02-22 09:00:00,2026-02-22,9,6,2,36,42.0,88.0,54.0,68.79166666666667,53.470238095238095
2026-02-22 10:00:00,2026-02-22,10,6,2,27,36.0,101.0,63.0,66.625,53.36309523809524
2026-02-22 11:00:00,2026-02-22,11,6,2,29,27.0,135.0,76.0,63.541666666666664,53.148809523809526
2026-02-22 12:00:00,2026-02-22,12,6,2,37,29.0,126.0,77.0,59.125,52.86904761904762
2026-02-22 13:00:00,2026-02-22,13,6,2,28,37.0,121.0,84.0,55.416666666666664,52.63095238095238
2026-02-22 14:00:00,2026-02-22,14,6,2,31,28.0,122.0,69.0,51.541666666666664,52.29761904761905
2026-02-22 15:00:00,2026-02-22,15,6,2,26,31.0,131.0,70.0,47.75,52.07142857142857
2026-02-22 16:00:00,2026-02-22,16,6,2,17,26.0,108.0,80.0,43.375,51.80952380952381
2026-02-22 17:00:00,2026-02-22,17,6,2,14,17.0,138.0,68.0,39.583333333333336,51.43452380952381
2026-02-22 18:00:00,2026-02-22,18,6,2,10,14.0,134.0,63.0,34.416666666666664,51.11309523809524
2026-02-22 19:00:00,2026-02-22,19,6,2,6,10.0,91.0,41.0,29.25,50.79761904761905
2026-02-22 20:00:00,2026-02-22,20,6,2,0,6.0,52.0,29.0,25.708333333333332,50.589285714285715
2026-02-22 21:00:00,2026-02-22,21,6,2,0,0.0,47.0,25.0,23.541666666666668,50.416666666666664
2026-02-22 22:00:00,2026-02-22,22,6,2,0,0.0,57.0,21.0,21.583333333333332,50.267857142857146
2026-02-22 23:00:00,2026-02-22,23,6,2,0,0.0,38.0,9.0,19.208333333333332,50.142857142857146
2026-02-23 00:00:00,2026-02-23,0,0,2,0,0.0,27.0,9.0,17.625,50.089285714285715
2026-02-23 01:00:00,2026-02-23,1,0,2,0,0.0,16.0,6.0,16.5,50.035714285714285
2026-02-23 02:00:00,2026-02-23,2,0,2,0,0.0,13.0,0.0,15.833333333333334,50.0
2026-02-23 03:00:00,2026-02-23,3,0,2,0,0.0,8.0,1.0,15.291666666666666,50.0
2026-02-23 04:00:00,2026-02-23,4,0,2,0,0.0,12.0,2.0,14.958333333333334,49.99404761904762
2026-02-23 05:00:00,2026-02-23,5,0,2,0,0.0,8.0,9.0,14.458333333333334,49.982142857142854
2026-02-23 06:00:00,2026-02-23,6,0,2,0,0.0,12.0,11.0,14.125,49.92857142857143
2026-02-23 07:00:00,2026-02-23,7,0,2,0,0.0,24.0,26.0,13.625,49.86309523809524
2026-02-23 08:00:00,2026-02-23,8,0,2,0,0.0,42.0,46.0,12.625,49.708333333333336
2026-02-23 09:00:00,2026-02-23,9,0,2,0,0.0,36.0,56.0,10.875,49.43452380952381
2026-02-23 10:00:00,2026-02-23,10,0,2,0,0.0,27.0,51.0,9.375,49.101190476190474
2026-02-23 11:00:00,2026-02-23,11,0,2,0,0.0,29.0,74.0,8.25,48.79761904761905
2026-02-23 12:00:00,2026-02-23,12,0,2,0,0.0,37.0,71.0,7.041666666666667,48.357142857142854
2026-02-23 13:00:00,2026-02-23,13,0,2,0,0.0,28.0,75.0,5.5,47.93452380952381
2026-02-23 14:00:00,2026-02-23,14,0,2,0,0.0,31.0,79.0,4.333333333333333,47.48809523809524
2026-02-23 15:00:00,2026-02-23,15,0,2,0,0.0,26.0,65.0,3.0416666666666665,47.017857142857146
2026-02-23 16:00:00,2026-02-23,16,0,2,0,0.0,17.0,84.0,1.9583333333333333,46.63095238095238
2026-02-23 17:00:00,2026-02-23,17,0,2,0,0.0,14.0,95.0,1.25,46.13095238095238
2026-02-23 18:00:00,2026-02-23,18,0,2,0,0.0,10.0,97.0,0.6666666666666666,45.56547619047619
2026-02-23 19:00:00,2026-02-23,19,0,2,0,0.0,6.0,52.0,0.25,44.98809523809524
2026-02-23 20:00:00,2026-02-23,20,0,2,0,0.0,0.0,36.0,0.0,44.67857142857143
2026-02-23 21:00:00,2026-02-23,21,0,2,0,0.0,0.0,27.0,0.0,44.464285714285715
2026-02-23 22:00:00,2026-02-23,22,0,2,0,0.0,0.0,20.0,0.0,44.30357142857143
2026-02-23 23:00:00,2026-02-23,23,0,2,0,0.0,0.0,13.0,0.0,44.18452380952381
2026-02-24 00:00:00,2026-02-24,0,1,2,0,0.0,0.0,9.0,0.0,44.107142857142854
2026-02-24 01:00:00,2026-02-24,1,1,2,0,0.0,0.0,4.0,0.0,44.05357142857143
2026-02-24 02:00:00,2026-02-24,2,1,2,0,0.0,0.0,1.0,0.0,44.029761904761905
2026-02-24 03:00:00,2026-02-24,3,1,2,0,0.0,0.0,1.0,0.0,44.023809523809526
2026-02-24 04:00:00,2026-02-24,4,1,2,0,0.0,0.0,12.0,0.0,44.017857142857146
2026-02-24 05:00:00,2026-02-24,5,1,2,0,0.0,0.0,26.0,0.0,43.94642857142857
2026-02-24 06:00:00,2026-02-24,6,1,2,0,0.0,0.0,59.0,0.0,43.791666666666664
2026-02-24 07:00:00,2026-02-24,7,1,2,1,0.0,0.0,113.0,0.0,43.44047619047619
2026-02-24 08:00:00,2026-02-24,8,1,2,3,1.0,0.0,132.0,0.041666666666666664,42.773809523809526
2026-02-24 09:00:00,2026-02-24,9,1,2,6,3.0,0.0,61.0,0.16666666666666666,42.00595238095238
2026-02-24 10:00:00,2026-02-24,10,1,2,4,6.0,0.0,49.0,0.4166666666666667,41.67857142857143
2026-02-24 11:00:00,2026-02-24,11,1,2,14,4.0,0.0,46.0,0.5833333333333334,41.410714285714285
2026-02-24 12:00:00,2026-02-24,12,1,2,10,14.0,0.0,55.0,1.1666666666666667,41.220238095238095
2026-02-24 13:00:00,2026-02-24,13,1,2,12,10.0,0.0,60.0,1.5833333333333333,40.95238095238095
2026-02-24 14:00:00,2026-02-24,14,1,2,6,12.0,0.0,54.0,2.0833333333333335,40.666666666666664
2026-02-24 15:00:00,2026-02-24,15,1,2,14,6.0,0.0,86.0,2.3333333333333335,40.38095238095238
2026-02-24 16:00:00,2026-02-24,16,1,2,12,14.0,0.0,98.0,2.9166666666666665,39.95238095238095
2026-02-24 17:00:00,2026-02-24,17,1,2,22,12.0,0.0,180.0,3.4166666666666665,39.44047619047619
2026-02-24 18:00:00,2026-02-24,18,1,2,24,22.0,0.0,163.0,4.333333333333333,38.5
2026-02-24 19:00:00,2026-02-24,19,1,2,21,24.0,0.0,103.0,5.333333333333333,37.67261904761905
2026-02-24 20:00:00,2026-02-24,20,1,2,11,21.0,0.0,78.0,6.208333333333333,37.18452380952381
2026-02-24 21:00:00,2026-02-24,21,1,2,8,11.0,0.0,49.0,6.666666666666667,36.785714285714285
2026-02-24 22:00:00,2026-02-24,22,1,2,5,8.0,0.0,33.0,7.0,36.541666666666664
2026-02-24 23:00:00,2026-02-24,23,1,2,6,5.0,0.0,11.0,7.208333333333333,36.375
2026-02-25 00:00:00,2026-02-25,0,2,2,1,6.0,0.0,6.0,7.458333333333333,36.345238095238095
2026-02-25 01:00:00,2026-02-25,1,2,2,0,1.0,0.0,3.0,7.5,36.31547619047619
2026-02-25 02:00:00,2026-02-25,2,2,2,1,0.0,0.0,3.0,7.5,36.29761904761905
2026-02-25 03:00:00,2026-02-25,3,2,2,1,1.0,0.0,2.0,7.541666666666667,36.285714285714285
2026-02-25 04:00:00,2026-02-25,4,2,2,3,1.0,0.0,5.0,7.583333333333333,36.279761904761905
2026-02-25 05:00:00,2026-02-25,5,2,2,6,3.0,0.0,33.0,7.708333333333333,36.267857142857146
2026-02-25 06:00:00,2026-02-25,6,2,2,4,6.0,0.0,51.0,7.958333333333333,36.107142857142854
2026-02-25 07:00:00,2026-02-25,7,2,2,6,4.0,1.0,126.0,8.125,35.82738095238095
2026-02-25 08:00:00,2026-02-25,8,2,2,14,6.0,3.0,140.0,8.333333333333334,35.11309523809524
2026-02-25 09:00:00,2026-02-25,9,2,2,5,14.0,6.0,41.0,8.791666666666666,34.36309523809524
2026-02-25 10:00:00,2026-02-25,10,2,2,13,5.0,4.0,47.0,8.75,34.148809523809526
2026-02-25 11:00:00,2026-02-25,11,2,2,25,13.0,14.0,47.0,9.125,33.94642857142857
2026-02-25 12:00:00,2026-02-25,12,2,2,19,25.0,10.0,54.0,9.583333333333334,33.81547619047619
2026-02-25 13:00:00,2026-02-25,13,2,2,19,19.0,12.0,49.0,9.958333333333334,33.607142857142854
2026-02-25 14:00:00,2026-02-25,14,2,2,21,19.0,6.0,50.0,10.25,33.42857142857143
2026-02-25 15:00:00,2026-02-25,15,2,2,28,21.0,14.0,82.0,10.875,33.25595238095238
2026-02-25 16:00:00,2026-02-25,16,2,2,38,28.0,12.0,105.0,11.458333333333334,32.93452380952381
2026-02-25 17:00:00,2026-02-25,17,2,2,58,38.0,22.0,146.0,12.541666666666666,32.535714285714285
2026-02-25 18:00:00,2026-02-25,18,2,2,44,58.0,24.0,112.0,14.041666666666666,32.01190476190476
2026-02-25 19:00:00,2026-02-25,19,2,2,39,44.0,21.0,86.0,14.875,31.607142857142858
2026-02-25 20:00:00,2026-02-25,20,2,2,28,39.0,11.0,52.0,15.625,31.327380952380953
2026-02-25 21:00:00,2026-02-25,21,2,2,19,28.0,8.0,28.0,16.333333333333332,31.18452380952381
2026-02-25 22:00:00,2026-02-25,22,2,2,23,19.0,5.0,28.0,16.791666666666668,31.13095238095238
2026-02-25 23:00:00,2026-02-25,23,2,2,14,23.0,6.0,9.0,17.541666666666668,31.101190476190474
2026-02-26 00:00:00,2026-02-26,0,3,2,1,14.0,1.0,7.0,17.875,31.13095238095238
2026-02-26 01:00:00,2026-02-26,1,3,2,2,1.0,0.0,3.0,17.875,31.095238095238095
2026-02-26 02:00:00,2026-02-26,2,3,2,2,2.0,1.0,3.0,17.958333333333332,31.089285714285715
2026-02-26 03:00:00,2026-02-26,3,3,2,1,2.0,1.0,0.0,18.0,31.083333333333332
2026-02-26 04:00:00,2026-02-26,4,3,2,2,1.0,3.0,8.0,18.0,31.089285714285715
2026-02-26 05:00:00,2026-02-26,5,3,2,16,2.0,6.0,39.0,17.958333333333332,31.053571428571427
2026-02-26 06:00:00,2026-02-26,6,3,2,19,16.0,4.0,58.0,18.375,30.916666666666668
2026-02-26 07:00:00,2026-02-26,7,3,2,54,19.0,6.0,134.0,19.0,30.68452380952381
2026-02-26 08:00:00,2026-02-26,8,3,2,60,54.0,14.0,155.0,21.0,30.208333333333332
2026-02-26 09:00:00,2026-02-26,9,3,2,41,60.0,5.0,71.0,22.916666666666668,29.642857142857142
2026-02-26 10:00:00,2026-02-26,10,3,2,26,41.0,13.0,57.0,24.416666666666668,29.464285714285715
2026-02-26 11:00:00,2026-02-26,11,3,2,32,26.0,25.0,60.0,24.958333333333332,29.279761904761905
2026-02-26 12:00:00,2026-02-26,12,3,2,42,32.0,19.0,58.0,25.25,29.113095238095237
2026-02-26 13:00:00,2026-02-26,13,3,2,32,42.0,19.0,42.0,26.208333333333332,29.017857142857142
2026-02-26 14:00:00,2026-02-26,14,3,2,51,32.0,21.0,86.0,26.75,28.958333333333332
2026-02-26 15:00:00,2026-02-26,15,3,2,53,51.0,28.0,91.0,28.0,28.75
2026-02-26 16:00:00,2026-02-26,16,3,2,64,53.0,38.0,124.0,29.041666666666668,28.523809523809526
2026-02-26 17:00:00,2026-02-26,17,3,2,102,64.0,58.0,207.0,30.125,28.166666666666668
2026-02-26 18:00:00,2026-02-26,18,3,2,95,102.0,44.0,161.0,31.958333333333332,27.541666666666668
2026-02-26 19:00:00,2026-02-26,19,3,2,68,95.0,39.0,125.0,34.083333333333336,27.148809523809526
2026-02-26 20:00:00,2026-02-26,20,3,2,43,68.0,28.0,78.0,35.291666666666664,26.80952380952381
2026-02-26 21:00:00,2026-02-26,21,3,2,39,43.0,19.0,47.0,35.916666666666664,26.601190476190474
2026-02-26 22:00:00,2026-02-26,22,3,2,34,39.0,23.0,27.0,36.75,26.553571428571427
2026-02-26 23:00:00,2026-02-26,23,3,2,18,34.0,14.0,22.0,37.208333333333336,26.595238095238095
2026-02-27 00:00:00,2026-02-27,0,4,2,5,18.0,1.0,16.0,37.375,26.571428571428573
2026-02-27 01:00:00,2026-02-27,1,4,2,9,5.0,2.0,4.0,37.541666666666664,26.50595238095238
2026-02-27 02:00:00,2026-02-27,2,4,2,1,9.0,2.0,5.0,37.833333333333336,26.535714285714285
2026-02-27 03:00:00,2026-02-27,3,4,2,0,1.0,1.0,0.0,37.791666666666664,26.511904761904763
2026-02-27 04:00:00,2026-02-27,4,4,2,3,0.0,2.0,8.0,37.75,26.511904761904763
2026-02-27 05:00:00,2026-02-27,5,4,2,19,3.0,16.0,29.0,37.791666666666664,26.482142857142858
2026-02-27 06:00:00,2026-02-27,6,4,2,33,19.0,19.0,42.0,37.916666666666664,26.422619047619047
2026-02-27 07:00:00,2026-02-27,7,4,2,73,33.0,54.0,37.0,38.5,26.36904761904762
2026-02-27 08:00:00,2026-02-27,8,4,2,79,73.0,60.0,30.0,39.291666666666664,26.583333333333332
2026-02-27 09:00:00,2026-02-27,9,4,2,50,79.0,41.0,31.0,40.083333333333336,26.875
2026-02-27 10:00:00,2026-02-27,10,4,2,40,50.0,26.0,20.0,40.458333333333336,26.988095238095237
2026-02-27 11:00:00,2026-02-27,11,4,2,66,40.0,32.0,35.0,41.041666666666664,27.107142857142858
2026-02-27 12:00:00,2026-02-27,12,4,2,64,66.0,42.0,20.0,42.458333333333336,27.291666666666668
2026-02-27 13:00:00,2026-02-27,13,4,2,59,64.0,32.0,32.0,43.375,27.553571428571427
2026-02-27 14:00:00,2026-02-27,14,4,2,76,59.0,51.0,29.0,44.5,27.714285714285715
2026-02-27 15:00:00,2026-02-27,15,4,2,85,76.0,53.0,59.0,45.541666666666664,27.99404761904762
2026-02-27 16:00:00,2026-02-27,16,4,2,115,85.0,64.0,79.0,46.875,28.148809523809526
2026-02-27 17:00:00,2026-02-27,17,4,2,129,115.0,102.0,115.0,49.0,28.363095238095237
2026-02-27 18:00:00,2026-02-27,18,4,2,100,129.0,95.0,94.0,50.125,28.446428571428573
2026-02-27 19:00:00,2026-02-27,19,4,2,101,100.0,68.0,65.0,50.333333333333336,28.482142857142858
2026-02-27 20:00:00,2026-02-27,20,4,2,41,101.0,43.0,42.0,51.708333333333336,28.696428571428573
2026-02-27 21:00:00,2026-02-27,21,4,2,43,41.0,39.0,37.0,51.625,28.69047619047619
2026-02-27 22:00:00,2026-02-27,22,4,2,32,43.0,34.0,26.0,51.791666666666664,28.726190476190474
2026-02-27 23:00:00,2026-02-27,23,4,2,24,32.0,18.0,24.0,51.708333333333336,28.761904761904763
2026-02-28 00:00:00,2026-02-28,0,5,2,26,24.0,5.0,18.0,51.958333333333336,28.761904761904763
2026-02-28 01:00:00,2026-02-28,1,5,2,17,26.0,9.0,11.0,52.833333333333336,28.80952380952381
2026-02-28 02:00:00,2026-02-28,2,5,2,11,17.0,1.0,14.0,53.166666666666664,28.845238095238095
2026-02-28 03:00:00,2026-02-28,3,5,2,10,11.0,0.0,7.0,53.583333333333336,28.827380952380953
2026-02-28 04:00:00,2026-02-28,4,5,2,11,10.0,3.0,5.0,54.0,28.845238095238095
2026-02-28 05:00:00,2026-02-28,5,5,2,4,11.0,19.0,5.0,54.333333333333336,28.88095238095238
2026-02-28 06:00:00,2026-02-28,6,5,2,11,4.0,33.0,17.0,53.708333333333336,28.875
2026-02-28 07:00:00,2026-02-28,7,5,2,29,11.0,73.0,35.0,52.791666666666664,28.839285714285715
2026-02-28 08:00:00,2026-02-28,8,5,2,42,29.0,79.0,56.0,50.958333333333336,28.803571428571427
2026-02-28 09:00:00,2026-02-28,9,5,2,76,42.0,50.0,88.0,49.416666666666664,28.720238095238095
2026-02-28 10:00:00,2026-02-28,10,5,2,106,76.0,40.0,101.0,50.5,28.648809523809526
2026-02-28 11:00:00,2026-02-28,11,5,2,98,106.0,66.0,135.0,53.25,28.678571428571427
2026-02-28 12:00:00,2026-02-28,12,5,2,106,98.0,64.0,126.0,54.583333333333336,28.458333333333332
2026-02-28 13:00:00,2026-02-28,13,5,2,130,106.0,59.0,121.0,56.333333333333336,28.339285714285715
2026-02-28 14:00:00,2026-02-28,14,5,2,107,130.0,76.0,122.0,59.291666666666664,28.392857142857142
2026-02-28 15:00:00,2026-02-28,15,5,2,105,107.0,85.0,131.0,60.583333333333336,28.303571428571427
2026-02-28 16:00:00,2026-02-28,16,5,2,129,105.0,115.0,108.0,61.416666666666664,28.148809523809526
2026-02-28 17:00:00,2026-02-28,17,5,2,96,129.0,129.0,138.0,62.0,28.273809523809526
2026-02-28 18:00:00,2026-02-28,18,5,2,92,96.0,100.0,134.0,60.625,28.023809523809526
2026-02-28 19:00:00,2026-02-28,19,5,2,62,92.0,101.0,91.0,60.291666666666664,27.773809523809526
2026-02-28 20:00:00,2026-02-28,20,5,2,65,62.0,41.0,52.0,58.666666666666664,27.601190476190474
2026-02-28 21:00:00,2026-02-28,21,5,2,42,65.0,43.0,47.0,59.666666666666664,27.678571428571427
2026-02-28 22:00:00,2026-02-28,22,5,2,26,42.0,32.0,57.0,59.625,27.648809523809526
2026-02-28 23:00:00,2026-02-28,23,5,2,36,26.0,24.0,38.0,59.375,27.464285714285715
2026-03-01 00:00:00,2026-03-01,0,6,3,31,36.0,26.0,27.0,59.875,27.452380952380953
2026-03-01 01:00:00,2026-03-01,1,6,3,18,31.0,17.0,16.0,60.083333333333336,27.476190476190474
2026-03-01 02:00:00,2026-03-01,2,6,3,23,18.0,11.0,13.0,60.125,27.488095238095237
2026-03-01 03:00:00,2026-03-01,3,6,3,8,23.0,10.0,8.0,60.625,27.547619047619047
2026-03-01 04:00:00,2026-03-01,4,6,3,11,8.0,11.0,12.0,60.541666666666664,27.547619047619047
2026-03-01 05:00:00,2026-03-01,5,6,3,8,11.0,4.0,8.0,60.541666666666664,27.541666666666668
2026-03-01 06:00:00,2026-03-01,6,6,3,9,8.0,11.0,12.0,60.708333333333336,27.541666666666668
2026-03-01 07:00:00,2026-03-01,7,6,3,21,9.0,29.0,24.0,60.625,27.523809523809526
2026-03-01 08:00:00,2026-03-01,8,6,3,36,21.0,42.0,42.0,60.291666666666664,27.50595238095238
2026-03-01 09:00:00,2026-03-01,9,6,3,41,36.0,76.0,36.0,60.041666666666664,27.470238095238095
2026-03-01 10:00:00,2026-03-01,10,6,3,75,41.0,106.0,27.0,58.583333333333336,27.5
2026-03-01 11:00:00,2026-03-01,11,6,3,96,75.0,98.0,29.0,57.291666666666664,27.785714285714285
2026-03-01 12:00:00,2026-03-01,12,6,3,80,96.0,106.0,37.0,57.208333333333336,28.18452380952381
2026-03-01 13:00:00,2026-03-01,13,6,3,110,80.0,130.0,28.0,56.125,28.44047619047619
2026-03-01 14:00:00,2026-03-01,14,6,3,85,110.0,107.0,31.0,55.291666666666664,28.928571428571427
2026-03-01 15:00:00,2026-03-01,15,6,3,72,85.0,105.0,26.0,54.375,29.25
2026-03-01 16:00:00,2026-03-01,16,6,3,83,72.0,129.0,17.0,53.0,29.523809523809526
2026-03-01 17:00:00,2026-03-01,17,6,3,80,83.0,96.0,14.0,51.083333333333336,29.916666666666668
2026-03-01 18:00:00,2026-03-01,18,6,3,79,80.0,92.0,10.0,50.416666666666664,30.30952380952381
2026-03-01 19:00:00,2026-03-01,19,6,3,54,79.0,62.0,6.0,49.875,30.720238095238095
2026-03-01 20:00:00,2026-03-01,20,6,3,30,54.0,65.0,0.0,49.541666666666664,31.00595238095238
2026-03-01 21:00:00,2026-03-01,21,6,3,23,30.0,42.0,0.0,48.083333333333336,31.18452380952381
2026-03-01 22:00:00,2026-03-01,22,6,3,20,23.0,26.0,0.0,47.291666666666664,31.321428571428573
2026-03-01 23:00:00,2026-03-01,23,6,3,8,20.0,36.0,0.0,47.041666666666664,31.44047619047619
2026-03-02 00:00:00,2026-03-02,0,0,3,5,8.0,31.0,0.0,45.875,31.488095238095237
2026-03-02 01:00:00,2026-03-02,1,0,3,8,5.0,18.0,0.0,44.791666666666664,31.517857142857142
2026-03-02 02:00:00,2026-03-02,2,0,3,5,8.0,23.0,0.0,44.375,31.56547619047619
2026-03-02 03:00:00,2026-03-02,3,0,3,1,5.0,8.0,0.0,43.625,31.595238095238095
2026-03-02 04:00:00,2026-03-02,4,0,3,4,1.0,11.0,0.0,43.333333333333336,31.601190476190474
2026-03-02 05:00:00,2026-03-02,5,0,3,23,4.0,8.0,0.0,43.041666666666664,31.625
2026-03-02 06:00:00,2026-03-02,6,0,3,36,23.0,9.0,0.0,43.666666666666664,31.761904761904763
2026-03-02 07:00:00,2026-03-02,7,0,3,98,36.0,21.0,0.0,44.791666666666664,31.976190476190474
2026-03-02 08:00:00,2026-03-02,8,0,3,122,98.0,36.0,0.0,48.0,32.55952380952381
2026-03-02 09:00:00,2026-03-02,9,0,3,55,122.0,41.0,0.0,51.583333333333336,33.285714285714285
2026-03-02 10:00:00,2026-03-02,10,0,3,41,55.0,75.0,0.0,52.166666666666664,33.61309523809524
2026-03-02 11:00:00,2026-03-02,11,0,3,48,41.0,96.0,0.0,50.75,33.857142857142854
2026-03-02 12:00:00,2026-03-02,12,0,3,52,48.0,80.0,0.0,48.75,34.142857142857146
2026-03-02 13:00:00,2026-03-02,13,0,3,67,52.0,110.0,0.0,47.583333333333336,34.45238095238095
2026-03-02 14:00:00,2026-03-02,14,0,3,76,67.0,85.0,0.0,45.791666666666664,34.851190476190474
2026-03-02 15:00:00,2026-03-02,15,0,3,87,76.0,72.0,0.0,45.416666666666664,35.30357142857143
2026-03-02 16:00:00,2026-03-02,16,0,3,113,87.0,83.0,0.0,46.041666666666664,35.82142857142857
2026-03-02 17:00:00,2026-03-02,17,0,3,149,113.0,80.0,0.0,47.291666666666664,36.49404761904762
2026-03-02 18:00:00,2026-03-02,18,0,3,178,149.0,79.0,0.0,50.166666666666664,37.38095238095238
2026-03-02 19:00:00,2026-03-02,19,0,3,99,178.0,54.0,0.0,54.291666666666664,38.44047619047619
2026-03-02 20:00:00,2026-03-02,20,0,3,56,99.0,30.0,0.0,56.166666666666664,39.029761904761905
2026-03-02 21:00:00,2026-03-02,21,0,3,40,56.0,23.0,0.0,57.25,39.36309523809524
2026-03-02 22:00:00,2026-03-02,22,0,3,32,40.0,20.0,0.0,57.958333333333336,39.601190476190474
2026-03-02 23:00:00,2026-03-02,23,0,3,13,32.0,8.0,0.0,58.458333333333336,39.791666666666664
2026-03-03 00:00:00,2026-03-03,0,1,3,11,13.0,5.0,0.0,58.666666666666664,39.86904761904762
2026-03-03 01:00:00,2026-03-03,1,1,3,5,11.0,8.0,0.0,58.916666666666664,39.93452380952381
2026-03-03 02:00:00,2026-03-03,2,1,3,1,5.0,5.0,0.0,58.791666666666664,39.964285714285715
2026-03-03 03:00:00,2026-03-03,3,1,3,0,1.0,1.0,0.0,58.625,39.970238095238095
2026-03-03 04:00:00,2026-03-03,4,1,3,13,0.0,4.0,0.0,58.583333333333336,39.970238095238095
2026-03-03 05:00:00,2026-03-03,5,1,3,30,13.0,23.0,0.0,58.958333333333336,40.04761904761905
2026-03-03 06:00:00,2026-03-03,6,1,3,57,30.0,36.0,0.0,59.25,40.226190476190474
2026-03-03 07:00:00,2026-03-03,7,1,3,107,57.0,98.0,1.0,60.125,40.56547619047619
2026-03-03 08:00:00,2026-03-03,8,1,3,130,107.0,122.0,3.0,60.5,41.19642857142857
2026-03-03 09:00:00,2026-03-03,9,1,3,42,130.0,55.0,6.0,60.833333333333336,41.95238095238095
2026-03-03 10:00:00,2026-03-03,10,1,3,27,42.0,41.0,4.0,60.291666666666664,42.166666666666664
2026-03-03 11:00:00,2026-03-03,11,1,3,42,27.0,48.0,14.0,59.708333333333336,42.30357142857143
2026-03-03 12:00:00,2026-03-03,12,1,3,40,42.0,52.0,10.0,59.458333333333336,42.470238095238095
2026-03-03 13:00:00,2026-03-03,13,1,3,28,40.0,67.0,12.0,58.958333333333336,42.648809523809526
2026-03-03 14:00:00,2026-03-03,14,1,3,38,28.0,76.0,6.0,57.333333333333336,42.74404761904762
2026-03-03 15:00:00,2026-03-03,15,1,3,43,38.0,87.0,14.0,55.75,42.93452380952381
2026-03-03 16:00:00,2026-03-03,16,1,3,50,43.0,113.0,12.0,53.916666666666664,43.107142857142854
2026-03-03 17:00:00,2026-03-03,17,1,3,97,50.0,149.0,22.0,51.291666666666664,43.333333333333336
2026-03-03 18:00:00,2026-03-03,18,1,3,106,97.0,178.0,24.0,49.125,43.779761904761905
2026-03-03 19:00:00,2026-03-03,19,1,3,53,106.0,99.0,21.0,46.125,44.267857142857146
2026-03-03 20:00:00,2026-03-03,20,1,3,43,53.0,56.0,11.0,44.208333333333336,44.458333333333336
2026-03-03 21:00:00,2026-03-03,21,1,3,29,43.0,40.0,8.0,43.666666666666664,44.648809523809526
2026-03-03 22:00:00,2026-03-03,22,1,3,16,29.0,32.0,5.0,43.208333333333336,44.773809523809526
2026-03-03 23:00:00,2026-03-03,23,1,3,16,16.0,13.0,6.0,42.541666666666664,44.839285714285715
2026-03-04 00:00:00,2026-03-04,0,2,3,4,16.0,11.0,1.0,42.666666666666664,44.898809523809526
2026-03-04 01:00:00,2026-03-04,1,2,3,3,4.0,5.0,0.0,42.375,44.916666666666664
2026-03-04 02:00:00,2026-03-04,2,2,3,4,3.0,1.0,1.0,42.291666666666664,44.93452380952381
2026-03-04 03:00:00,2026-03-04,3,2,3,5,4.0,0.0,1.0,42.416666666666664,44.95238095238095
2026-03-04 04:00:00,2026-03-04,4,2,3,10,5.0,13.0,3.0,42.625,44.976190476190474
2026-03-04 05:00:00,2026-03-04,5,2,3,31,10.0,30.0,6.0,42.5,45.017857142857146
2026-03-04 06:00:00,2026-03-04,6,2,3,59,31.0,57.0,4.0,42.541666666666664,45.166666666666664
2026-03-04 07:00:00,2026-03-04,7,2,3,142,59.0,107.0,6.0,42.625,45.49404761904762
2026-03-04 08:00:00,2026-03-04,8,2,3,178,142.0,130.0,14.0,44.083333333333336,46.30357142857143
2026-03-04 09:00:00,2026-03-04,9,2,3,52,178.0,42.0,5.0,46.083333333333336,47.279761904761905
2026-03-04 10:00:00,2026-03-04,10,2,3,59,52.0,27.0,13.0,46.5,47.55952380952381
2026-03-04 11:00:00,2026-03-04,11,2,3,63,59.0,42.0,25.0,47.833333333333336,47.833333333333336
2026-03-04 12:00:00,2026-03-04,12,2,3,65,63.0,40.0,19.0,48.708333333333336,48.05952380952381
2026-03-04 13:00:00,2026-03-04,13,2,3,62,65.0,28.0,19.0,49.75,48.333333333333336
2026-03-04 14:00:00,2026-03-04,14,2,3,78,62.0,38.0,21.0,51.166666666666664,48.589285714285715
2026-03-04 15:00:00,2026-03-04,15,2,3,106,78.0,43.0,28.0,52.833333333333336,48.92857142857143
2026-03-04 16:00:00,2026-03-04,16,2,3,151,106.0,50.0,38.0,55.458333333333336,49.392857142857146
2026-03-04 17:00:00,2026-03-04,17,2,3,202,151.0,97.0,58.0,59.666666666666664,50.06547619047619
2026-03-04 18:00:00,2026-03-04,18,2,3,213,202.0,106.0,44.0,64.04166666666667,50.92261904761905
2026-03-04 19:00:00,2026-03-04,19,2,3,103,213.0,53.0,39.0,68.5,51.92857142857143
2026-03-04 20:00:00,2026-03-04,20,2,3,95,103.0,43.0,28.0,70.58333333333333,52.30952380952381
2026-03-04 21:00:00,2026-03-04,21,2,3,46,95.0,29.0,19.0,72.75,52.708333333333336
2026-03-04 22:00:00,2026-03-04,22,2,3,52,46.0,16.0,23.0,73.45833333333333,52.86904761904762
2026-03-04 23:00:00,2026-03-04,23,2,3,25,52.0,16.0,14.0,74.95833333333333,53.041666666666664
2026-03-05 00:00:00,2026-03-05,0,3,3,10,25.0,4.0,1.0,75.33333333333333,53.107142857142854
2026-03-05 01:00:00,2026-03-05,1,3,3,4,10.0,3.0,2.0,75.58333333333333,53.160714285714285
2026-03-05 02:00:00,2026-03-05,2,3,3,3,4.0,4.0,2.0,75.625,53.17261904761905
2026-03-05 03:00:00,2026-03-05,3,3,3,0,3.0,5.0,1.0,75.58333333333333,53.17857142857143
2026-03-05 04:00:00,2026-03-05,4,3,3,6,0.0,10.0,2.0,75.375,53.17261904761905
2026-03-05 05:00:00,2026-03-05,5,3,3,27,6.0,31.0,16.0,75.20833333333333,53.19642857142857
2026-03-05 06:00:00,2026-03-05,6,3,3,35,27.0,59.0,19.0,75.04166666666667,53.26190476190476
2026-03-05 07:00:00,2026-03-05,7,3,3,65,35.0,142.0,54.0,74.04166666666667,53.357142857142854
2026-03-05 08:00:00,2026-03-05,8,3,3,42,65.0,178.0,60.0,70.83333333333333,53.42261904761905
2026-03-05 09:00:00,2026-03-05,9,3,3,13,42.0,52.0,41.0,65.16666666666667,53.31547619047619
2026-03-05 10:00:00,2026-03-05,10,3,3,15,13.0,59.0,26.0,63.541666666666664,53.148809523809526
2026-03-05 11:00:00,2026-03-05,11,3,3,22,15.0,63.0,32.0,61.708333333333336,53.083333333333336
2026-03-05 12:00:00,2026-03-05,12,3,3,46,22.0,65.0,42.0,60.0,53.023809523809526
2026-03-05 13:00:00,2026-03-05,13,3,3,39,46.0,62.0,32.0,59.208333333333336,53.04761904761905
2026-03-05 14:00:00,2026-03-05,14,3,3,50,39.0,78.0,51.0,58.25,53.089285714285715
2026-03-05 15:00:00,2026-03-05,15,3,3,85,50.0,106.0,53.0,57.083333333333336,53.083333333333336
2026-03-05 16:00:00,2026-03-05,16,3,3,87,85.0,151.0,64.0,56.208333333333336,53.273809523809526
2026-03-05 17:00:00,2026-03-05,17,3,3,119,87.0,202.0,102.0,53.541666666666664,53.410714285714285
2026-03-05 18:00:00,2026-03-05,18,3,3,92,119.0,213.0,95.0,50.083333333333336,53.51190476190476
2026-03-05 19:00:00,2026-03-05,19,3,3,42,92.0,103.0,68.0,45.041666666666664,53.49404761904762
2026-03-05 20:00:00,2026-03-05,20,3,3,25,42.0,95.0,43.0,42.5,53.339285714285715
2026-03-05 21:00:00,2026-03-05,21,3,3,18,25.0,46.0,39.0,39.583333333333336,53.232142857142854
2026-03-05 22:00:00,2026-03-05,22,3,3,5,18.0,52.0,34.0,38.416666666666664,53.107142857142854
2026-03-05 23:00:00,2026-03-05,23,3,3,4,5.0,25.0,18.0,36.458333333333336,52.93452380952381
2026-03-06 00:00:00,2026-03-06,0,4,3,4,4.0,10.0,5.0,35.583333333333336,52.851190476190474
2026-03-06 01:00:00,2026-03-06,1,4,3,6,4.0,4.0,9.0,35.333333333333336,52.845238095238095
2026-03-06 02:00:00,2026-03-06,2,4,3,4,6.0,3.0,1.0,35.416666666666664,52.82738095238095
2026-03-06 03:00:00,2026-03-06,3,4,3,0,4.0,0.0,0.0,35.458333333333336,52.845238095238095
2026-03-06 04:00:00,2026-03-06,4,4,3,11,0.0,6.0,3.0,35.458333333333336,52.845238095238095
2026-03-06 05:00:00,2026-03-06,5,4,3,22,11.0,27.0,19.0,35.666666666666664,52.892857142857146
2026-03-06 06:00:00,2026-03-06,6,4,3,53,22.0,35.0,33.0,35.458333333333336,52.910714285714285
2026-03-06 07:00:00,2026-03-06,7,4,3,109,53.0,65.0,73.0,36.208333333333336,53.029761904761905
2026-03-06 08:00:00,2026-03-06,8,4,3,110,109.0,42.0,79.0,38.041666666666664,53.24404761904762
2026-03-06 09:00:00,2026-03-06,9,4,3,69,110.0,13.0,50.0,40.875,53.42857142857143
2026-03-06 10:00:00,2026-03-06,10,4,3,76,69.0,15.0,40.0,43.208333333333336,53.541666666666664
2026-03-06 11:00:00,2026-03-06,11,4,3,60,76.0,22.0,66.0,45.75,53.75595238095238
2026-03-06 12:00:00,2026-03-06,12,4,3,71,60.0,46.0,64.0,47.333333333333336,53.720238095238095
2026-03-06 13:00:00,2026-03-06,13,4,3,90,71.0,39.0,59.0,48.375,53.76190476190476
2026-03-06 14:00:00,2026-03-06,14,4,3,88,90.0,50.0,76.0,50.5,53.94642857142857
2026-03-06 15:00:00,2026-03-06,15,4,3,153,88.0,85.0,85.0,52.083333333333336,54.017857142857146
2026-03-06 16:00:00,2026-03-06,16,4,3,115,153.0,87.0,115.0,54.916666666666664,54.42261904761905
2026-03-06 17:00:00,2026-03-06,17,4,3,166,115.0,119.0,129.0,56.083333333333336,54.42261904761905
2026-03-06 18:00:00,2026-03-06,18,4,3,167,166.0,92.0,100.0,58.041666666666664,54.642857142857146
2026-03-06 19:00:00,2026-03-06,19,4,3,114,167.0,42.0,101.0,61.166666666666664,55.041666666666664
2026-03-06 20:00:00,2026-03-06,20,4,3,79,114.0,25.0,41.0,64.16666666666667,55.11904761904762
2026-03-06 21:00:00,2026-03-06,21,4,3,60,79.0,18.0,43.0,66.41666666666667,55.345238095238095
2026-03-06 22:00:00,2026-03-06,22,4,3,60,60.0,5.0,32.0,68.16666666666667,55.44642857142857
2026-03-06 23:00:00,2026-03-06,23,4,3,43,60.0,4.0,24.0,70.45833333333333,55.61309523809524
2026-03-07 00:00:00,2026-03-07,0,5,3,29,43.0,4.0,26.0,72.08333333333333,55.726190476190474
2026-03-07 01:00:00,2026-03-07,1,5,3,21,29.0,6.0,17.0,73.125,55.74404761904762
2026-03-07 02:00:00,2026-03-07,2,5,3,25,21.0,4.0,11.0,73.75,55.767857142857146
2026-03-07 03:00:00,2026-03-07,3,5,3,9,25.0,0.0,10.0,74.625,55.851190476190474
2026-03-07 04:00:00,2026-03-07,4,5,3,5,9.0,11.0,11.0,75.0,55.845238095238095
2026-03-07 05:00:00,2026-03-07,5,5,3,4,5.0,22.0,4.0,74.75,55.80952380952381
2026-03-07 06:00:00,2026-03-07,6,5,3,12,4.0,53.0,11.0,74.0,55.80952380952381
2026-03-07 07:00:00,2026-03-07,7,5,3,47,12.0,109.0,29.0,72.29166666666667,55.81547619047619
2026-03-07 08:00:00,2026-03-07,8,5,3,50,47.0,110.0,42.0,69.70833333333333,55.92261904761905
2026-03-07 09:00:00,2026-03-07,9,5,3,91,50.0,69.0,76.0,67.20833333333333,55.970238095238095
2026-03-07 10:00:00,2026-03-07,10,5,3,101,91.0,76.0,106.0,68.125,56.05952380952381
2026-03-07 11:00:00,2026-03-07,11,5,3,118,101.0,60.0,98.0,69.16666666666667,56.029761904761905
2026-03-07 12:00:00,2026-03-07,12,5,3,136,118.0,71.0,106.0,71.58333333333333,56.148809523809526
2026-03-07 13:00:00,2026-03-07,13,5,3,127,136.0,90.0,130.0,74.29166666666667,56.32738095238095
2026-03-07 14:00:00,2026-03-07,14,5,3,111,127.0,88.0,107.0,75.83333333333333,56.30952380952381
2026-03-07 15:00:00,2026-03-07,15,5,3,117,111.0,153.0,105.0,76.79166666666667,56.333333333333336
2026-03-07 16:00:00,2026-03-07,16,5,3,133,117.0,115.0,129.0,75.29166666666667,56.404761904761905
2026-03-07 17:00:00,2026-03-07,17,5,3,117,133.0,166.0,96.0,76.04166666666667,56.42857142857143
2026-03-07 18:00:00,2026-03-07,18,5,3,120,117.0,167.0,92.0,74.0,56.55357142857143
2026-03-07 19:00:00,2026-03-07,19,5,3,80,120.0,114.0,62.0,72.04166666666667,56.720238095238095
2026-03-07 20:00:00,2026-03-07,20,5,3,72,80.0,79.0,65.0,70.625,56.82738095238095
2026-03-07 21:00:00,2026-03-07,21,5,3,53,72.0,60.0,42.0,70.33333333333333,56.86904761904762
2026-03-07 22:00:00,2026-03-07,22,5,3,51,53.0,60.0,26.0,70.04166666666667,56.93452380952381
2026-03-07 23:00:00,2026-03-07,23,5,3,46,51.0,43.0,36.0,69.66666666666667,57.083333333333336
2026-03-08 00:00:00,2026-03-08,0,6,3,40,46.0,29.0,31.0,69.79166666666667,57.142857142857146
2026-03-08 01:00:00,2026-03-08,1,6,3,25,40.0,21.0,18.0,70.25,57.19642857142857
2026-03-08 02:00:00,2026-03-08,2,6,3,0,25.0,25.0,23.0,70.41666666666667,57.23809523809524
2026-03-08 03:00:00,2026-03-08,3,6,3,24,0.0,9.0,8.0,69.375,57.101190476190474
2026-03-08 04:00:00,2026-03-08,4,6,3,19,24.0,5.0,11.0,70.0,57.19642857142857
2026-03-08 05:00:00,2026-03-08,5,6,3,13,19.0,4.0,8.0,70.58333333333333,57.24404761904762
2026-03-08 06:00:00,2026-03-08,6,6,3,16,13.0,12.0,9.0,70.95833333333333,57.273809523809526
2026-03-08 07:00:00,2026-03-08,7,6,3,17,16.0,47.0,21.0,71.125,57.31547619047619
2026-03-08 08:00:00,2026-03-08,8,6,3,55,17.0,50.0,36.0,69.875,57.291666666666664
2026-03-08 09:00:00,2026-03-08,9,6,3,54,55.0,91.0,41.0,70.08333333333333,57.404761904761905
2026-03-08 10:00:00,2026-03-08,10,6,3,90,54.0,101.0,75.0,68.54166666666667,57.482142857142854
2026-03-08 11:00:00,2026-03-08,11,6,3,113,90.0,118.0,96.0,68.08333333333333,57.57142857142857
2026-03-08 12:00:00,2026-03-08,12,6,3,129,113.0,136.0,80.0,67.875,57.67261904761905
2026-03-08 13:00:00,2026-03-08,13,6,3,169,129.0,127.0,110.0,67.58333333333333,57.964285714285715
2026-03-08 14:00:00,2026-03-08,14,6,3,172,169.0,111.0,85.0,69.33333333333333,58.31547619047619
2026-03-08 15:00:00,2026-03-08,15,6,3,179,172.0,117.0,72.0,71.875,58.833333333333336
2026-03-08 16:00:00,2026-03-08,16,6,3,175,179.0,133.0,83.0,74.45833333333333,59.470238095238095
2026-03-08 17:00:00,2026-03-08,17,6,3,176,175.0,117.0,80.0,76.20833333333333,60.017857142857146
2026-03-08 18:00:00,2026-03-08,18,6,3,140,176.0,120.0,79.0,78.66666666666667,60.589285714285715
2026-03-08 19:00:00,2026-03-08,19,6,3,128,140.0,80.0,54.0,79.5,60.95238095238095
2026-03-08 20:00:00,2026-03-08,20,6,3,80,128.0,72.0,30.0,81.5,61.392857142857146
2026-03-08 21:00:00,2026-03-08,21,6,3,52,80.0,53.0,23.0,81.83333333333333,61.69047619047619
2026-03-08 22:00:00,2026-03-08,22,6,3,29,52.0,51.0,20.0,81.79166666666667,61.86309523809524
2026-03-08 23:00:00,2026-03-08,23,6,3,27,29.0,46.0,8.0,80.875,61.916666666666664
2026-03-09 00:00:00,2026-03-09,0,0,3,18,27.0,40.0,5.0,80.08333333333333,62.029761904761905
2026-03-09 01:00:00,2026-03-09,1,0,3,3,18.0,25.0,8.0,79.16666666666667,62.107142857142854
2026-03-09 02:00:00,2026-03-09,2,0,3,3,3.0,0.0,5.0,78.25,62.07738095238095
2026-03-09 03:00:00,2026-03-09,3,0,3,2,3.0,24.0,1.0,78.375,62.06547619047619
2026-03-09 04:00:00,2026-03-09,4,0,3,3,2.0,19.0,4.0,77.45833333333333,62.07142857142857
2026-03-09 05:00:00,2026-03-09,5,0,3,29,3.0,13.0,23.0,76.79166666666667,62.06547619047619
2026-03-09 06:00:00,2026-03-09,6,0,3,76,29.0,16.0,36.0,77.45833333333333,62.101190476190474
2026-03-09 07:00:00,2026-03-09,7,0,3,161,76.0,17.0,98.0,79.95833333333333,62.339285714285715
2026-03-09 08:00:00,2026-03-09,8,0,3,218,161.0,55.0,122.0,85.95833333333333,62.714285714285715
2026-03-09 09:00:00,2026-03-09,9,0,3,111,218.0,54.0,55.0,92.75,63.285714285714285
2026-03-09 10:00:00,2026-03-09,10,0,3,103,111.0,90.0,41.0,95.125,63.61904761904762
2026-03-09 11:00:00,2026-03-09,11,0,3,110,103.0,113.0,48.0,95.66666666666667,63.98809523809524
2026-03-09 12:00:00,2026-03-09,12,0,3,123,110.0,129.0,52.0,95.54166666666667,64.35714285714286
2026-03-09 13:00:00,2026-03-09,13,0,3,120,123.0,169.0,67.0,95.29166666666667,64.7797619047619
2026-03-09 14:00:00,2026-03-09,14,0,3,138,120.0,172.0,76.0,93.25,65.0952380952381
2026-03-09 15:00:00,2026-03-09,15,0,3,154,138.0,179.0,87.0,91.83333333333333,65.46428571428571
2026-03-09 16:00:00,2026-03-09,16,0,3,203,154.0,175.0,113.0,90.79166666666667,65.86309523809524
2026-03-09 17:00:00,2026-03-09,17,0,3,349,203.0,176.0,149.0,91.95833333333333,66.39880952380952
2026-03-09 18:00:00,2026-03-09,18,0,3,331,349.0,140.0,178.0,99.16666666666667,67.58928571428571
2026-03-09 19:00:00,2026-03-09,19,0,3,201,331.0,128.0,99.0,107.125,68.5
2026-03-09 20:00:00,2026-03-09,20,0,3,154,201.0,80.0,56.0,110.16666666666667,69.10714285714286
2026-03-09 21:00:00,2026-03-09,21,0,3,123,154.0,52.0,40.0,113.25,69.69047619047619
2026-03-09 22:00:00,2026-03-09,22,0,3,61,123.0,29.0,32.0,116.20833333333333,70.18452380952381
2026-03-09 23:00:00,2026-03-09,23,0,3,29,61.0,27.0,13.0,117.54166666666667,70.35714285714286
2026-03-10 00:00:00,2026-03-10,0,1,3,14,29.0,18.0,11.0,117.625,70.45238095238095
2026-03-10 01:00:00,2026-03-10,1,1,3,9,14.0,3.0,5.0,117.45833333333333,70.4702380952381
2026-03-10 02:00:00,2026-03-10,2,1,3,11,9.0,3.0,1.0,117.70833333333333,70.49404761904762
2026-03-10 03:00:00,2026-03-10,3,1,3,1,11.0,2.0,0.0,118.04166666666667,70.55357142857143
2026-03-10 04:00:00,2026-03-10,4,1,3,14,1.0,3.0,13.0,118.0,70.55952380952381
2026-03-10 05:00:00,2026-03-10,5,1,3,32,14.0,29.0,30.0,118.45833333333333,70.56547619047619
2026-03-10 06:00:00,2026-03-10,6,1,3,95,32.0,76.0,57.0,118.58333333333333,70.57738095238095
2026-03-10 07:00:00,2026-03-10,7,1,3,203,95.0,161.0,107.0,119.375,70.80357142857143
2026-03-10 08:00:00,2026-03-10,8,1,3,262,203.0,218.0,130.0,121.125,71.375
2026-03-10 09:00:00,2026-03-10,9,1,3,131,262.0,111.0,42.0,122.95833333333333,72.16071428571429
2026-03-10 10:00:00,2026-03-10,10,1,3,97,131.0,103.0,27.0,123.79166666666667,72.69047619047619
2026-03-10 11:00:00,2026-03-10,11,1,3,87,97.0,110.0,42.0,123.54166666666667,73.10714285714286
2026-03-10 12:00:00,2026-03-10,12,1,3,116,87.0,123.0,40.0,122.58333333333333,73.375
2026-03-10 13:00:00,2026-03-10,13,1,3,116,116.0,120.0,28.0,122.29166666666667,73.82738095238095
2026-03-10 14:00:00,2026-03-10,14,1,3,144,116.0,138.0,38.0,122.125,74.35119047619048
2026-03-10 15:00:00,2026-03-10,15,1,3,177,144.0,154.0,43.0,122.375,74.98214285714286
2026-03-10 16:00:00,2026-03-10,16,1,3,231,177.0,203.0,50.0,123.33333333333333,75.7797619047619
2026-03-10 17:00:00,2026-03-10,17,1,3,361,231.0,349.0,97.0,124.5,76.85714285714286
2026-03-10 18:00:00,2026-03-10,18,1,3,366,361.0,331.0,106.0,125.0,78.42857142857143
2026-03-10 19:00:00,2026-03-10,19,1,3,219,366.0,201.0,53.0,126.45833333333333,79.97619047619048
2026-03-10 20:00:00,2026-03-10,20,1,3,142,219.0,154.0,43.0,127.20833333333333,80.96428571428571
2026-03-10 21:00:00,2026-03-10,21,1,3,104,142.0,123.0,29.0,126.70833333333333,81.55357142857143
2026-03-10 22:00:00,2026-03-10,22,1,3,62,104.0,61.0,16.0,125.91666666666667,82.0
2026-03-10 23:00:00,2026-03-10,23,1,3,48,62.0,29.0,16.0,125.95833333333333,82.27380952380952
2026-03-11 00:00:00,2026-03-11,0,2,3,18,48.0,14.0,4.0,126.75,82.46428571428571
2026-03-11 01:00:00,2026-03-11,1,2,3,14,18.0,9.0,3.0,126.91666666666667,82.54761904761905
2026-03-11 02:00:00,2026-03-11,2,2,3,6,14.0,11.0,4.0,127.125,82.61309523809524
2026-03-11 03:00:00,2026-03-11,3,2,3,4,6.0,1.0,5.0,126.91666666666667,82.625
2026-03-11 04:00:00,2026-03-11,4,2,3,10,4.0,14.0,10.0,127.04166666666667,82.61904761904762
2026-03-11 05:00:00,2026-03-11,5,2,3,38,10.0,32.0,31.0,126.875,82.61904761904762
2026-03-11 06:00:00,2026-03-11,6,2,3,94,38.0,95.0,59.0,127.125,82.66071428571429
2026-03-11 07:00:00,2026-03-11,7,2,3,209,94.0,203.0,142.0,127.08333333333333,82.86904761904762
2026-03-11 08:00:00,2026-03-11,8,2,3,277,209.0,262.0,178.0,127.33333333333333,83.26785714285714
2026-03-11 09:00:00,2026-03-11,9,2,3,119,277.0,131.0,52.0,127.95833333333333,83.85714285714286
2026-03-11 10:00:00,2026-03-11,10,2,3,95,119.0,97.0,59.0,127.45833333333333,84.25595238095238
2026-03-11 11:00:00,2026-03-11,11,2,3,91,95.0,87.0,63.0,127.375,84.4702380952381
2026-03-11 12:00:00,2026-03-11,12,2,3,123,91.0,116.0,65.0,127.54166666666667,84.63690476190476
2026-03-11 13:00:00,2026-03-11,13,2,3,115,123.0,116.0,62.0,127.83333333333333,84.98214285714286
2026-03-11 14:00:00,2026-03-11,14,2,3,129,115.0,144.0,78.0,127.79166666666667,85.29761904761905
2026-03-11 15:00:00,2026-03-11,15,2,3,197,129.0,177.0,106.0,127.16666666666667,85.60119047619048
2026-03-11 16:00:00,2026-03-11,16,2,3,228,197.0,231.0,151.0,128.0,86.14285714285714
2026-03-11 17:00:00,2026-03-11,17,2,3,364,228.0,361.0,202.0,127.875,86.60119047619048
2026-03-11 18:00:00,2026-03-11,18,2,3,309,364.0,366.0,213.0,128.0,87.56547619047619
2026-03-11 19:00:00,2026-03-11,19,2,3,233,309.0,219.0,103.0,125.625,88.13690476190476
2026-03-11 20:00:00,2026-03-11,20,2,3,118,233.0,142.0,95.0,126.20833333333333,88.91071428571429
2026-03-11 21:00:00,2026-03-11,21,2,3,79,118.0,104.0,46.0,125.20833333333333,89.04761904761905
2026-03-11 22:00:00,2026-03-11,22,2,3,43,79.0,62.0,52.0,124.16666666666667,89.24404761904762
2026-03-11 23:00:00,2026-03-11,23,2,3,31,43.0,48.0,25.0,123.375,89.19047619047619
2026-03-12 00:00:00,2026-03-12,0,3,3,1,31.0,18.0,10.0,122.66666666666667,89.22619047619048
2026-03-12 01:00:00,2026-03-12,1,3,3,3,1.0,14.0,4.0,121.95833333333333,89.17261904761905
2026-03-12 02:00:00,2026-03-12,2,3,3,4,3.0,6.0,3.0,121.5,89.16666666666667
2026-03-12 03:00:00,2026-03-12,3,3,3,0,4.0,4.0,0.0,121.41666666666667,89.17261904761905
2026-03-12 04:00:00,2026-03-12,4,3,3,8,0.0,10.0,6.0,121.25,89.17261904761905
2026-03-12 05:00:00,2026-03-12,5,3,3,30,8.0,38.0,27.0,121.16666666666667,89.18452380952381
2026-03-12 06:00:00,2026-03-12,6,3,3,92,30.0,94.0,35.0,120.83333333333333,89.20238095238095
2026-03-12 07:00:00,2026-03-12,7,3,3,139,92.0,209.0,65.0,120.75,89.54166666666667
2026-03-12 08:00:00,2026-03-12,8,3,3,114,139.0,277.0,42.0,117.83333333333333,89.98214285714286
2026-03-12 09:00:00,2026-03-12,9,3,3,41,114.0,119.0,13.0,111.04166666666667,90.41071428571429
2026-03-12 10:00:00,2026-03-12,10,3,3,66,41.0,95.0,15.0,107.79166666666667,90.57738095238095
2026-03-12 11:00:00,2026-03-12,11,3,3,46,66.0,91.0,22.0,106.58333333333333,90.88095238095238
2026-03-12 12:00:00,2026-03-12,12,3,3,46,46.0,123.0,46.0,104.70833333333333,91.02380952380952
2026-03-12 13:00:00,2026-03-12,13,3,3,47,46.0,115.0,39.0,101.5,91.02380952380952
2026-03-12 14:00:00,2026-03-12,14,3,3,57,47.0,129.0,50.0,98.66666666666667,91.07142857142857
2026-03-12 15:00:00,2026-03-12,15,3,3,89,57.0,197.0,85.0,95.66666666666667,91.11309523809524
2026-03-12 16:00:00,2026-03-12,16,3,3,61,89.0,228.0,87.0,91.16666666666667,91.13690476190476
2026-03-12 17:00:00,2026-03-12,17,3,3,110,61.0,364.0,119.0,84.20833333333333,90.98214285714286
2026-03-12 18:00:00,2026-03-12,18,3,3,114,110.0,309.0,92.0,73.625,90.92857142857143
2026-03-12 19:00:00,2026-03-12,19,3,3,104,114.0,233.0,42.0,65.5,91.05952380952381
2026-03-12 20:00:00,2026-03-12,20,3,3,79,104.0,118.0,25.0,60.125,91.42857142857143
2026-03-12 21:00:00,2026-03-12,21,3,3,53,79.0,79.0,18.0,58.5,91.75
2026-03-12 22:00:00,2026-03-12,22,3,3,35,53.0,43.0,5.0,57.416666666666664,91.95833333333333
2026-03-12 23:00:00,2026-03-12,23,3,3,31,35.0,31.0,4.0,57.083333333333336,92.13690476190476
2026-03-13 00:00:00,2026-03-13,0,4,3,19,31.0,1.0,4.0,57.083333333333336,92.29761904761905
2026-03-13 01:00:00,2026-03-13,1,4,3,8,19.0,3.0,6.0,57.833333333333336,92.38690476190476
2026-03-13 02:00:00,2026-03-13,2,4,3,6,8.0,4.0,4.0,58.041666666666664,92.39880952380952
2026-03-13 03:00:00,2026-03-13,3,4,3,2,6.0,0.0,0.0,58.125,92.41071428571429
2026-03-13 04:00:00,2026-03-13,4,4,3,7,2.0,8.0,11.0,58.208333333333336,92.42261904761905
2026-03-13 05:00:00,2026-03-13,5,4,3,26,7.0,30.0,22.0,58.166666666666664,92.39880952380952
2026-03-13 06:00:00,2026-03-13,6,4,3,67,26.0,92.0,53.0,58.0,92.42261904761905
2026-03-13 07:00:00,2026-03-13,7,4,3,137,67.0,139.0,109.0,56.958333333333336,92.50595238095238
2026-03-13 08:00:00,2026-03-13,8,4,3,163,137.0,114.0,110.0,56.875,92.67261904761905
2026-03-13 09:00:00,2026-03-13,9,4,3,91,163.0,41.0,69.0,58.916666666666664,92.98809523809524
2026-03-13 10:00:00,2026-03-13,10,4,3,70,91.0,66.0,76.0,61.0,93.11904761904762
2026-03-13 11:00:00,2026-03-13,11,4,3,105,70.0,46.0,60.0,61.166666666666664,93.08333333333333
2026-03-13 12:00:00,2026-03-13,12,4,3,140,105.0,46.0,71.0,63.625,93.35119047619048
2026-03-13 13:00:00,2026-03-13,13,4,3,139,140.0,47.0,90.0,67.54166666666667,93.76190476190476
2026-03-13 14:00:00,2026-03-13,14,4,3,129,139.0,57.0,88.0,71.375,94.05357142857143
2026-03-13 15:00:00,2026-03-13,15,4,3,146,129.0,89.0,153.0,74.375,94.29761904761905
2026-03-13 16:00:00,2026-03-13,16,4,3,152,146.0,61.0,115.0,76.75,94.25595238095238
2026-03-13 17:00:00,2026-03-13,17,4,3,179,152.0,110.0,166.0,80.54166666666667,94.47619047619048
2026-03-13 18:00:00,2026-03-13,18,4,3,179,179.0,114.0,167.0,83.41666666666667,94.55357142857143
2026-03-13 19:00:00,2026-03-13,19,4,3,128,179.0,104.0,114.0,86.125,94.625
2026-03-13 20:00:00,2026-03-13,20,4,3,77,128.0,79.0,79.0,87.125,94.70833333333333
2026-03-13 21:00:00,2026-03-13,21,4,3,65,77.0,53.0,60.0,87.04166666666667,94.69642857142857
2026-03-13 22:00:00,2026-03-13,22,4,3,70,65.0,35.0,60.0,87.54166666666667,94.72619047619048
2026-03-13 23:00:00,2026-03-13,23,4,3,44,70.0,31.0,43.0,89.0,94.78571428571429
2026-03-14 00:00:00,2026-03-14,0,5,3,31,44.0,19.0,29.0,89.54166666666667,94.79166666666667
2026-03-14 01:00:00,2026-03-14,1,5,3,30,31.0,8.0,21.0,90.04166666666667,94.80357142857143
2026-03-14 02:00:00,2026-03-14,2,5,3,18,30.0,6.0,25.0,90.95833333333333,94.85714285714286
2026-03-14 03:00:00,2026-03-14,3,5,3,5,18.0,2.0,9.0,91.45833333333333,94.81547619047619
2026-03-14 04:00:00,2026-03-14,4,5,3,12,5.0,7.0,5.0,91.58333333333333,94.79166666666667
2026-03-14 05:00:00,2026-03-14,5,5,3,11,12.0,26.0,4.0,91.79166666666667,94.83333333333333
2026-03-14 06:00:00,2026-03-14,6,5,3,15,11.0,67.0,12.0,91.16666666666667,94.875
2026-03-14 07:00:00,2026-03-14,7,5,3,50,15.0,137.0,47.0,89.0,94.89285714285714
2026-03-14 08:00:00,2026-03-14,8,5,3,79,50.0,163.0,50.0,85.375,94.91071428571429
2026-03-14 09:00:00,2026-03-14,9,5,3,118,79.0,91.0,91.0,81.875,95.08333333333333
2026-03-14 10:00:00,2026-03-14,10,5,3,143,118.0,70.0,101.0,83.0,95.24404761904762
2026-03-14 11:00:00,2026-03-14,11,5,3,159,143.0,105.0,118.0,86.04166666666667,95.49404761904762
2026-03-14 12:00:00,2026-03-14,12,5,3,133,159.0,140.0,136.0,88.29166666666667,95.73809523809524
2026-03-14 13:00:00,2026-03-14,13,5,3,158,133.0,139.0,127.0,88.0,95.7202380952381
2026-03-14 14:00:00,2026-03-14,14,5,3,134,158.0,129.0,111.0,88.79166666666667,95.9047619047619
2026-03-14 15:00:00,2026-03-14,15,5,3,122,134.0,146.0,117.0,89.0,96.04166666666667
2026-03-14 16:00:00,2026-03-14,16,5,3,143,122.0,152.0,133.0,88.0,96.07142857142857
2026-03-14 17:00:00,2026-03-14,17,5,3,138,143.0,179.0,117.0,87.625,96.13095238095238
2026-03-14 18:00:00,2026-03-14,18,5,3,146,138.0,179.0,120.0,85.91666666666667,96.25595238095238
2026-03-14 19:00:00,2026-03-14,19,5,3,123,146.0,128.0,80.0,84.54166666666667,96.41071428571429
2026-03-14 20:00:00,2026-03-14,20,5,3,86,123.0,77.0,72.0,84.33333333333333,96.66666666666667
2026-03-14 21:00:00,2026-03-14,21,5,3,72,86.0,65.0,53.0,84.70833333333333,96.75
2026-03-14 22:00:00,2026-03-14,22,5,3,57,72.0,70.0,51.0,85.0,96.86309523809524
2026-03-14 23:00:00,2026-03-14,23,5,3,48,57.0,44.0,46.0,84.45833333333333,96.89880952380952
2026-03-15 00:00:00,2026-03-15,0,6,3,37,48.0,31.0,40.0,84.625,96.91071428571429
2026-03-15 01:00:00,2026-03-15,1,6,3,28,37.0,30.0,25.0,84.875,96.89285714285714
2026-03-15 02:00:00,2026-03-15,2,6,3,21,28.0,18.0,0.0,84.79166666666667,96.91071428571429
2026-03-15 03:00:00,2026-03-15,3,6,3,16,21.0,5.0,24.0,84.91666666666667,97.03571428571429
2026-03-15 04:00:00,2026-03-15,4,6,3,23,16.0,12.0,19.0,85.375,96.98809523809524
2026-03-15 05:00:00,2026-03-15,5,6,3,19,23.0,11.0,13.0,85.83333333333333,97.01190476190476
2026-03-15 06:00:00,2026-03-15,6,6,3,16,19.0,15.0,16.0,86.16666666666667,97.04761904761905
2026-03-15 07:00:00,2026-03-15,7,6,3,26,16.0,50.0,17.0,86.20833333333333,97.04761904761905
2026-03-15 08:00:00,2026-03-15,8,6,3,38,26.0,79.0,55.0,85.20833333333333,97.10119047619048
2026-03-15 09:00:00,2026-03-15,9,6,3,79,38.0,118.0,54.0,83.5,97.0
2026-03-15 10:00:00,2026-03-15,10,6,3,94,79.0,143.0,90.0,81.875,97.14880952380952
2026-03-15 11:00:00,2026-03-15,11,6,3,123,94.0,159.0,113.0,79.83333333333333,97.17261904761905
2026-03-15 12:00:00,2026-03-15,12,6,3,117,123.0,133.0,129.0,78.33333333333333,97.23214285714286
2026-03-15 13:00:00,2026-03-15,13,6,3,85,117.0,158.0,169.0,77.66666666666667,97.16071428571429
2026-03-15 14:00:00,2026-03-15,14,6,3,110,85.0,134.0,172.0,74.625,96.66071428571429
2026-03-15 15:00:00,2026-03-15,15,6,3,119,110.0,122.0,179.0,73.625,96.29166666666667
2026-03-15 16:00:00,2026-03-15,16,6,3,110,119.0,143.0,175.0,73.5,95.93452380952381
2026-03-15 17:00:00,2026-03-15,17,6,3,88,110.0,138.0,176.0,72.125,95.54761904761905
2026-03-15 18:00:00,2026-03-15,18,6,3,84,88.0,146.0,140.0,70.04166666666667,95.02380952380952
2026-03-15 19:00:00,2026-03-15,19,6,3,63,84.0,123.0,128.0,67.45833333333333,94.69047619047619
2026-03-15 20:00:00,2026-03-15,20,6,3,49,63.0,86.0,80.0,64.95833333333333,94.30357142857143
2026-03-15 21:00:00,2026-03-15,21,6,3,37,49.0,72.0,52.0,63.416666666666664,94.11904761904762
2026-03-15 22:00:00,2026-03-15,22,6,3,26,37.0,57.0,29.0,61.958333333333336,94.0297619047619
2026-03-15 23:00:00,2026-03-15,23,6,3,19,26.0,48.0,27.0,60.666666666666664,94.01190476190476
2026-03-16 00:00:00,2026-03-16,0,0,3,8,19.0,37.0,18.0,59.458333333333336,93.96428571428571
2026-03-16 01:00:00,2026-03-16,1,0,3,3,8.0,28.0,3.0,58.25,93.9047619047619
2026-03-16 02:00:00,2026-03-16,2,0,3,2,3.0,21.0,3.0,57.208333333333336,93.9047619047619
2026-03-16 03:00:00,2026-03-16,3,0,3,0,2.0,16.0,2.0,56.416666666666664,93.89880952380952
2026-03-16 04:00:00,2026-03-16,4,0,3,4,0.0,23.0,3.0,55.75,93.88690476190476
2026-03-16 05:00:00,2026-03-16,5,0,3,25,4.0,19.0,29.0,54.958333333333336,93.89285714285714
2026-03-16 06:00:00,2026-03-16,6,0,3,53,25.0,16.0,76.0,55.208333333333336,93.86904761904762
2026-03-16 07:00:00,2026-03-16,7,0,3,93,53.0,26.0,161.0,56.75,93.73214285714286
2026-03-16 08:00:00,2026-03-16,8,0,3,109,93.0,38.0,218.0,59.541666666666664,93.32738095238095
2026-03-16 09:00:00,2026-03-16,9,0,3,83,109.0,79.0,111.0,62.5,92.67857142857143
2026-03-16 10:00:00,2026-03-16,10,0,3,35,83.0,94.0,103.0,62.666666666666664,92.51190476190476
2026-03-16 11:00:00,2026-03-16,11,0,3,46,35.0,123.0,110.0,60.208333333333336,92.10714285714286
2026-03-16 12:00:00,2026-03-16,12,0,3,64,46.0,117.0,123.0,57.0,91.72619047619048
2026-03-16 13:00:00,2026-03-16,13,0,3,53,64.0,85.0,120.0,54.791666666666664,91.375
2026-03-16 14:00:00,2026-03-16,14,0,3,81,53.0,110.0,138.0,53.458333333333336,90.97619047619048
2026-03-16 15:00:00,2026-03-16,15,0,3,104,81.0,119.0,154.0,52.25,90.63690476190476
2026-03-16 16:00:00,2026-03-16,16,0,3,99,104.0,110.0,203.0,51.625,90.33928571428571
2026-03-16 17:00:00,2026-03-16,17,0,3,51,99.0,88.0,349.0,51.166666666666664,89.7202380952381
2026-03-16 18:00:00,2026-03-16,18,0,3,99,51.0,84.0,331.0,49.625,87.94642857142857
2026-03-16 19:00:00,2026-03-16,19,0,3,50,99.0,63.0,201.0,50.25,86.56547619047619
2026-03-16 20:00:00,2026-03-16,20,0,3,43,50.0,49.0,154.0,49.708333333333336,85.66666666666667
2026-03-16 21:00:00,2026-03-16,21,0,3,42,43.0,37.0,123.0,49.458333333333336,85.00595238095238
2026-03-16 22:00:00,2026-03-16,22,0,3,34,42.0,26.0,61.0,49.666666666666664,84.52380952380952
2026-03-16 23:00:00,2026-03-16,23,0,3,14,34.0,19.0,29.0,50.0,84.36309523809524
2026-03-17 00:00:00,2026-03-17,0,1,3,5,14.0,8.0,14.0,49.791666666666664,84.27380952380952
2026-03-17 01:00:00,2026-03-17,1,1,3,0,5.0,3.0,9.0,49.666666666666664,84.2202380952381
2026-03-17 02:00:00,2026-03-17,2,1,3,1,0.0,2.0,11.0,49.541666666666664,84.16666666666667
2026-03-17 03:00:00,2026-03-17,3,1,3,2,1.0,0.0,1.0,49.5,84.10714285714286
2026-03-17 04:00:00,2026-03-17,4,1,3,11,2.0,4.0,14.0,49.583333333333336,84.11309523809524
2026-03-17 05:00:00,2026-03-17,5,1,3,32,11.0,25.0,32.0,49.875,84.0952380952381
2026-03-17 06:00:00,2026-03-17,6,1,3,69,32.0,53.0,95.0,50.166666666666664,84.0952380952381
2026-03-17 07:00:00,2026-03-17,7,1,3,156,69.0,93.0,203.0,50.833333333333336,83.94047619047619
2026-03-17 08:00:00,2026-03-17,8,1,3,173,156.0,109.0,262.0,53.458333333333336,83.66071428571429
2026-03-17 09:00:00,2026-03-17,9,1,3,71,173.0,83.0,131.0,56.125,83.13095238095238
2026-03-17 10:00:00,2026-03-17,10,1,3,49,71.0,35.0,97.0,55.625,82.77380952380952
2026-03-17 11:00:00,2026-03-17,11,1,3,67,49.0,46.0,87.0,56.208333333333336,82.48809523809524
2026-03-17 12:00:00,2026-03-17,12,1,3,76,67.0,64.0,116.0,57.083333333333336,82.36904761904762
2026-03-17 13:00:00,2026-03-17,13,1,3,75,76.0,53.0,116.0,57.583333333333336,82.13095238095238
2026-03-17 14:00:00,2026-03-17,14,1,3,87,75.0,81.0,144.0,58.5,81.88690476190476
2026-03-17 15:00:00,2026-03-17,15,1,3,98,87.0,104.0,177.0,58.75,81.54761904761905
2026-03-17 16:00:00,2026-03-17,16,1,3,125,98.0,99.0,231.0,58.5,81.07738095238095
2026-03-17 17:00:00,2026-03-17,17,1,3,221,125.0,51.0,361.0,59.583333333333336,80.44642857142857
2026-03-17 18:00:00,2026-03-17,18,1,3,228,221.0,99.0,366.0,66.66666666666667,79.61309523809524
2026-03-17 19:00:00,2026-03-17,19,1,3,154,228.0,50.0,219.0,72.04166666666667,78.79166666666667
2026-03-17 20:00:00,2026-03-17,20,1,3,91,154.0,43.0,142.0,76.375,78.4047619047619
2026-03-17 21:00:00,2026-03-17,21,1,3,66,91.0,42.0,104.0,78.375,78.10119047619048
2026-03-17 22:00:00,2026-03-17,22,1,3,47,66.0,34.0,62.0,79.375,77.875
2026-03-17 23:00:00,2026-03-17,23,1,3,23,47.0,14.0,48.0,79.91666666666667,77.78571428571429
2026-03-18 00:00:00,2026-03-18,0,2,3,12,23.0,5.0,18.0,80.29166666666667,77.63690476190476
2026-03-18 01:00:00,2026-03-18,1,2,3,5,12.0,0.0,14.0,80.58333333333333,77.60119047619048
2026-03-18 02:00:00,2026-03-18,2,2,3,7,5.0,1.0,6.0,80.79166666666667,77.54761904761905
2026-03-18 03:00:00,2026-03-18,3,2,3,3,7.0,2.0,4.0,81.04166666666667,77.55357142857143
2026-03-18 04:00:00,2026-03-18,4,2,3,13,3.0,11.0,10.0,81.08333333333333,77.54761904761905
2026-03-18 05:00:00,2026-03-18,5,2,3,36,13.0,32.0,38.0,81.16666666666667,77.56547619047619
2026-03-18 06:00:00,2026-03-18,6,2,3,76,36.0,69.0,94.0,81.33333333333333,77.55357142857143
2026-03-18 07:00:00,2026-03-18,7,2,3,160,76.0,156.0,209.0,81.625,77.44642857142857
2026-03-18 08:00:00,2026-03-18,8,2,3,207,160.0,173.0,277.0,81.79166666666667,77.1547619047619
2026-03-18 09:00:00,2026-03-18,9,2,3,79,207.0,71.0,119.0,83.20833333333333,76.73809523809524
2026-03-18 10:00:00,2026-03-18,10,2,3,53,79.0,49.0,95.0,83.54166666666667,76.5
2026-03-18 11:00:00,2026-03-18,11,2,3,65,53.0,67.0,91.0,83.70833333333333,76.25
2026-03-18 12:00:00,2026-03-18,12,2,3,63,65.0,76.0,123.0,83.625,76.0952380952381
2026-03-18 13:00:00,2026-03-18,13,2,3,77,63.0,75.0,115.0,83.08333333333333,75.73809523809524
2026-03-18 14:00:00,2026-03-18,14,2,3,90,77.0,87.0,129.0,83.16666666666667,75.51190476190476
2026-03-18 15:00:00,2026-03-18,15,2,3,128,90.0,98.0,197.0,83.29166666666667,75.2797619047619
2026-03-18 16:00:00,2026-03-18,16,2,3,117,128.0,125.0,228.0,84.54166666666667,74.86904761904762
2026-03-18 17:00:00,2026-03-18,17,2,3,204,117.0,221.0,364.0,84.20833333333333,74.20833333333333
2026-03-18 18:00:00,2026-03-18,18,2,3,203,204.0,228.0,309.0,83.5,73.25595238095238
2026-03-18 19:00:00,2026-03-18,19,2,3,151,203.0,154.0,233.0,82.45833333333333,72.625
2026-03-18 20:00:00,2026-03-18,20,2,3,76,151.0,91.0,118.0,82.33333333333333,72.13690476190476
2026-03-18 21:00:00,2026-03-18,21,2,3,53,76.0,66.0,79.0,81.70833333333333,71.88690476190476
2026-03-18 22:00:00,2026-03-18,22,2,3,54,53.0,47.0,43.0,81.16666666666667,71.73214285714286
2026-03-18 23:00:00,2026-03-18,23,2,3,18,54.0,23.0,31.0,81.45833333333333,71.79761904761905
2026-03-19 00:00:00,2026-03-19,0,3,3,19,18.0,12.0,1.0,81.25,71.7202380952381
2026-03-19 01:00:00,2026-03-19,1,3,3,3,19.0,5.0,3.0,81.54166666666667,71.82738095238095
2026-03-19 02:00:00,2026-03-19,2,3,3,1,3.0,7.0,4.0,81.45833333333333,71.82738095238095
2026-03-19 03:00:00,2026-03-19,3,3,3,2,1.0,3.0,0.0,81.20833333333333,71.80952380952381
2026-03-19 04:00:00,2026-03-19,4,3,3,8,2.0,13.0,8.0,81.16666666666667,71.82142857142857
2026-03-19 05:00:00,2026-03-19,5,3,3,35,8.0,36.0,30.0,80.95833333333333,71.82142857142857
2026-03-19 06:00:00,2026-03-19,6,3,3,62,35.0,76.0,92.0,80.91666666666667,71.85119047619048
2026-03-19 07:00:00,2026-03-19,7,3,3,169,62.0,160.0,139.0,80.33333333333333,71.67261904761905
2026-03-19 08:00:00,2026-03-19,8,3,3,207,169.0,207.0,114.0,80.70833333333333,71.85119047619048
2026-03-19 09:00:00,2026-03-19,9,3,3,85,207.0,79.0,41.0,80.70833333333333,72.4047619047619
2026-03-19 10:00:00,2026-03-19,10,3,3,54,85.0,53.0,66.0,80.95833333333333,72.66666666666667
2026-03-19 11:00:00,2026-03-19,11,3,3,67,54.0,65.0,46.0,81.0,72.5952380952381
2026-03-19 12:00:00,2026-03-19,12,3,3,87,67.0,63.0,46.0,81.08333333333333,72.7202380952381
2026-03-19 13:00:00,2026-03-19,13,3,3,74,87.0,77.0,47.0,82.08333333333333,72.96428571428571
2026-03-19 14:00:00,2026-03-19,14,3,3,81,74.0,90.0,57.0,81.95833333333333,73.125
2026-03-19 15:00:00,2026-03-19,15,3,3,99,81.0,128.0,89.0,81.58333333333333,73.26785714285714
2026-03-19 16:00:00,2026-03-19,16,3,3,136,99.0,117.0,61.0,80.375,73.32738095238095
2026-03-19 17:00:00,2026-03-19,17,3,3,238,136.0,204.0,110.0,81.16666666666667,73.77380952380952
2026-03-19 18:00:00,2026-03-19,18,3,3,234,238.0,203.0,114.0,82.58333333333333,74.53571428571429
2026-03-19 19:00:00,2026-03-19,19,3,3,147,234.0,151.0,104.0,83.875,75.25
2026-03-19 20:00:00,2026-03-19,20,3,3,109,147.0,76.0,79.0,83.70833333333333,75.50595238095238
2026-03-19 21:00:00,2026-03-19,21,3,3,74,109.0,53.0,53.0,85.08333333333333,75.68452380952381
2026-03-19 22:00:00,2026-03-19,22,3,3,49,74.0,54.0,35.0,85.95833333333333,75.80952380952381
2026-03-19 23:00:00,2026-03-19,23,3,3,41,49.0,18.0,31.0,85.75,75.89285714285714
2026-03-20 00:00:00,2026-03-20,0,4,3,16,41.0,19.0,19.0,86.70833333333333,75.95238095238095
2026-03-20 01:00:00,2026-03-20,1,4,3,7,16.0,3.0,8.0,86.58333333333333,75.93452380952381
2026-03-20 02:00:00,2026-03-20,2,4,3,4,7.0,1.0,6.0,86.75,75.92857142857143
2026-03-20 03:00:00,2026-03-20,3,4,3,5,4.0,2.0,2.0,86.875,75.91666666666667
2026-03-20 04:00:00,2026-03-20,4,4,3,5,5.0,8.0,7.0,87.0,75.93452380952381
2026-03-20 05:00:00,2026-03-20,5,4,3,26,5.0,35.0,26.0,86.875,75.92261904761905
2026-03-20 06:00:00,2026-03-20,6,4,3,76,26.0,62.0,67.0,86.5,75.92261904761905
2026-03-20 07:00:00,2026-03-20,7,4,3,131,76.0,169.0,137.0,87.08333333333333,75.97619047619048
2026-03-20 08:00:00,2026-03-20,8,4,3,144,131.0,207.0,163.0,85.5,75.94047619047619
2026-03-20 09:00:00,2026-03-20,9,4,3,100,144.0,85.0,91.0,82.875,75.82738095238095
2026-03-20 10:00:00,2026-03-20,10,4,3,77,100.0,54.0,70.0,83.5,75.88095238095238
2026-03-20 11:00:00,2026-03-20,11,4,3,97,77.0,67.0,105.0,84.45833333333333,75.92261904761905
2026-03-20 12:00:00,2026-03-20,12,4,3,132,97.0,87.0,140.0,85.70833333333333,75.875
2026-03-20 13:00:00,2026-03-20,13,4,3,134,132.0,74.0,139.0,87.58333333333333,75.82738095238095
2026-03-20 14:00:00,2026-03-20,14,4,3,142,134.0,81.0,129.0,90.08333333333333,75.79761904761905
2026-03-20 15:00:00,2026-03-20,15,4,3,188,142.0,99.0,146.0,92.625,75.875
2026-03-20 16:00:00,2026-03-20,16,4,3,202,188.0,136.0,152.0,96.33333333333333,76.125
2026-03-20 17:00:00,2026-03-20,17,4,3,235,202.0,238.0,179.0,99.08333333333333,76.42261904761905
2026-03-20 18:00:00,2026-03-20,18,4,3,169,235.0,234.0,179.0,98.95833333333333,76.75595238095238
2026-03-20 19:00:00,2026-03-20,19,4,3,109,169.0,147.0,128.0,96.25,76.69642857142857
2026-03-20 20:00:00,2026-03-20,20,4,3,63,109.0,109.0,77.0,94.66666666666667,76.58333333333333
2026-03-20 21:00:00,2026-03-20,21,4,3,40,63.0,74.0,65.0,92.75,76.5
2026-03-20 22:00:00,2026-03-20,22,4,3,46,40.0,49.0,70.0,91.33333333333333,76.35119047619048
2026-03-20 23:00:00,2026-03-20,23,4,3,38,46.0,41.0,44.0,91.20833333333333,76.20833333333333
2026-03-21 00:00:00,2026-03-21,0,5,3,27,38.0,16.0,31.0,91.08333333333333,76.17261904761905
2026-03-21 01:00:00,2026-03-21,1,5,3,32,27.0,7.0,30.0,91.54166666666667,76.14880952380952
2026-03-21 02:00:00,2026-03-21,2,5,3,18,32.0,4.0,18.0,92.58333333333333,76.16071428571429
2026-03-21 03:00:00,2026-03-21,3,5,3,12,18.0,5.0,5.0,93.16666666666667,76.16071428571429
2026-03-21 04:00:00,2026-03-21,4,5,3,8,12.0,5.0,12.0,93.45833333333333,76.20238095238095
2026-03-21 05:00:00,2026-03-21,5,5,3,4,8.0,26.0,11.0,93.58333333333333,76.17857142857143
2026-03-21 06:00:00,2026-03-21,6,5,3,20,4.0,76.0,15.0,92.66666666666667,76.13690476190476
2026-03-21 07:00:00,2026-03-21,7,5,3,43,20.0,131.0,50.0,90.33333333333333,76.16666666666667
2026-03-21 08:00:00,2026-03-21,8,5,3,95,43.0,144.0,79.0,86.66666666666667,76.125
2026-03-21 09:00:00,2026-03-21,9,5,3,128,95.0,100.0,118.0,84.625,76.2202380952381
2026-03-21 10:00:00,2026-03-21,10,5,3,130,128.0,77.0,143.0,85.79166666666667,76.2797619047619
2026-03-21 11:00:00,2026-03-21,11,5,3,194,130.0,97.0,159.0,88.0,76.20238095238095
2026-03-21 12:00:00,2026-03-21,12,5,3,190,194.0,132.0,133.0,92.04166666666667,76.41071428571429
2026-03-21 13:00:00,2026-03-21,13,5,3,241,190.0,134.0,158.0,94.45833333333333,76.75
2026-03-21 14:00:00,2026-03-21,14,5,3,213,241.0,142.0,134.0,98.91666666666667,77.24404761904762
2026-03-21 15:00:00,2026-03-21,15,5,3,235,213.0,188.0,122.0,101.875,77.71428571428571
2026-03-21 16:00:00,2026-03-21,16,5,3,229,235.0,202.0,143.0,103.83333333333333,78.38690476190476
2026-03-21 17:00:00,2026-03-21,17,5,3,208,229.0,235.0,138.0,104.95833333333333,78.89880952380952
2026-03-21 18:00:00,2026-03-21,18,5,3,175,208.0,169.0,146.0,103.83333333333333,79.31547619047619
2026-03-21 19:00:00,2026-03-21,19,5,3,133,175.0,109.0,123.0,104.08333333333333,79.48809523809524
2026-03-21 20:00:00,2026-03-21,20,5,3,92,133.0,63.0,86.0,105.08333333333333,79.54761904761905
2026-03-21 21:00:00,2026-03-21,21,5,3,86,92.0,40.0,72.0,106.29166666666667,79.58333333333333
2026-03-21 22:00:00,2026-03-21,22,5,3,77,86.0,46.0,57.0,108.20833333333333,79.66666666666667
2026-03-21 23:00:00,2026-03-21,23,5,3,62,77.0,38.0,48.0,109.5,79.78571428571429
2026-03-22 00:00:00,2026-03-22,0,6,3,50,62.0,27.0,37.0,110.5,79.86904761904762
2026-03-22 01:00:00,2026-03-22,1,6,3,46,50.0,32.0,28.0,111.45833333333333,79.94642857142857
2026-03-22 02:00:00,2026-03-22,2,6,3,21,46.0,18.0,21.0,112.04166666666667,80.05357142857143
2026-03-22 03:00:00,2026-03-22,3,6,3,11,21.0,12.0,16.0,112.16666666666667,80.05357142857143
2026-03-22 04:00:00,2026-03-22,4,6,3,9,11.0,8.0,23.0,112.125,80.02380952380952
2026-03-22 05:00:00,2026-03-22,5,6,3,3,9.0,4.0,19.0,112.16666666666667,79.94047619047619
2026-03-22 06:00:00,2026-03-22,6,6,3,12,3.0,20.0,16.0,112.125,79.8452380952381
2026-03-22 07:00:00,2026-03-22,7,6,3,28,12.0,43.0,26.0,111.79166666666667,79.82142857142857
2026-03-22 08:00:00,2026-03-22,8,6,3,68,28.0,95.0,38.0,111.16666666666667,79.83333333333333
2026-03-22 09:00:00,2026-03-22,9,6,3,69,68.0,128.0,79.0,110.04166666666667,80.01190476190476
2026-03-22 10:00:00,2026-03-22,10,6,3,122,69.0,130.0,94.0,107.58333333333333,79.95238095238095
2026-03-22 11:00:00,2026-03-22,11,6,3,140,122.0,194.0,123.0,107.25,80.11904761904762
2026-03-22 12:00:00,2026-03-22,12,6,3,157,140.0,190.0,117.0,105.0,80.2202380952381
2026-03-22 13:00:00,2026-03-22,13,6,3,175,157.0,241.0,85.0,103.625,80.45833333333333
2026-03-22 14:00:00,2026-03-22,14,6,3,174,175.0,213.0,110.0,100.875,80.99404761904762
2026-03-22 15:00:00,2026-03-22,15,6,3,186,174.0,235.0,119.0,99.25,81.375
2026-03-22 16:00:00,2026-03-22,16,6,3,162,186.0,229.0,110.0,97.20833333333333,81.77380952380952
2026-03-22 17:00:00,2026-03-22,17,6,3,208,162.0,208.0,88.0,94.41666666666667,82.08333333333333
2026-03-22 18:00:00,2026-03-22,18,6,3,142,208.0,175.0,84.0,94.41666666666667,82.79761904761905
2026-03-22 19:00:00,2026-03-22,19,6,3,104,142.0,133.0,63.0,93.04166666666667,83.14285714285714
2026-03-22 20:00:00,2026-03-22,20,6,3,74,104.0,92.0,49.0,91.83333333333333,83.38690476190476
2026-03-22 21:00:00,2026-03-22,21,6,3,33,74.0,86.0,37.0,91.08333333333333,83.53571428571429
2026-03-22 22:00:00,2026-03-22,22,6,3,14,33.0,77.0,26.0,88.875,83.51190476190476
2026-03-22 23:00:00,2026-03-22,23,6,3,9,14.0,62.0,19.0,86.25,83.44047619047619
2026-03-23 00:00:00,2026-03-23,0,0,3,8,9.0,50.0,8.0,84.04166666666667,83.38095238095238
2026-03-23 01:00:00,2026-03-23,1,0,3,12,8.0,46.0,3.0,82.29166666666667,83.38095238095238
2026-03-23 02:00:00,2026-03-23,2,0,3,5,12.0,21.0,2.0,80.875,83.43452380952381
2026-03-23 03:00:00,2026-03-23,3,0,3,2,5.0,11.0,0.0,80.20833333333333,83.45238095238095
2026-03-23 04:00:00,2026-03-23,4,0,3,4,2.0,9.0,4.0,79.83333333333333,83.46428571428571
2026-03-23 05:00:00,2026-03-23,5,0,3,17,4.0,3.0,25.0,79.625,83.46428571428571
2026-03-23 06:00:00,2026-03-23,6,0,3,37,17.0,12.0,53.0,80.20833333333333,83.41666666666667
2026-03-23 07:00:00,2026-03-23,7,0,3,38,37.0,28.0,93.0,81.25,83.32142857142857
2026-03-23 08:00:00,2026-03-23,8,0,3,113,38.0,68.0,109.0,81.66666666666667,82.99404761904762
2026-03-23 09:00:00,2026-03-23,9,0,3,63,113.0,69.0,83.0,83.54166666666667,83.01785714285714
2026-03-23 10:00:00,2026-03-23,10,0,3,45,63.0,122.0,35.0,83.29166666666667,82.89880952380952
2026-03-23 11:00:00,2026-03-23,11,0,3,42,45.0,140.0,46.0,80.08333333333333,82.95833333333333
2026-03-23 12:00:00,2026-03-23,12,0,3,43,42.0,157.0,64.0,76.0,82.93452380952381
2026-03-23 13:00:00,2026-03-23,13,0,3,55,43.0,175.0,53.0,71.25,82.80952380952381
2026-03-23 14:00:00,2026-03-23,14,0,3,69,55.0,174.0,81.0,66.25,82.82142857142857
2026-03-23 15:00:00,2026-03-23,15,0,3,80,69.0,186.0,104.0,61.875,82.75
2026-03-23 16:00:00,2026-03-23,16,0,3,130,80.0,162.0,99.0,57.458333333333336,82.60714285714286
2026-03-23 17:00:00,2026-03-23,17,0,3,186,130.0,208.0,51.0,56.125,82.79166666666667
2026-03-23 18:00:00,2026-03-23,18,0,3,204,186.0,142.0,99.0,55.208333333333336,83.5952380952381
2026-03-23 19:00:00,2026-03-23,19,0,3,117,204.0,104.0,50.0,57.791666666666664,84.2202380952381
2026-03-23 20:00:00,2026-03-23,20,0,3,89,117.0,74.0,43.0,58.333333333333336,84.61904761904762
2026-03-23 21:00:00,2026-03-23,21,0,3,70,89.0,33.0,42.0,58.958333333333336,84.89285714285714
2026-03-23 22:00:00,2026-03-23,22,0,3,36,70.0,14.0,34.0,60.5,85.05952380952381
2026-03-23 23:00:00,2026-03-23,23,0,3,23,36.0,9.0,14.0,61.416666666666664,85.07142857142857
2026-03-24 00:00:00,2026-03-24,0,1,3,8,23.0,8.0,5.0,62.0,85.125
2026-03-24 01:00:00,2026-03-24,1,1,3,2,8.0,12.0,0.0,62.0,85.14285714285714
2026-03-24 02:00:00,2026-03-24,2,1,3,6,2.0,5.0,1.0,61.583333333333336,85.1547619047619
2026-03-24 03:00:00,2026-03-24,3,1,3,3,6.0,2.0,2.0,61.625,85.18452380952381
2026-03-24 04:00:00,2026-03-24,4,1,3,15,3.0,4.0,11.0,61.666666666666664,85.19047619047619
2026-03-24 05:00:00,2026-03-24,5,1,3,28,15.0,17.0,32.0,62.125,85.21428571428571
2026-03-24 06:00:00,2026-03-24,6,1,3,83,28.0,37.0,69.0,62.583333333333336,85.19047619047619
2026-03-24 07:00:00,2026-03-24,7,1,3,178,83.0,38.0,156.0,64.5,85.27380952380952
2026-03-24 08:00:00,2026-03-24,8,1,3,211,178.0,113.0,173.0,70.33333333333333,85.4047619047619
2026-03-24 09:00:00,2026-03-24,9,1,3,83,211.0,63.0,71.0,74.41666666666667,85.63095238095238
2026-03-24 10:00:00,2026-03-24,10,1,3,68,83.0,45.0,49.0,75.25,85.70238095238095
2026-03-24 11:00:00,2026-03-24,11,1,3,76,68.0,42.0,67.0,76.20833333333333,85.81547619047619
2026-03-24 12:00:00,2026-03-24,12,1,3,85,76.0,43.0,76.0,77.625,85.86904761904762
2026-03-24 13:00:00,2026-03-24,13,1,3,90,85.0,55.0,75.0,79.375,85.92261904761905
2026-03-24 14:00:00,2026-03-24,14,1,3,110,90.0,69.0,87.0,80.83333333333333,86.01190476190476
2026-03-24 15:00:00,2026-03-24,15,1,3,125,110.0,80.0,98.0,82.54166666666667,86.14880952380952
2026-03-24 16:00:00,2026-03-24,16,1,3,166,125.0,130.0,125.0,84.41666666666667,86.30952380952381
2026-03-24 17:00:00,2026-03-24,17,1,3,251,166.0,186.0,221.0,85.91666666666667,86.55357142857143
2026-03-24 18:00:00,2026-03-24,18,1,3,253,251.0,204.0,228.0,88.625,86.73214285714286
2026-03-24 19:00:00,2026-03-24,19,1,3,156,253.0,117.0,154.0,90.66666666666667,86.88095238095238
2026-03-24 20:00:00,2026-03-24,20,1,3,100,156.0,89.0,91.0,92.29166666666667,86.89285714285714
2026-03-24 21:00:00,2026-03-24,21,1,3,80,100.0,70.0,66.0,92.75,86.94642857142857
2026-03-24 22:00:00,2026-03-24,22,1,3,61,80.0,36.0,47.0,93.16666666666667,87.0297619047619
2026-03-24 23:00:00,2026-03-24,23,1,3,22,61.0,23.0,23.0,94.20833333333333,87.11309523809524
2026-03-25 00:00:00,2026-03-25,0,2,3,11,22.0,8.0,12.0,94.16666666666667,87.10714285714286
2026-03-25 01:00:00,2026-03-25,1,2,3,6,11.0,2.0,5.0,94.29166666666667,87.10119047619048
2026-03-25 02:00:00,2026-03-25,2,2,3,2,6.0,6.0,7.0,94.45833333333333,87.10714285714286
2026-03-25 03:00:00,2026-03-25,3,2,3,2,2.0,3.0,3.0,94.29166666666667,87.07738095238095
2026-03-25 04:00:00,2026-03-25,4,2,3,6,2.0,15.0,13.0,94.25,87.07142857142857
2026-03-25 05:00:00,2026-03-25,5,2,3,41,6.0,28.0,36.0,93.875,87.0297619047619
2026-03-25 06:00:00,2026-03-25,6,2,3,87,41.0,83.0,76.0,94.41666666666667,87.05952380952381
2026-03-25 07:00:00,2026-03-25,7,2,3,177,87.0,178.0,160.0,94.58333333333333,87.125
2026-03-25 08:00:00,2026-03-25,8,2,3,262,177.0,211.0,207.0,94.54166666666667,87.22619047619048
2026-03-25 09:00:00,2026-03-25,9,2,3,91,262.0,83.0,79.0,96.66666666666667,87.55357142857143
2026-03-25 10:00:00,2026-03-25,10,2,3,80,91.0,68.0,53.0,97.0,87.625
2026-03-25 11:00:00,2026-03-25,11,2,3,95,80.0,76.0,65.0,97.5,87.78571428571429
2026-03-25 12:00:00,2026-03-25,12,2,3,82,95.0,85.0,63.0,98.29166666666667,87.96428571428571
2026-03-25 13:00:00,2026-03-25,13,2,3,95,82.0,90.0,77.0,98.16666666666667,88.07738095238095
2026-03-25 14:00:00,2026-03-25,14,2,3,91,95.0,110.0,90.0,98.375,88.18452380952381
2026-03-25 15:00:00,2026-03-25,15,2,3,142,91.0,125.0,128.0,97.58333333333333,88.19047619047619
2026-03-25 16:00:00,2026-03-25,16,2,3,187,142.0,166.0,117.0,98.29166666666667,88.27380952380952
2026-03-25 17:00:00,2026-03-25,17,2,3,292,187.0,251.0,204.0,99.16666666666667,88.69047619047619
2026-03-25 18:00:00,2026-03-25,18,2,3,305,292.0,253.0,203.0,100.875,89.21428571428571
2026-03-25 19:00:00,2026-03-25,19,2,3,182,305.0,156.0,151.0,103.04166666666667,89.82142857142857
2026-03-25 20:00:00,2026-03-25,20,2,3,121,182.0,100.0,76.0,104.125,90.00595238095238
2026-03-25 21:00:00,2026-03-25,21,2,3,78,121.0,80.0,53.0,105.0,90.27380952380952
2026-03-25 22:00:00,2026-03-25,22,2,3,52,78.0,61.0,54.0,104.91666666666667,90.42261904761905
2026-03-25 23:00:00,2026-03-25,23,2,3,30,52.0,22.0,18.0,104.54166666666667,90.41071428571429
2026-03-26 00:00:00,2026-03-26,0,3,3,20,30.0,11.0,19.0,104.875,90.48214285714286
2026-03-26 01:00:00,2026-03-26,1,3,3,4,20.0,6.0,3.0,105.25,90.48809523809524
2026-03-26 02:00:00,2026-03-26,2,3,3,5,4.0,2.0,1.0,105.16666666666667,90.49404761904762
2026-03-26 03:00:00,2026-03-26,3,3,3,4,5.0,2.0,2.0,105.29166666666667,90.51785714285714
2026-03-26 04:00:00,2026-03-26,4,3,3,12,4.0,6.0,8.0,105.375,90.5297619047619
2026-03-26 05:00:00,2026-03-26,5,3,3,30,12.0,41.0,35.0,105.625,90.55357142857143
2026-03-26 06:00:00,2026-03-26,6,3,3,84,30.0,87.0,62.0,105.16666666666667,90.52380952380952
2026-03-26 07:00:00,2026-03-26,7,3,3,169,84.0,177.0,169.0,105.04166666666667,90.6547619047619
2026-03-26 08:00:00,2026-03-26,8,3,3,243,169.0,262.0,207.0,104.70833333333333,90.6547619047619
2026-03-26 09:00:00,2026-03-26,9,3,3,125,243.0,91.0,85.0,103.91666666666667,90.86904761904762
2026-03-26 10:00:00,2026-03-26,10,3,3,100,125.0,80.0,54.0,105.33333333333333,91.10714285714286
2026-03-26 11:00:00,2026-03-26,11,3,3,96,100.0,95.0,67.0,106.16666666666667,91.38095238095238
2026-03-26 12:00:00,2026-03-26,12,3,3,108,96.0,82.0,87.0,106.20833333333333,91.55357142857143
2026-03-26 13:00:00,2026-03-26,13,3,3,124,108.0,95.0,74.0,107.29166666666667,91.67857142857143
2026-03-26 14:00:00,2026-03-26,14,3,3,143,124.0,91.0,81.0,108.5,91.97619047619048
2026-03-26 15:00:00,2026-03-26,15,3,3,178,143.0,142.0,99.0,110.66666666666667,92.3452380952381
2026-03-26 16:00:00,2026-03-26,16,3,3,234,178.0,187.0,136.0,112.16666666666667,92.81547619047619
2026-03-26 17:00:00,2026-03-26,17,3,3,337,234.0,292.0,238.0,114.125,93.39880952380952
2026-03-26 18:00:00,2026-03-26,18,3,3,348,337.0,305.0,234.0,116.0,93.98809523809524
2026-03-26 19:00:00,2026-03-26,19,3,3,240,348.0,182.0,147.0,117.79166666666667,94.66666666666667
2026-03-26 20:00:00,2026-03-26,20,3,3,187,240.0,121.0,109.0,120.20833333333333,95.2202380952381
2026-03-26 21:00:00,2026-03-26,21,3,3,153,187.0,78.0,74.0,122.95833333333333,95.68452380952381
2026-03-26 22:00:00,2026-03-26,22,3,3,88,153.0,52.0,49.0,126.08333333333333,96.1547619047619
2026-03-26 23:00:00,2026-03-26,23,3,3,38,88.0,30.0,41.0,127.58333333333333,96.38690476190476
2026-03-27 00:00:00,2026-03-27,0,4,3,18,38.0,20.0,16.0,127.91666666666667,96.36904761904762
2026-03-27 01:00:00,2026-03-27,1,4,3,13,18.0,4.0,7.0,127.83333333333333,96.38095238095238
2026-03-27 02:00:00,2026-03-27,2,4,3,10,13.0,5.0,4.0,128.20833333333334,96.41666666666667
2026-03-27 03:00:00,2026-03-27,3,4,3,6,10.0,4.0,5.0,128.41666666666666,96.45238095238095
2026-03-27 04:00:00,2026-03-27,4,4,3,5,6.0,12.0,5.0,128.5,96.45833333333333
2026-03-27 05:00:00,2026-03-27,5,4,3,29,5.0,30.0,26.0,128.20833333333334,96.45833333333333
2026-03-27 06:00:00,2026-03-27,6,4,3,63,29.0,84.0,76.0,128.16666666666666,96.47619047619048
2026-03-27 07:00:00,2026-03-27,7,4,3,165,63.0,169.0,131.0,127.29166666666667,96.39880952380952
2026-03-27 08:00:00,2026-03-27,8,4,3,182,165.0,243.0,144.0,127.125,96.60119047619048
2026-03-27 09:00:00,2026-03-27,9,4,3,101,182.0,125.0,100.0,124.58333333333333,96.82738095238095
2026-03-27 10:00:00,2026-03-27,10,4,3,92,101.0,100.0,77.0,123.58333333333333,96.83333333333333
2026-03-27 11:00:00,2026-03-27,11,4,3,112,92.0,96.0,97.0,123.25,96.92261904761905
2026-03-27 12:00:00,2026-03-27,12,4,3,127,112.0,108.0,132.0,123.91666666666667,97.01190476190476
2026-03-27 13:00:00,2026-03-27,13,4,3,131,127.0,124.0,134.0,124.70833333333333,96.98214285714286
2026-03-27 14:00:00,2026-03-27,14,4,3,157,131.0,143.0,142.0,125.0,96.96428571428571
2026-03-27 15:00:00,2026-03-27,15,4,3,150,157.0,178.0,188.0,125.58333333333333,97.05357142857143
2026-03-27 16:00:00,2026-03-27,16,4,3,197,150.0,234.0,202.0,124.41666666666667,96.82738095238095
2026-03-27 17:00:00,2026-03-27,17,4,3,267,197.0,337.0,235.0,122.875,96.79761904761905
2026-03-27 18:00:00,2026-03-27,18,4,3,225,267.0,348.0,169.0,119.95833333333333,96.98809523809524
2026-03-27 19:00:00,2026-03-27,19,4,3,148,225.0,240.0,109.0,114.83333333333333,97.32142857142857
2026-03-27 20:00:00,2026-03-27,20,4,3,84,148.0,187.0,63.0,111.0,97.55357142857143
2026-03-27 21:00:00,2026-03-27,21,4,3,75,84.0,153.0,40.0,106.70833333333333,97.67857142857143
2026-03-27 22:00:00,2026-03-27,22,4,3,70,75.0,88.0,46.0,103.45833333333333,97.88690476190476
2026-03-27 23:00:00,2026-03-27,23,4,3,37,70.0,38.0,38.0,102.70833333333333,98.0297619047619
2026-03-28 00:00:00,2026-03-28,0,5,3,33,37.0,18.0,27.0,102.66666666666667,98.02380952380952
2026-03-28 01:00:00,2026-03-28,1,5,3,30,33.0,13.0,32.0,103.29166666666667,98.05952380952381
2026-03-28 02:00:00,2026-03-28,2,5,3,11,30.0,10.0,18.0,104.0,98.04761904761905
2026-03-28 03:00:00,2026-03-28,3,5,3,8,11.0,6.0,12.0,104.04166666666667,98.00595238095238
2026-03-28 04:00:00,2026-03-28,4,5,3,5,8.0,5.0,8.0,104.125,97.98214285714286
2026-03-28 05:00:00,2026-03-28,5,5,3,8,5.0,29.0,4.0,104.125,97.96428571428571
2026-03-28 06:00:00,2026-03-28,6,5,3,16,8.0,63.0,20.0,103.25,97.98809523809524
2026-03-28 07:00:00,2026-03-28,7,5,3,43,16.0,165.0,43.0,101.29166666666667,97.96428571428571
2026-03-28 08:00:00,2026-03-28,8,5,3,72,43.0,182.0,95.0,96.20833333333333,97.96428571428571
2026-03-28 09:00:00,2026-03-28,9,5,3,105,72.0,101.0,128.0,91.625,97.82738095238095
2026-03-28 10:00:00,2026-03-28,10,5,3,120,105.0,92.0,130.0,91.79166666666667,97.69047619047619
2026-03-28 11:00:00,2026-03-28,11,5,3,120,120.0,112.0,194.0,92.95833333333333,97.63095238095238
2026-03-28 12:00:00,2026-03-28,12,5,3,130,120.0,127.0,190.0,93.29166666666667,97.19047619047619
2026-03-28 13:00:00,2026-03-28,13,5,3,117,130.0,131.0,241.0,93.41666666666667,96.83333333333333
2026-03-28 14:00:00,2026-03-28,14,5,3,134,117.0,157.0,213.0,92.83333333333333,96.0952380952381
2026-03-28 15:00:00,2026-03-28,15,5,3,140,134.0,150.0,235.0,91.875,95.625
2026-03-28 16:00:00,2026-03-28,16,5,3,126,140.0,197.0,229.0,91.45833333333333,95.05952380952381
2026-03-28 17:00:00,2026-03-28,17,5,3,128,126.0,267.0,208.0,88.5,94.44642857142857
2026-03-28 18:00:00,2026-03-28,18,5,3,118,128.0,225.0,175.0,82.70833333333333,93.9702380952381
2026-03-28 19:00:00,2026-03-28,19,5,3,81,118.0,148.0,133.0,78.25,93.63095238095238
2026-03-28 20:00:00,2026-03-28,20,5,3,78,81.0,84.0,92.0,75.45833333333333,93.32142857142857
2026-03-28 21:00:00,2026-03-28,21,5,3,64,78.0,75.0,86.0,75.20833333333333,93.23809523809524
2026-03-28 22:00:00,2026-03-28,22,5,3,49,64.0,70.0,77.0,74.75,93.10714285714286
2026-03-28 23:00:00,2026-03-28,23,5,3,50,49.0,37.0,62.0,73.875,92.94047619047619
2026-03-29 00:00:00,2026-03-29,0,6,3,42,50.0,33.0,50.0,74.41666666666667,92.86904761904762
2026-03-29 01:00:00,2026-03-29,1,6,3,20,42.0,30.0,46.0,74.79166666666667,92.82142857142857
2026-03-29 02:00:00,2026-03-29,2,6,3,15,20.0,11.0,21.0,74.375,92.66666666666667
2026-03-29 03:00:00,2026-03-29,3,6,3,8,15.0,8.0,11.0,74.54166666666667,92.63095238095238
2026-03-29 04:00:00,2026-03-29,4,6,3,7,8.0,5.0,9.0,74.54166666666667,92.61309523809524
2026-03-29 05:00:00,2026-03-29,5,6,3,8,7.0,8.0,3.0,74.625,92.60119047619048
2026-03-29 06:00:00,2026-03-29,6,6,3,8,8.0,16.0,12.0,74.625,92.63095238095238
2026-03-29 07:00:00,2026-03-29,7,6,3,22,8.0,43.0,28.0,74.29166666666667,92.60714285714286
2026-03-29 08:00:00,2026-03-29,8,6,3,41,22.0,72.0,68.0,73.41666666666667,92.57142857142857
2026-03-29 09:00:00,2026-03-29,9,6,3,87,41.0,105.0,69.0,72.125,92.41071428571429
2026-03-29 10:00:00,2026-03-29,10,6,3,91,87.0,120.0,122.0,71.375,92.51785714285714
2026-03-29 11:00:00,2026-03-29,11,6,3,151,91.0,120.0,140.0,70.16666666666667,92.33333333333333
2026-03-29 12:00:00,2026-03-29,12,6,3,153,151.0,130.0,157.0,71.45833333333333,92.39880952380952
2026-03-29 13:00:00,2026-03-29,13,6,3,178,153.0,117.0,175.0,72.41666666666667,92.375
2026-03-29 14:00:00,2026-03-29,14,6,3,149,178.0,134.0,174.0,74.95833333333333,92.39285714285714
2026-03-29 15:00:00,2026-03-29,15,6,3,174,149.0,140.0,186.0,75.58333333333333,92.24404761904762
2026-03-29 16:00:00,2026-03-29,16,6,3,139,174.0,126.0,162.0,77.0,92.17261904761905
2026-03-29 17:00:00,2026-03-29,17,6,3,145,139.0,128.0,208.0,77.54166666666667,92.03571428571429
2026-03-29 18:00:00,2026-03-29,18,6,3,119,145.0,118.0,142.0,78.25,91.66071428571429
2026-03-29 19:00:00,2026-03-29,19,6,3,112,119.0,81.0,104.0,78.29166666666667,91.52380952380952
2026-03-29 20:00:00,2026-03-29,20,6,3,82,112.0,78.0,74.0,79.58333333333333,91.57142857142857
2026-03-29 21:00:00,2026-03-29,21,6,3,52,82.0,64.0,33.0,79.75,91.61904761904762
2026-03-29 22:00:00,2026-03-29,22,6,3,30,52.0,49.0,14.0,79.25,91.73214285714286
2026-03-29 23:00:00,2026-03-29,23,6,3,22,30.0,50.0,9.0,78.45833333333333,91.82738095238095
2026-03-30 00:00:00,2026-03-30,0,0,3,6,22.0,42.0,8.0,77.29166666666667,91.9047619047619
2026-03-30 01:00:00,2026-03-30,1,0,3,7,6.0,20.0,12.0,75.79166666666667,91.89285714285714
2026-03-30 02:00:00,2026-03-30,2,0,3,9,7.0,15.0,5.0,75.25,91.86309523809524
2026-03-30 03:00:00,2026-03-30,3,0,3,3,9.0,8.0,2.0,75.0,91.88690476190476
2026-03-30 04:00:00,2026-03-30,4,0,3,9,3.0,7.0,4.0,74.79166666666667,91.89285714285714
2026-03-30 05:00:00,2026-03-30,5,0,3,31,9.0,8.0,17.0,74.875,91.92261904761905
2026-03-30 06:00:00,2026-03-30,6,0,3,72,31.0,8.0,37.0,75.83333333333333,92.00595238095238
2026-03-30 07:00:00,2026-03-30,7,0,3,151,72.0,22.0,38.0,78.5,92.21428571428571
2026-03-30 08:00:00,2026-03-30,8,0,3,177,151.0,41.0,113.0,83.875,92.88690476190476
2026-03-30 09:00:00,2026-03-30,9,0,3,88,177.0,87.0,63.0,89.54166666666667,93.26785714285714
2026-03-30 10:00:00,2026-03-30,10,0,3,82,88.0,91.0,45.0,89.58333333333333,93.41666666666667
2026-03-30 11:00:00,2026-03-30,11,0,3,82,82.0,151.0,42.0,89.20833333333333,93.63690476190476
2026-03-30 12:00:00,2026-03-30,12,0,3,86,82.0,153.0,43.0,86.33333333333333,93.875
2026-03-30 13:00:00,2026-03-30,13,0,3,88,86.0,178.0,55.0,83.54166666666667,94.13095238095238
2026-03-30 14:00:00,2026-03-30,14,0,3,123,88.0,149.0,69.0,79.79166666666667,94.32738095238095
2026-03-30 15:00:00,2026-03-30,15,0,3,155,123.0,174.0,80.0,78.70833333333333,94.64880952380952
2026-03-30 16:00:00,2026-03-30,16,0,3,186,155.0,139.0,130.0,77.91666666666667,95.0952380952381
2026-03-30 17:00:00,2026-03-30,17,0,3,325,186.0,145.0,186.0,79.875,95.42857142857143
2026-03-30 18:00:00,2026-03-30,18,0,3,297,325.0,119.0,204.0,87.375,96.25595238095238
2026-03-30 19:00:00,2026-03-30,19,0,3,178,297.0,112.0,117.0,94.79166666666667,96.80952380952381
2026-03-30 20:00:00,2026-03-30,20,0,3,131,178.0,82.0,89.0,97.54166666666667,97.17261904761905
2026-03-30 21:00:00,2026-03-30,21,0,3,100,131.0,52.0,70.0,99.58333333333333,97.42261904761905
2026-03-30 22:00:00,2026-03-30,22,0,3,68,100.0,30.0,36.0,101.58333333333333,97.60119047619048
2026-03-30 23:00:00,2026-03-30,23,0,3,34,68.0,22.0,23.0,103.16666666666667,97.79166666666667
2026-03-31 00:00:00,2026-03-31,0,1,3,8,34.0,6.0,8.0,103.66666666666667,97.85714285714286
2026-03-31 01:00:00,2026-03-31,1,1,3,4,8.0,7.0,2.0,103.75,97.85714285714286
2026-03-31 02:00:00,2026-03-31,2,1,3,6,4.0,9.0,6.0,103.625,97.86904761904762
2026-03-31 03:00:00,2026-03-31,3,1,3,2,6.0,3.0,3.0,103.5,97.86904761904762
2026-03-31 04:00:00,2026-03-31,4,1,3,13,2.0,9.0,15.0,103.45833333333333,97.86309523809524
2026-03-31 05:00:00,2026-03-31,5,1,3,37,13.0,31.0,28.0,103.625,97.85119047619048
2026-03-31 06:00:00,2026-03-31,6,1,3,85,37.0,72.0,83.0,103.875,97.9047619047619
2026-03-31 07:00:00,2026-03-31,7,1,3,205,85.0,151.0,178.0,104.41666666666667,97.91666666666667
2026-03-31 08:00:00,2026-03-31,8,1,3,234,205.0,177.0,211.0,106.66666666666667,98.07738095238095
2026-03-31 09:00:00,2026-03-31,9,1,3,132,234.0,88.0,83.0,109.04166666666667,98.21428571428571
2026-03-31 10:00:00,2026-03-31,10,1,3,67,132.0,82.0,68.0,110.875,98.50595238095238
2026-03-31 11:00:00,2026-03-31,11,1,3,93,67.0,82.0,76.0,110.25,98.5
2026-03-31 12:00:00,2026-03-31,12,1,3,114,93.0,86.0,85.0,110.70833333333333,98.60119047619048
2026-03-31 13:00:00,2026-03-31,13,1,3,122,114.0,88.0,90.0,111.875,98.77380952380952
2026-03-31 14:00:00,2026-03-31,14,1,3,133,122.0,123.0,110.0,113.29166666666667,98.96428571428571
2026-03-31 15:00:00,2026-03-31,15,1,3,186,133.0,155.0,125.0,113.70833333333333,99.10119047619048
2026-03-31 16:00:00,2026-03-31,16,1,3,250,186.0,186.0,166.0,115.0,99.46428571428571
2026-03-31 17:00:00,2026-03-31,17,1,3,398,250.0,325.0,251.0,117.66666666666667,99.96428571428571
2026-03-31 18:00:00,2026-03-31,18,1,3,340,398.0,297.0,253.0,120.70833333333333,100.83928571428571
2026-03-31 19:00:00,2026-03-31,19,1,3,264,340.0,178.0,156.0,122.5,101.35714285714286
2026-03-31 20:00:00,2026-03-31,20,1,3,173,264.0,131.0,100.0,126.08333333333333,102.0
2026-03-31 21:00:00,2026-03-31,21,1,3,140,173.0,100.0,80.0,127.83333333333333,102.43452380952381
2026-03-31 22:00:00,2026-03-31,22,1,3,78,140.0,68.0,61.0,129.5,102.79166666666667
2026-03-31 23:00:00,2026-03-31,23,1,3,34,78.0,34.0,22.0,129.91666666666666,102.89285714285714
2026-04-01 00:00:00,2026-04-01,0,2,4,25,34.0,8.0,11.0,129.91666666666666,102.96428571428571
2026-04-01 01:00:00,2026-04-01,1,2,4,18,25.0,4.0,6.0,130.625,103.04761904761905
2026-04-01 02:00:00,2026-04-01,2,2,4,15,18.0,6.0,2.0,131.20833333333334,103.11904761904762
2026-04-01 03:00:00,2026-04-01,3,2,4,4,15.0,2.0,2.0,131.58333333333334,103.19642857142857
2026-04-01 04:00:00,2026-04-01,4,2,4,9,4.0,13.0,6.0,131.66666666666666,103.20833333333333
2026-04-01 05:00:00,2026-04-01,5,2,4,49,9.0,37.0,41.0,131.5,103.22619047619048
2026-04-01 06:00:00,2026-04-01,6,2,4,116,49.0,85.0,87.0,132.0,103.27380952380952
2026-04-01 07:00:00,2026-04-01,7,2,4,243,116.0,205.0,177.0,133.29166666666666,103.44642857142857
2026-04-01 08:00:00,2026-04-01,8,2,4,272,243.0,234.0,262.0,134.875,103.83928571428571
2026-04-01 09:00:00,2026-04-01,9,2,4,121,272.0,132.0,91.0,136.45833333333334,103.89880952380952
2026-04-01 10:00:00,2026-04-01,10,2,4,101,121.0,67.0,80.0,136.0,104.07738095238095
2026-04-01 11:00:00,2026-04-01,11,2,4,119,101.0,93.0,95.0,137.41666666666666,104.20238095238095
2026-04-01 12:00:00,2026-04-01,12,2,4,118,119.0,114.0,82.0,138.5,104.3452380952381
2026-04-01 13:00:00,2026-04-01,13,2,4,120,118.0,122.0,95.0,138.66666666666666,104.55952380952381
2026-04-01 14:00:00,2026-04-01,14,2,4,145,120.0,133.0,91.0,138.58333333333334,104.70833333333333
2026-04-01 15:00:00,2026-04-01,15,2,4,185,145.0,186.0,142.0,139.08333333333334,105.0297619047619
2026-04-01 16:00:00,2026-04-01,16,2,4,231,185.0,250.0,187.0,139.04166666666666,105.28571428571429
2026-04-01 17:00:00,2026-04-01,17,2,4,316,231.0,398.0,292.0,138.25,105.54761904761905
2026-04-01 18:00:00,2026-04-01,18,2,4,288,316.0,340.0,305.0,134.83333333333334,105.69047619047619
2026-04-01 19:00:00,2026-04-01,19,2,4,225,288.0,264.0,182.0,132.66666666666666,105.58928571428571
2026-04-01 20:00:00,2026-04-01,20,2,4,132,225.0,173.0,121.0,131.04166666666666,105.8452380952381
2026-04-01 21:00:00,2026-04-01,21,2,4,100,132.0,140.0,78.0,129.33333333333334,105.91071428571429
2026-04-01 22:00:00,2026-04-01,22,2,4,68,100.0,78.0,52.0,127.66666666666667,106.04166666666667
2026-04-01 23:00:00,2026-04-01,23,2,4,29,68.0,34.0,30.0,127.25,106.13690476190476
2026-04-02 00:00:00,2026-04-02,0,3,4,9,29.0,25.0,20.0,127.04166666666667,106.13095238095238
2026-04-02 01:00:00,2026-04-02,1,3,4,5,9.0,18.0,4.0,126.375,106.06547619047619
2026-04-02 02:00:00,2026-04-02,2,3,4,5,5.0,15.0,5.0,125.83333333333333,106.07142857142857
2026-04-02 03:00:00,2026-04-02,3,3,4,3,5.0,4.0,4.0,125.41666666666667,106.07142857142857
2026-04-02 04:00:00,2026-04-02,4,3,4,4,3.0,9.0,12.0,125.375,106.06547619047619
2026-04-02 05:00:00,2026-04-02,5,3,4,25,4.0,49.0,30.0,125.16666666666667,106.01785714285714
2026-04-02 06:00:00,2026-04-02,6,3,4,77,25.0,116.0,84.0,124.16666666666667,105.98809523809524
2026-04-02 07:00:00,2026-04-02,7,3,4,129,77.0,243.0,169.0,122.54166666666667,105.94642857142857
2026-04-02 08:00:00,2026-04-02,8,3,4,193,129.0,272.0,243.0,117.79166666666667,105.70833333333333
2026-04-02 09:00:00,2026-04-02,9,3,4,96,193.0,121.0,125.0,114.5,105.41071428571429
2026-04-02 10:00:00,2026-04-02,10,3,4,77,96.0,101.0,100.0,113.45833333333333,105.23809523809524
2026-04-02 11:00:00,2026-04-02,11,3,4,98,77.0,119.0,96.0,112.45833333333333,105.10119047619048
2026-04-02 12:00:00,2026-04-02,12,3,4,114,98.0,118.0,108.0,111.58333333333333,105.11309523809524
2026-04-02 13:00:00,2026-04-02,13,3,4,118,114.0,120.0,124.0,111.41666666666667,105.14880952380952
2026-04-02 14:00:00,2026-04-02,14,3,4,104,118.0,145.0,143.0,111.33333333333333,105.11309523809524
2026-04-02 15:00:00,2026-04-02,15,3,4,129,104.0,185.0,178.0,109.625,104.88095238095238
2026-04-02 16:00:00,2026-04-02,16,3,4,153,129.0,231.0,234.0,107.29166666666667,104.58928571428571
2026-04-02 17:00:00,2026-04-02,17,3,4,243,153.0,316.0,337.0,104.04166666666667,104.10714285714286
2026-04-02 18:00:00,2026-04-02,18,3,4,224,243.0,288.0,348.0,101.0,103.54761904761905
2026-04-02 19:00:00,2026-04-02,19,3,4,128,224.0,225.0,240.0,98.33333333333333,102.80952380952381
2026-04-02 20:00:00,2026-04-02,20,3,4,107,128.0,132.0,187.0,94.29166666666667,102.14285714285714
2026-04-02 21:00:00,2026-04-02,21,3,4,106,107.0,100.0,153.0,93.25,101.66666666666667
2026-04-02 22:00:00,2026-04-02,22,3,4,49,106.0,68.0,88.0,93.5,101.38690476190476
2026-04-02 23:00:00,2026-04-02,23,3,4,30,49.0,29.0,38.0,92.70833333333333,101.1547619047619
2026-04-03 00:00:00,2026-04-03,0,4,4,21,30.0,9.0,18.0,92.75,101.10714285714286
2026-04-03 01:00:00,2026-04-03,1,4,4,5,21.0,5.0,13.0,93.25,101.125
2026-04-03 02:00:00,2026-04-03,2,4,4,10,5.0,5.0,10.0,93.25,101.07738095238095
2026-04-03 03:00:00,2026-04-03,3,4,4,6,10.0,3.0,6.0,93.45833333333333,101.07738095238095
2026-04-03 04:00:00,2026-04-03,4,4,4,7,6.0,4.0,5.0,93.58333333333333,101.07738095238095
2026-04-03 05:00:00,2026-04-03,5,4,4,17,7.0,25.0,29.0,93.70833333333333,101.08928571428571
2026-04-03 06:00:00,2026-04-03,6,4,4,55,17.0,77.0,63.0,93.375,101.01785714285714
2026-04-03 07:00:00,2026-04-03,7,4,4,82,55.0,129.0,165.0,92.45833333333333,100.9702380952381
2026-04-03 08:00:00,2026-04-03,8,4,4,106,82.0,193.0,182.0,90.5,100.47619047619048
2026-04-03 09:00:00,2026-04-03,9,4,4,90,106.0,96.0,101.0,86.875,100.02380952380952
2026-04-03 10:00:00,2026-04-03,10,4,4,94,90.0,77.0,92.0,86.625,99.95833333333333
2026-04-03 11:00:00,2026-04-03,11,4,4,138,94.0,98.0,112.0,87.33333333333333,99.9702380952381
2026-04-03 12:00:00,2026-04-03,12,4,4,169,138.0,114.0,127.0,89.0,100.125
2026-04-03 13:00:00,2026-04-03,13,4,4,171,169.0,118.0,131.0,91.29166666666667,100.375
2026-04-03 14:00:00,2026-04-03,14,4,4,188,171.0,104.0,157.0,93.5,100.61309523809524
2026-04-03 15:00:00,2026-04-03,15,4,4,192,188.0,129.0,150.0,97.0,100.79761904761905
2026-04-03 16:00:00,2026-04-03,16,4,4,231,192.0,153.0,197.0,99.625,101.04761904761905
2026-04-03 17:00:00,2026-04-03,17,4,4,263,231.0,243.0,267.0,102.875,101.25
2026-04-03 18:00:00,2026-04-03,18,4,4,220,263.0,224.0,225.0,103.70833333333333,101.22619047619048
2026-04-03 19:00:00,2026-04-03,19,4,4,233,220.0,128.0,148.0,103.54166666666667,101.19642857142857
2026-04-03 20:00:00,2026-04-03,20,4,4,127,233.0,107.0,84.0,107.91666666666667,101.70238095238095
2026-04-03 21:00:00,2026-04-03,21,4,4,99,127.0,106.0,75.0,108.75,101.95833333333333
2026-04-03 22:00:00,2026-04-03,22,4,4,106,99.0,49.0,70.0,108.45833333333333,102.10119047619048
2026-04-03 23:00:00,2026-04-03,23,4,4,97,106.0,30.0,37.0,110.83333333333333,102.31547619047619
2026-04-04 00:00:00,2026-04-04,0,5,4,67,97.0,21.0,33.0,113.625,102.67261904761905
2026-04-04 01:00:00,2026-04-04,1,5,4,52,67.0,5.0,30.0,115.54166666666667,102.875
2026-04-04 02:00:00,2026-04-04,2,5,4,37,52.0,10.0,11.0,117.5,103.00595238095238
2026-04-04 03:00:00,2026-04-04,3,5,4,11,37.0,6.0,8.0,118.625,103.16071428571429
2026-04-04 04:00:00,2026-04-04,4,5,4,9,11.0,7.0,5.0,118.83333333333333,103.17857142857143
2026-04-04 05:00:00,2026-04-04,5,5,4,8,9.0,17.0,8.0,118.91666666666667,103.20238095238095
2026-04-04 06:00:00,2026-04-04,6,5,4,27,8.0,55.0,16.0,118.54166666666667,103.20238095238095
2026-04-04 07:00:00,2026-04-04,7,5,4,44,27.0,82.0,43.0,117.375,103.26785714285714
2026-04-04 08:00:00,2026-04-04,8,5,4,116,44.0,106.0,72.0,115.79166666666667,103.27380952380952
2026-04-04 09:00:00,2026-04-04,9,5,4,149,116.0,90.0,105.0,116.20833333333333,103.53571428571429
2026-04-04 10:00:00,2026-04-04,10,5,4,179,149.0,94.0,120.0,118.66666666666667,103.79761904761905
2026-04-04 11:00:00,2026-04-04,11,5,4,225,179.0,138.0,120.0,122.20833333333333,104.14880952380952
2026-04-04 12:00:00,2026-04-04,12,5,4,227,225.0,169.0,130.0,125.83333333333333,104.77380952380952
2026-04-04 13:00:00,2026-04-04,13,5,4,201,227.0,171.0,117.0,128.25,105.35119047619048
2026-04-04 14:00:00,2026-04-04,14,5,4,201,201.0,188.0,134.0,129.5,105.85119047619048
2026-04-04 15:00:00,2026-04-04,15,5,4,195,201.0,192.0,140.0,130.04166666666666,106.25
2026-04-04 16:00:00,2026-04-04,16,5,4,168,195.0,231.0,126.0,130.16666666666666,106.57738095238095
2026-04-04 17:00:00,2026-04-04,17,5,4,107,168.0,263.0,128.0,127.54166666666667,106.82738095238095
2026-04-04 18:00:00,2026-04-04,18,5,4,112,107.0,220.0,118.0,121.04166666666667,106.70238095238095
2026-04-04 19:00:00,2026-04-04,19,5,4,100,112.0,233.0,81.0,116.54166666666667,106.66666666666667
2026-04-04 20:00:00,2026-04-04,20,5,4,56,100.0,127.0,78.0,111.0,106.7797619047619
2026-04-04 21:00:00,2026-04-04,21,5,4,54,56.0,99.0,64.0,108.04166666666667,106.64880952380952
2026-04-04 22:00:00,2026-04-04,22,5,4,38,54.0,106.0,49.0,106.16666666666667,106.58928571428571
2026-04-04 23:00:00,2026-04-04,23,5,4,52,38.0,97.0,50.0,103.33333333333333,106.52380952380952
2026-04-05 00:00:00,2026-04-05,0,6,4,31,52.0,67.0,42.0,101.45833333333333,106.53571428571429
2026-04-05 01:00:00,2026-04-05,1,6,4,12,31.0,52.0,20.0,99.95833333333333,106.4702380952381
2026-04-05 02:00:00,2026-04-05,2,6,4,8,12.0,37.0,15.0,98.29166666666667,106.42261904761905
2026-04-05 03:00:00,2026-04-05,3,6,4,9,8.0,11.0,8.0,97.08333333333333,106.38095238095238
2026-04-05 04:00:00,2026-04-05,4,6,4,9,9.0,9.0,7.0,97.0,106.38690476190476
2026-04-05 05:00:00,2026-04-05,5,6,4,6,9.0,8.0,8.0,97.0,106.39880952380952
2026-04-05 06:00:00,2026-04-05,6,6,4,9,6.0,27.0,8.0,96.91666666666667,106.38690476190476
2026-04-05 07:00:00,2026-04-05,7,6,4,29,9.0,44.0,22.0,96.16666666666667,106.39285714285714
2026-04-05 08:00:00,2026-04-05,8,6,4,62,29.0,116.0,41.0,95.54166666666667,106.43452380952381
2026-04-05 09:00:00,2026-04-05,9,6,4,78,62.0,149.0,87.0,93.29166666666667,106.55952380952381
2026-04-05 10:00:00,2026-04-05,10,6,4,156,78.0,179.0,91.0,90.33333333333333,106.50595238095238
2026-04-05 11:00:00,2026-04-05,11,6,4,152,156.0,225.0,151.0,89.375,106.89285714285714
2026-04-05 12:00:00,2026-04-05,12,6,4,34,152.0,227.0,153.0,86.33333333333333,106.89880952380952
2026-04-05 13:00:00,2026-04-05,13,6,4,41,34.0,201.0,178.0,78.29166666666667,106.19047619047619
2026-04-05 14:00:00,2026-04-05,14,6,4,25,41.0,201.0,149.0,71.625,105.375
2026-04-05 15:00:00,2026-04-05,15,6,4,33,25.0,195.0,174.0,64.29166666666667,104.63690476190476
2026-04-05 16:00:00,2026-04-05,16,6,4,31,33.0,168.0,139.0,57.541666666666664,103.79761904761905
2026-04-05 17:00:00,2026-04-05,17,6,4,82,31.0,107.0,145.0,51.833333333333336,103.1547619047619
2026-04-05 18:00:00,2026-04-05,18,6,4,76,82.0,112.0,119.0,50.791666666666664,102.7797619047619
2026-04-05 19:00:00,2026-04-05,19,6,4,76,76.0,100.0,112.0,49.291666666666664,102.52380952380952
2026-04-05 20:00:00,2026-04-05,20,6,4,56,76.0,56.0,82.0,48.291666666666664,102.30952380952381
2026-04-05 21:00:00,2026-04-05,21,6,4,42,56.0,54.0,52.0,48.291666666666664,102.1547619047619
2026-04-05 22:00:00,2026-04-05,22,6,4,35,42.0,38.0,30.0,47.791666666666664,102.0952380952381
2026-04-05 23:00:00,2026-04-05,23,6,4,13,35.0,52.0,22.0,47.666666666666664,102.125
2026-04-06 00:00:00,2026-04-06,0,0,4,12,13.0,31.0,6.0,46.041666666666664,102.07142857142857
2026-04-06 01:00:00,2026-04-06,1,0,4,4,12.0,12.0,7.0,45.25,102.10714285714286
2026-04-06 02:00:00,2026-04-06,2,0,4,1,4.0,8.0,9.0,44.916666666666664,102.08928571428571
2026-04-06 03:00:00,2026-04-06,3,0,4,0,1.0,9.0,3.0,44.625,102.04166666666667
2026-04-06 04:00:00,2026-04-06,4,0,4,9,0.0,9.0,9.0,44.25,102.02380952380952
2026-04-06 05:00:00,2026-04-06,5,0,4,25,9.0,6.0,31.0,44.25,102.02380952380952
2026-04-06 06:00:00,2026-04-06,6,0,4,70,25.0,9.0,72.0,45.041666666666664,101.98809523809524
2026-04-06 07:00:00,2026-04-06,7,0,4,146,70.0,29.0,151.0,47.583333333333336,101.97619047619048
2026-04-06 08:00:00,2026-04-06,8,0,4,150,146.0,62.0,177.0,52.458333333333336,101.94642857142857
2026-04-06 09:00:00,2026-04-06,9,0,4,93,150.0,78.0,88.0,56.125,101.78571428571429
2026-04-06 10:00:00,2026-04-06,10,0,4,58,93.0,156.0,82.0,56.75,101.81547619047619
2026-04-06 11:00:00,2026-04-06,11,0,4,83,58.0,152.0,82.0,52.666666666666664,101.67261904761905
2026-04-06 12:00:00,2026-04-06,12,0,4,104,83.0,34.0,86.0,49.791666666666664,101.67857142857143
2026-04-06 13:00:00,2026-04-06,13,0,4,110,104.0,41.0,88.0,52.708333333333336,101.78571428571429
2026-04-06 14:00:00,2026-04-06,14,0,4,93,110.0,25.0,123.0,55.583333333333336,101.91666666666667
2026-04-06 15:00:00,2026-04-06,15,0,4,150,93.0,33.0,155.0,58.416666666666664,101.73809523809524
2026-04-06 16:00:00,2026-04-06,16,0,4,178,150.0,31.0,186.0,63.291666666666664,101.70833333333333
2026-04-06 17:00:00,2026-04-06,17,0,4,240,178.0,82.0,325.0,69.41666666666667,101.66071428571429
2026-04-06 18:00:00,2026-04-06,18,0,4,270,240.0,76.0,297.0,76.0,101.1547619047619
2026-04-06 19:00:00,2026-04-06,19,0,4,189,270.0,76.0,178.0,84.08333333333333,100.99404761904762
2026-04-06 20:00:00,2026-04-06,20,0,4,131,189.0,56.0,131.0,88.79166666666667,101.05952380952381
2026-04-06 21:00:00,2026-04-06,21,0,4,86,131.0,42.0,100.0,91.91666666666667,101.05952380952381
2026-04-06 22:00:00,2026-04-06,22,0,4,46,86.0,35.0,68.0,93.75,100.97619047619048
2026-04-06 23:00:00,2026-04-06,23,0,4,45,46.0,13.0,34.0,94.20833333333333,100.8452380952381
2026-04-07 00:00:00,2026-04-07,0,1,4,11,45.0,12.0,8.0,95.54166666666667,100.91071428571429
2026-04-07 01:00:00,2026-04-07,1,1,4,8,11.0,4.0,4.0,95.5,100.92857142857143
2026-04-07 02:00:00,2026-04-07,2,1,4,7,8.0,1.0,6.0,95.66666666666667,100.95238095238095
2026-04-07 03:00:00,2026-04-07,3,1,4,1,7.0,0.0,2.0,95.91666666666667,100.95833333333333
2026-04-07 04:00:00,2026-04-07,4,1,4,16,1.0,9.0,13.0,95.95833333333333,100.95238095238095
2026-04-07 05:00:00,2026-04-07,5,1,4,32,16.0,25.0,37.0,96.25,100.9702380952381
2026-04-07 06:00:00,2026-04-07,6,1,4,88,32.0,70.0,85.0,96.54166666666667,100.94047619047619
2026-04-07 07:00:00,2026-04-07,7,1,4,194,88.0,146.0,205.0,97.29166666666667,100.95833333333333
2026-04-07 08:00:00,2026-04-07,8,1,4,246,194.0,150.0,234.0,99.29166666666667,100.89285714285714
2026-04-07 09:00:00,2026-04-07,9,1,4,104,246.0,93.0,132.0,103.29166666666667,100.96428571428571
2026-04-07 10:00:00,2026-04-07,10,1,4,84,104.0,58.0,67.0,103.75,100.79761904761905
2026-04-07 11:00:00,2026-04-07,11,1,4,106,84.0,83.0,93.0,104.83333333333333,100.89880952380952
2026-04-07 12:00:00,2026-04-07,12,1,4,87,106.0,104.0,114.0,105.79166666666667,100.97619047619048
2026-04-07 13:00:00,2026-04-07,13,1,4,97,87.0,110.0,122.0,105.08333333333333,100.81547619047619
2026-04-07 14:00:00,2026-04-07,14,1,4,107,97.0,93.0,133.0,104.54166666666667,100.66666666666667
2026-04-07 15:00:00,2026-04-07,15,1,4,129,107.0,150.0,186.0,105.125,100.51190476190476
2026-04-07 16:00:00,2026-04-07,16,1,4,156,129.0,178.0,250.0,104.25,100.17261904761905
2026-04-07 17:00:00,2026-04-07,17,1,4,305,156.0,240.0,398.0,103.33333333333333,99.61309523809524
2026-04-07 18:00:00,2026-04-07,18,1,4,282,305.0,270.0,340.0,106.04166666666667,99.05952380952381
2026-04-07 19:00:00,2026-04-07,19,1,4,181,282.0,189.0,264.0,106.54166666666667,98.71428571428571
2026-04-07 20:00:00,2026-04-07,20,1,4,121,181.0,131.0,173.0,106.20833333333333,98.2202380952381
2026-04-07 21:00:00,2026-04-07,21,1,4,69,121.0,86.0,140.0,105.79166666666667,97.91071428571429
2026-04-07 22:00:00,2026-04-07,22,1,4,47,69.0,46.0,78.0,105.08333333333333,97.48809523809524
2026-04-07 23:00:00,2026-04-07,23,1,4,18,47.0,45.0,34.0,105.125,97.30357142857143
2026-04-08 00:00:00,2026-04-08,0,2,4,12,18.0,11.0,25.0,104.0,97.20833333333333
2026-04-08 01:00:00,2026-04-08,1,2,4,4,12.0,8.0,18.0,104.04166666666667,97.13095238095238
2026-04-08 02:00:00,2026-04-08,2,2,4,5,4.0,7.0,15.0,103.875,97.04761904761905
2026-04-08 03:00:00,2026-04-08,3,2,4,2,5.0,1.0,4.0,103.79166666666667,96.98809523809524
2026-04-08 04:00:00,2026-04-08,4,2,4,12,2.0,16.0,9.0,103.83333333333333,96.97619047619048
2026-04-08 05:00:00,2026-04-08,5,2,4,28,12.0,32.0,49.0,103.66666666666667,96.99404761904762
2026-04-08 06:00:00,2026-04-08,6,2,4,87,28.0,88.0,116.0,103.5,96.86904761904762
2026-04-08 07:00:00,2026-04-08,7,2,4,177,87.0,194.0,243.0,103.45833333333333,96.69642857142857
2026-04-08 08:00:00,2026-04-08,8,2,4,204,177.0,246.0,272.0,102.75,96.30357142857143
2026-04-08 09:00:00,2026-04-08,9,2,4,93,204.0,104.0,121.0,101.0,95.89880952380952
2026-04-08 10:00:00,2026-04-08,10,2,4,89,93.0,84.0,101.0,100.54166666666667,95.73214285714286
2026-04-08 11:00:00,2026-04-08,11,2,4,83,89.0,106.0,119.0,100.75,95.66071428571429
2026-04-08 12:00:00,2026-04-08,12,2,4,103,83.0,87.0,118.0,99.79166666666667,95.44642857142857
2026-04-08 13:00:00,2026-04-08,13,2,4,101,103.0,97.0,120.0,100.45833333333333,95.35714285714286
2026-04-08 14:00:00,2026-04-08,14,2,4,108,101.0,107.0,145.0,100.625,95.24404761904762
2026-04-08 15:00:00,2026-04-08,15,2,4,123,108.0,129.0,185.0,100.66666666666667,95.02380952380952
2026-04-08 16:00:00,2026-04-08,16,2,4,160,123.0,156.0,231.0,100.41666666666667,94.6547619047619
2026-04-08 17:00:00,2026-04-08,17,2,4,308,160.0,305.0,316.0,100.58333333333333,94.23214285714286
2026-04-08 18:00:00,2026-04-08,18,2,4,271,308.0,282.0,288.0,100.70833333333333,94.18452380952381
2026-04-08 19:00:00,2026-04-08,19,2,4,176,271.0,181.0,225.0,100.25,94.08333333333333
2026-04-08 20:00:00,2026-04-08,20,2,4,110,176.0,121.0,132.0,100.04166666666667,93.79166666666667
2026-04-08 21:00:00,2026-04-08,21,2,4,78,110.0,69.0,100.0,99.58333333333333,93.66071428571429
2026-04-08 22:00:00,2026-04-08,22,2,4,60,78.0,47.0,68.0,99.95833333333333,93.5297619047619
2026-04-08 23:00:00,2026-04-08,23,2,4,33,60.0,18.0,29.0,100.5,93.48214285714286
2026-04-09 00:00:00,2026-04-09,0,3,4,11,33.0,12.0,9.0,101.125,93.50595238095238
2026-04-09 01:00:00,2026-04-09,1,3,4,3,11.0,4.0,5.0,101.08333333333333,93.51785714285714
2026-04-09 02:00:00,2026-04-09,2,3,4,6,3.0,5.0,5.0,101.04166666666667,93.50595238095238
2026-04-09 03:00:00,2026-04-09,3,3,4,3,6.0,2.0,3.0,101.08333333333333,93.51190476190476
2026-04-09 04:00:00,2026-04-09,4,3,4,13,3.0,12.0,4.0,101.125,93.51190476190476
2026-04-09 05:00:00,2026-04-09,5,3,4,42,13.0,28.0,25.0,101.16666666666667,93.56547619047619
2026-04-09 06:00:00,2026-04-09,6,3,4,87,42.0,87.0,77.0,101.75,93.66666666666667
2026-04-09 07:00:00,2026-04-09,7,3,4,170,87.0,177.0,129.0,101.75,93.72619047619048
2026-04-09 08:00:00,2026-04-09,8,3,4,225,170.0,204.0,193.0,101.45833333333333,93.9702380952381
2026-04-09 09:00:00,2026-04-09,9,3,4,121,225.0,93.0,96.0,102.33333333333333,94.16071428571429
2026-04-09 10:00:00,2026-04-09,10,3,4,72,121.0,89.0,77.0,103.5,94.30952380952381
2026-04-09 11:00:00,2026-04-09,11,3,4,85,72.0,83.0,98.0,102.79166666666667,94.2797619047619
2026-04-09 12:00:00,2026-04-09,12,3,4,100,85.0,103.0,114.0,102.875,94.20238095238095
2026-04-09 13:00:00,2026-04-09,13,3,4,89,100.0,101.0,118.0,102.75,94.11904761904762
2026-04-09 14:00:00,2026-04-09,14,3,4,96,89.0,108.0,104.0,102.25,93.94642857142857
2026-04-09 15:00:00,2026-04-09,15,3,4,156,96.0,123.0,129.0,101.75,93.89880952380952
2026-04-09 16:00:00,2026-04-09,16,3,4,180,156.0,160.0,153.0,103.125,94.05952380952381
2026-04-09 17:00:00,2026-04-09,17,3,4,271,180.0,308.0,243.0,103.95833333333333,94.2202380952381
2026-04-09 18:00:00,2026-04-09,18,3,4,297,271.0,271.0,224.0,102.41666666666667,94.38690476190476
2026-04-09 19:00:00,2026-04-09,19,3,4,162,297.0,176.0,128.0,103.5,94.82142857142857
2026-04-09 20:00:00,2026-04-09,20,3,4,121,162.0,110.0,107.0,102.91666666666667,95.02380952380952
2026-04-09 21:00:00,2026-04-09,21,3,4,68,121.0,78.0,106.0,103.375,95.10714285714286
2026-04-09 22:00:00,2026-04-09,22,3,4,62,68.0,60.0,49.0,102.95833333333333,94.88095238095238
2026-04-09 23:00:00,2026-04-09,23,3,4,44,62.0,33.0,30.0,103.04166666666667,94.95833333333333
2026-04-10 00:00:00,2026-04-10,0,4,4,23,44.0,11.0,21.0,103.5,95.04166666666667
2026-04-10 01:00:00,2026-04-10,1,4,4,12,23.0,3.0,5.0,104.0,95.05357142857143
2026-04-10 02:00:00,2026-04-10,2,4,4,4,12.0,6.0,10.0,104.375,95.0952380952381
2026-04-10 03:00:00,2026-04-10,3,4,4,6,4.0,3.0,6.0,104.29166666666667,95.05952380952381
2026-04-10 04:00:00,2026-04-10,4,4,4,9,6.0,13.0,7.0,104.41666666666667,95.05952380952381
2026-04-10 05:00:00,2026-04-10,5,4,4,32,9.0,42.0,17.0,104.25,95.07142857142857
2026-04-10 06:00:00,2026-04-10,6,4,4,82,32.0,87.0,55.0,103.83333333333333,95.16071428571429
2026-04-10 07:00:00,2026-04-10,7,4,4,154,82.0,170.0,82.0,103.625,95.32142857142857
2026-04-10 08:00:00,2026-04-10,8,4,4,155,154.0,225.0,106.0,102.95833333333333,95.75
2026-04-10 09:00:00,2026-04-10,9,4,4,123,155.0,121.0,90.0,100.04166666666667,96.04166666666667
2026-04-10 10:00:00,2026-04-10,10,4,4,94,123.0,72.0,94.0,100.125,96.23809523809524
2026-04-10 11:00:00,2026-04-10,11,4,4,131,94.0,85.0,138.0,101.04166666666667,96.23809523809524
2026-04-10 12:00:00,2026-04-10,12,4,4,149,131.0,100.0,169.0,102.95833333333333,96.19642857142857
2026-04-10 13:00:00,2026-04-10,13,4,4,146,149.0,89.0,171.0,105.0,96.07738095238095
2026-04-10 14:00:00,2026-04-10,14,4,4,163,146.0,96.0,188.0,107.375,95.92857142857143
2026-04-10 15:00:00,2026-04-10,15,4,4,224,163.0,156.0,192.0,110.16666666666667,95.7797619047619
2026-04-10 16:00:00,2026-04-10,16,4,4,232,224.0,180.0,231.0,113.0,95.9702380952381
2026-04-10 17:00:00,2026-04-10,17,4,4,318,232.0,271.0,263.0,115.16666666666667,95.97619047619048
2026-04-10 18:00:00,2026-04-10,18,4,4,234,318.0,297.0,220.0,117.125,96.30357142857143
2026-04-10 19:00:00,2026-04-10,19,4,4,186,234.0,162.0,233.0,114.5,96.38690476190476
2026-04-10 20:00:00,2026-04-10,20,4,4,136,186.0,121.0,127.0,115.5,96.10714285714286
2026-04-10 21:00:00,2026-04-10,21,4,4,124,136.0,68.0,99.0,116.125,96.16071428571429
2026-04-10 22:00:00,2026-04-10,22,4,4,100,124.0,62.0,106.0,118.45833333333333,96.30952380952381
2026-04-10 23:00:00,2026-04-10,23,4,4,78,100.0,44.0,97.0,120.04166666666667,96.27380952380952
2026-04-11 00:00:00,2026-04-11,0,5,4,56,78.0,23.0,67.0,121.45833333333333,96.16071428571429
2026-04-11 01:00:00,2026-04-11,1,5,4,31,56.0,12.0,52.0,122.83333333333333,96.0952380952381
2026-04-11 02:00:00,2026-04-11,2,5,4,24,31.0,4.0,37.0,123.625,95.9702380952381
2026-04-11 03:00:00,2026-04-11,3,5,4,14,24.0,6.0,11.0,124.45833333333333,95.89285714285714
2026-04-11 04:00:00,2026-04-11,4,5,4,13,14.0,9.0,9.0,124.79166666666667,95.91071428571429
2026-04-11 05:00:00,2026-04-11,5,5,4,11,13.0,32.0,8.0,124.95833333333333,95.93452380952381
2026-04-11 06:00:00,2026-04-11,6,5,4,17,11.0,82.0,27.0,124.08333333333333,95.95238095238095
2026-04-11 07:00:00,2026-04-11,7,5,4,67,17.0,154.0,44.0,121.375,95.89285714285714
2026-04-11 08:00:00,2026-04-11,8,5,4,121,67.0,155.0,116.0,117.75,96.0297619047619
2026-04-11 09:00:00,2026-04-11,9,5,4,137,121.0,123.0,149.0,116.33333333333333,96.05952380952381
2026-04-11 10:00:00,2026-04-11,10,5,4,170,137.0,94.0,179.0,116.91666666666667,95.98809523809524
2026-04-11 11:00:00,2026-04-11,11,5,4,205,170.0,131.0,225.0,120.08333333333333,95.93452380952381
2026-04-11 12:00:00,2026-04-11,12,5,4,249,205.0,149.0,227.0,123.16666666666667,95.81547619047619
2026-04-11 13:00:00,2026-04-11,13,5,4,248,249.0,146.0,201.0,127.33333333333333,95.94642857142857
2026-04-11 14:00:00,2026-04-11,14,5,4,218,248.0,163.0,201.0,131.58333333333334,96.22619047619048
2026-04-11 15:00:00,2026-04-11,15,5,4,226,218.0,224.0,195.0,133.875,96.32738095238095
2026-04-11 16:00:00,2026-04-11,16,5,4,238,226.0,232.0,168.0,133.95833333333334,96.51190476190476
2026-04-11 17:00:00,2026-04-11,17,5,4,212,238.0,318.0,107.0,134.20833333333334,96.92857142857143
2026-04-11 18:00:00,2026-04-11,18,5,4,185,212.0,234.0,112.0,129.79166666666666,97.55357142857143
2026-04-11 19:00:00,2026-04-11,19,5,4,167,185.0,186.0,100.0,127.75,97.98809523809524
2026-04-11 20:00:00,2026-04-11,20,5,4,100,167.0,136.0,56.0,126.95833333333333,98.38690476190476
2026-04-11 21:00:00,2026-04-11,21,5,4,88,100.0,124.0,54.0,125.45833333333333,98.64880952380952
2026-04-11 22:00:00,2026-04-11,22,5,4,75,88.0,100.0,38.0,123.95833333333333,98.85119047619048
2026-04-11 23:00:00,2026-04-11,23,5,4,56,75.0,78.0,52.0,122.91666666666667,99.07142857142857
2026-04-12 00:00:00,2026-04-12,0,6,4,54,56.0,56.0,31.0,122.0,99.0952380952381
2026-04-12 01:00:00,2026-04-12,1,6,4,39,54.0,31.0,12.0,121.91666666666667,99.23214285714286
2026-04-12 02:00:00,2026-04-12,2,6,4,36,39.0,24.0,8.0,122.25,99.39285714285714
2026-04-12 03:00:00,2026-04-12,3,6,4,16,36.0,14.0,9.0,122.75,99.55952380952381
2026-04-12 04:00:00,2026-04-12,4,6,4,7,16.0,13.0,9.0,122.83333333333333,99.60119047619048
2026-04-12 05:00:00,2026-04-12,5,6,4,10,7.0,11.0,6.0,122.58333333333333,99.58928571428571
2026-04-12 06:00:00,2026-04-12,6,6,4,21,10.0,17.0,9.0,122.54166666666667,99.61309523809524
2026-04-12 07:00:00,2026-04-12,7,6,4,36,21.0,67.0,29.0,122.70833333333333,99.68452380952381
2026-04-12 08:00:00,2026-04-12,8,6,4,74,36.0,121.0,62.0,121.41666666666667,99.72619047619048
2026-04-12 09:00:00,2026-04-12,9,6,4,113,74.0,137.0,78.0,119.45833333333333,99.79761904761905
2026-04-12 10:00:00,2026-04-12,10,6,4,139,113.0,170.0,156.0,118.45833333333333,100.00595238095238
2026-04-12 11:00:00,2026-04-12,11,6,4,175,139.0,205.0,152.0,117.16666666666667,99.9047619047619
2026-04-12 12:00:00,2026-04-12,12,6,4,246,175.0,249.0,34.0,115.91666666666667,100.04166666666667
2026-04-12 13:00:00,2026-04-12,13,6,4,178,246.0,248.0,41.0,115.79166666666667,101.30357142857143
2026-04-12 14:00:00,2026-04-12,14,6,4,224,178.0,218.0,25.0,112.875,102.11904761904762
2026-04-12 15:00:00,2026-04-12,15,6,4,191,224.0,226.0,33.0,113.125,103.30357142857143
2026-04-12 16:00:00,2026-04-12,16,6,4,177,191.0,238.0,31.0,111.66666666666667,104.24404761904762
2026-04-12 17:00:00,2026-04-12,17,6,4,145,177.0,212.0,82.0,109.125,105.11309523809524
2026-04-12 18:00:00,2026-04-12,18,6,4,118,145.0,185.0,76.0,106.33333333333333,105.48809523809524
2026-04-12 19:00:00,2026-04-12,19,6,4,112,118.0,167.0,76.0,103.54166666666667,105.73809523809524
2026-04-12 20:00:00,2026-04-12,20,6,4,74,112.0,100.0,56.0,101.25,105.95238095238095
2026-04-12 21:00:00,2026-04-12,21,6,4,41,74.0,88.0,42.0,100.16666666666667,106.05952380952381
2026-04-12 22:00:00,2026-04-12,22,6,4,27,41.0,75.0,35.0,98.20833333333333,106.05357142857143
2026-04-12 23:00:00,2026-04-12,23,6,4,30,27.0,56.0,13.0,96.20833333333333,106.00595238095238
2026-04-13 00:00:00,2026-04-13,0,0,4,12,30.0,54.0,12.0,95.125,106.10714285714286
2026-04-13 01:00:00,2026-04-13,1,0,4,6,12.0,39.0,4.0,93.375,106.10714285714286
2026-04-13 02:00:00,2026-04-13,2,0,4,5,6.0,36.0,1.0,92.0,106.11904761904762
2026-04-13 03:00:00,2026-04-13,3,0,4,0,5.0,16.0,0.0,90.70833333333333,106.14285714285714
2026-04-13 04:00:00,2026-04-13,4,0,4,10,0.0,7.0,9.0,90.04166666666667,106.14285714285714
2026-04-13 05:00:00,2026-04-13,5,0,4,37,10.0,10.0,25.0,90.16666666666667,106.14880952380952
2026-04-13 06:00:00,2026-04-13,6,0,4,99,37.0,21.0,70.0,91.29166666666667,106.2202380952381
2026-04-13 07:00:00,2026-04-13,7,0,4,194,99.0,36.0,146.0,94.54166666666667,106.39285714285714
2026-04-13 08:00:00,2026-04-13,8,0,4,214,194.0,74.0,150.0,101.125,106.67857142857143
2026-04-13 09:00:00,2026-04-13,9,0,4,87,214.0,113.0,93.0,106.95833333333333,107.05952380952381
2026-04-13 10:00:00,2026-04-13,10,0,4,88,87.0,139.0,58.0,105.875,107.02380952380952
2026-04-13 11:00:00,2026-04-13,11,0,4,84,88.0,175.0,83.0,103.75,107.20238095238095
2026-04-13 12:00:00,2026-04-13,12,0,4,112,84.0,246.0,104.0,99.95833333333333,107.20833333333333
2026-04-13 13:00:00,2026-04-13,13,0,4,144,112.0,178.0,110.0,94.375,107.25595238095238
2026-04-13 14:00:00,2026-04-13,14,0,4,186,144.0,224.0,93.0,92.95833333333333,107.45833333333333
2026-04-13 15:00:00,2026-04-13,15,0,4,160,186.0,191.0,150.0,91.375,108.01190476190476
2026-04-13 16:00:00,2026-04-13,16,0,4,229,160.0,177.0,178.0,90.08333333333333,108.07142857142857
2026-04-13 17:00:00,2026-04-13,17,0,4,357,229.0,145.0,240.0,92.25,108.375
2026-04-13 18:00:00,2026-04-13,18,0,4,299,357.0,118.0,270.0,101.08333333333333,109.07142857142857
2026-04-13 19:00:00,2026-04-13,19,0,4,248,299.0,112.0,189.0,108.625,109.24404761904762
2026-04-13 20:00:00,2026-04-13,20,0,4,166,248.0,74.0,131.0,114.29166666666667,109.5952380952381
2026-04-13 21:00:00,2026-04-13,21,0,4,93,166.0,41.0,86.0,118.125,109.80357142857143
2026-04-13 22:00:00,2026-04-13,22,0,4,58,93.0,27.0,46.0,120.29166666666667,109.8452380952381
2026-04-13 23:00:00,2026-04-13,23,0,4,23,58.0,30.0,45.0,121.58333333333333,109.91666666666667
2026-04-14 00:00:00,2026-04-14,0,1,4,27,23.0,12.0,11.0,121.29166666666667,109.78571428571429
2026-04-14 01:00:00,2026-04-14,1,1,4,11,27.0,6.0,8.0,121.91666666666667,109.88095238095238
2026-04-14 02:00:00,2026-04-14,2,1,4,9,11.0,5.0,7.0,122.125,109.89880952380952
2026-04-14 03:00:00,2026-04-14,3,1,4,1,9.0,0.0,1.0,122.29166666666667,109.91071428571429
2026-04-14 04:00:00,2026-04-14,4,1,4,14,1.0,10.0,16.0,122.33333333333333,109.91071428571429
2026-04-14 05:00:00,2026-04-14,5,1,4,44,14.0,37.0,32.0,122.5,109.89880952380952
2026-04-14 06:00:00,2026-04-14,6,1,4,130,44.0,99.0,88.0,122.79166666666667,109.9702380952381
2026-04-14 07:00:00,2026-04-14,7,1,4,262,130.0,194.0,194.0,124.08333333333333,110.2202380952381
2026-04-14 08:00:00,2026-04-14,8,1,4,272,262.0,214.0,246.0,126.91666666666667,110.625
2026-04-14 09:00:00,2026-04-14,9,1,4,111,272.0,87.0,104.0,129.33333333333334,110.7797619047619
2026-04-14 10:00:00,2026-04-14,10,1,4,97,111.0,88.0,84.0,130.33333333333334,110.82142857142857
2026-04-14 11:00:00,2026-04-14,11,1,4,102,97.0,84.0,106.0,130.70833333333334,110.89880952380952
2026-04-14 12:00:00,2026-04-14,12,1,4,105,102.0,112.0,87.0,131.45833333333334,110.875
2026-04-14 13:00:00,2026-04-14,13,1,4,116,105.0,144.0,97.0,131.16666666666666,110.98214285714286
2026-04-14 14:00:00,2026-04-14,14,1,4,134,116.0,186.0,107.0,130.0,111.0952380952381
2026-04-14 15:00:00,2026-04-14,15,1,4,203,134.0,160.0,129.0,127.83333333333333,111.25595238095238
2026-04-14 16:00:00,2026-04-14,16,1,4,258,203.0,229.0,156.0,129.625,111.69642857142857
2026-04-14 17:00:00,2026-04-14,17,1,4,440,258.0,357.0,305.0,130.83333333333334,112.30357142857143
2026-04-14 18:00:00,2026-04-14,18,1,4,407,440.0,299.0,282.0,134.29166666666666,113.10714285714286
2026-04-14 19:00:00,2026-04-14,19,1,4,263,407.0,248.0,181.0,138.79166666666666,113.85119047619048
2026-04-14 20:00:00,2026-04-14,20,1,4,187,263.0,166.0,121.0,139.41666666666666,114.33928571428571
2026-04-14 21:00:00,2026-04-14,21,1,4,125,187.0,93.0,69.0,140.29166666666666,114.73214285714286
2026-04-14 22:00:00,2026-04-14,22,1,4,68,125.0,58.0,47.0,141.625,115.06547619047619
2026-04-14 23:00:00,2026-04-14,23,1,4,35,68.0,23.0,18.0,142.04166666666666,115.19047619047619
2026-04-15 00:00:00,2026-04-15,0,2,4,16,35.0,27.0,12.0,142.54166666666666,115.29166666666667
2026-04-15 01:00:00,2026-04-15,1,2,4,16,16.0,11.0,4.0,142.08333333333334,115.31547619047619
2026-04-15 02:00:00,2026-04-15,2,2,4,6,16.0,9.0,5.0,142.29166666666666,115.38690476190476
2026-04-15 03:00:00,2026-04-15,3,2,4,9,6.0,1.0,2.0,142.16666666666666,115.39285714285714
2026-04-15 04:00:00,2026-04-15,4,2,4,15,9.0,14.0,12.0,142.5,115.43452380952381
2026-04-15 05:00:00,2026-04-15,5,2,4,50,15.0,44.0,28.0,142.54166666666666,115.45238095238095
2026-04-15 06:00:00,2026-04-15,6,2,4,132,50.0,130.0,87.0,142.79166666666666,115.58333333333333
2026-04-15 07:00:00,2026-04-15,7,2,4,236,132.0,262.0,177.0,142.875,115.85119047619048
2026-04-15 08:00:00,2026-04-15,8,2,4,329,236.0,272.0,204.0,141.79166666666666,116.20238095238095
2026-04-15 09:00:00,2026-04-15,9,2,4,147,329.0,111.0,93.0,144.16666666666666,116.94642857142857
2026-04-15 10:00:00,2026-04-15,10,2,4,103,147.0,97.0,89.0,145.66666666666666,117.26785714285714
2026-04-15 11:00:00,2026-04-15,11,2,4,117,103.0,102.0,83.0,145.91666666666666,117.35119047619048
2026-04-15 12:00:00,2026-04-15,12,2,4,132,117.0,105.0,103.0,146.54166666666666,117.55357142857143
2026-04-15 13:00:00,2026-04-15,13,2,4,108,132.0,116.0,101.0,147.66666666666666,117.72619047619048
2026-04-15 14:00:00,2026-04-15,14,2,4,161,108.0,134.0,108.0,147.33333333333334,117.76785714285714
2026-04-15 15:00:00,2026-04-15,15,2,4,183,161.0,203.0,123.0,148.45833333333334,118.08333333333333
2026-04-15 16:00:00,2026-04-15,16,2,4,231,183.0,258.0,160.0,147.625,118.44047619047619
2026-04-15 17:00:00,2026-04-15,17,2,4,419,231.0,440.0,308.0,146.5,118.86309523809524
2026-04-15 18:00:00,2026-04-15,18,2,4,409,419.0,407.0,271.0,145.625,119.52380952380952
2026-04-15 19:00:00,2026-04-15,19,2,4,270,409.0,263.0,176.0,145.70833333333334,120.3452380952381
2026-04-15 20:00:00,2026-04-15,20,2,4,213,270.0,187.0,110.0,146.0,120.9047619047619
2026-04-15 21:00:00,2026-04-15,21,2,4,144,213.0,125.0,78.0,147.08333333333334,121.51785714285714
2026-04-15 22:00:00,2026-04-15,22,2,4,99,144.0,68.0,60.0,147.875,121.91071428571429
2026-04-15 23:00:00,2026-04-15,23,2,4,51,99.0,35.0,33.0,149.16666666666666,122.14285714285714
2026-04-16 00:00:00,2026-04-16,0,3,4,39,51.0,16.0,11.0,149.83333333333334,122.25
2026-04-16 01:00:00,2026-04-16,1,3,4,17,39.0,16.0,3.0,150.79166666666666,122.41666666666667
2026-04-16 02:00:00,2026-04-16,2,3,4,7,17.0,6.0,6.0,150.83333333333334,122.5
2026-04-16 03:00:00,2026-04-16,3,3,4,2,7.0,9.0,3.0,150.875,122.50595238095238
2026-04-16 04:00:00,2026-04-16,4,3,4,17,2.0,15.0,13.0,150.58333333333334,122.5
2026-04-16 05:00:00,2026-04-16,5,3,4,47,17.0,50.0,42.0,150.66666666666666,122.52380952380952
2026-04-16 06:00:00,2026-04-16,6,3,4,121,47.0,132.0,87.0,150.54166666666666,122.55357142857143
2026-04-16 07:00:00,2026-04-16,7,3,4,267,121.0,236.0,170.0,150.08333333333334,122.75595238095238
2026-04-16 08:00:00,2026-04-16,8,3,4,288,267.0,329.0,225.0,151.375,123.33333333333333
2026-04-16 09:00:00,2026-04-16,9,3,4,157,288.0,147.0,121.0,149.66666666666666,123.70833333333333
2026-04-16 10:00:00,2026-04-16,10,3,4,113,157.0,103.0,72.0,150.08333333333334,123.92261904761905
2026-04-16 11:00:00,2026-04-16,11,3,4,127,113.0,117.0,85.0,150.5,124.16666666666667
2026-04-16 12:00:00,2026-04-16,12,3,4,147,127.0,132.0,100.0,150.91666666666666,124.41666666666667
2026-04-16 13:00:00,2026-04-16,13,3,4,160,147.0,108.0,89.0,151.54166666666666,124.69642857142857
2026-04-16 14:00:00,2026-04-16,14,3,4,150,160.0,161.0,96.0,153.70833333333334,125.11904761904762
2026-04-16 15:00:00,2026-04-16,15,3,4,207,150.0,183.0,156.0,153.25,125.44047619047619
2026-04-16 16:00:00,2026-04-16,16,3,4,264,207.0,231.0,180.0,154.25,125.74404761904762
2026-04-16 17:00:00,2026-04-16,17,3,4,413,264.0,419.0,271.0,155.625,126.24404761904762
2026-04-16 18:00:00,2026-04-16,18,3,4,429,413.0,409.0,297.0,155.375,127.08928571428571
2026-04-16 19:00:00,2026-04-16,19,3,4,275,429.0,270.0,162.0,156.20833333333334,127.875
2026-04-16 20:00:00,2026-04-16,20,3,4,226,275.0,213.0,121.0,156.41666666666666,128.54761904761904
2026-04-16 21:00:00,2026-04-16,21,3,4,157,226.0,144.0,68.0,156.95833333333334,129.17261904761904
2026-04-16 22:00:00,2026-04-16,22,3,4,97,157.0,99.0,62.0,157.5,129.70238095238096
2026-04-16 23:00:00,2026-04-16,23,3,4,102,97.0,51.0,44.0,157.41666666666666,129.91071428571428
2026-04-17 00:00:00,2026-04-17,0,4,4,35,102.0,39.0,23.0,159.54166666666666,130.25595238095238
2026-04-17 01:00:00,2026-04-17,1,4,4,11,35.0,17.0,12.0,159.375,130.32738095238096
2026-04-17 02:00:00,2026-04-17,2,4,4,20,11.0,7.0,4.0,159.125,130.32142857142858
2026-04-17 03:00:00,2026-04-17,3,4,4,5,20.0,2.0,6.0,159.66666666666666,130.41666666666666
2026-04-17 04:00:00,2026-04-17,4,4,4,16,5.0,17.0,9.0,159.79166666666666,130.41071428571428
2026-04-17 05:00:00,2026-04-17,5,4,4,32,16.0,47.0,32.0,159.75,130.45238095238096
2026-04-17 06:00:00,2026-04-17,6,4,4,109,32.0,121.0,82.0,159.125,130.45238095238096
2026-04-17 07:00:00,2026-04-17,7,4,4,196,109.0,267.0,154.0,158.625,130.61309523809524
2026-04-17 08:00:00,2026-04-17,8,4,4,235,196.0,288.0,155.0,155.66666666666666,130.86309523809524
2026-04-17 09:00:00,2026-04-17,9,4,4,160,235.0,157.0,123.0,153.45833333333334,131.33928571428572
2026-04-17 10:00:00,2026-04-17,10,4,4,142,160.0,113.0,94.0,153.58333333333334,131.5595238095238
2026-04-17 11:00:00,2026-04-17,11,4,4,174,142.0,127.0,131.0,154.79166666666666,131.8452380952381
2026-04-17 12:00:00,2026-04-17,12,4,4,186,174.0,147.0,149.0,156.75,132.10119047619048
2026-04-17 13:00:00,2026-04-17,13,4,4,195,186.0,160.0,146.0,158.375,132.32142857142858
2026-04-17 14:00:00,2026-04-17,14,4,4,146,195.0,150.0,163.0,159.83333333333334,132.61309523809524
2026-04-17 15:00:00,2026-04-17,15,4,4,192,146.0,207.0,224.0,159.66666666666666,132.51190476190476
2026-04-17 16:00:00,2026-04-17,16,4,4,216,192.0,264.0,232.0,159.04166666666666,132.32142857142858
2026-04-17 17:00:00,2026-04-17,17,4,4,335,216.0,413.0,318.0,157.04166666666666,132.22619047619048
2026-04-17 18:00:00,2026-04-17,18,4,4,371,335.0,429.0,234.0,153.79166666666666,132.32738095238096
2026-04-17 19:00:00,2026-04-17,19,4,4,301,371.0,275.0,186.0,151.375,133.14285714285714
2026-04-17 20:00:00,2026-04-17,20,4,4,164,301.0,226.0,136.0,152.45833333333334,133.82738095238096
2026-04-17 21:00:00,2026-04-17,21,4,4,158,164.0,157.0,124.0,149.875,133.99404761904762
2026-04-17 22:00:00,2026-04-17,22,4,4,179,158.0,97.0,100.0,149.91666666666666,134.19642857142858
2026-04-17 23:00:00,2026-04-17,23,4,4,100,179.0,102.0,78.0,153.33333333333334,134.66666666666666
2026-04-18 00:00:00,2026-04-18,0,5,4,68,100.0,35.0,56.0,153.25,134.79761904761904
2026-04-18 01:00:00,2026-04-18,1,5,4,44,68.0,11.0,31.0,154.625,134.86904761904762
2026-04-18 02:00:00,2026-04-18,2,5,4,31,44.0,20.0,24.0,156.0,134.94642857142858
2026-04-18 03:00:00,2026-04-18,3,5,4,22,31.0,5.0,14.0,156.45833333333334,134.98809523809524
2026-04-18 04:00:00,2026-04-18,4,5,4,13,22.0,16.0,13.0,157.16666666666666,135.03571428571428
2026-04-18 05:00:00,2026-04-18,5,5,4,12,13.0,32.0,11.0,157.04166666666666,135.03571428571428
2026-04-18 06:00:00,2026-04-18,6,5,4,27,12.0,109.0,17.0,156.20833333333334,135.04166666666666
2026-04-18 07:00:00,2026-04-18,7,5,4,93,27.0,196.0,67.0,152.79166666666666,135.10119047619048
2026-04-18 08:00:00,2026-04-18,8,5,4,126,93.0,235.0,121.0,148.5,135.25595238095238
2026-04-18 09:00:00,2026-04-18,9,5,4,200,126.0,160.0,137.0,143.95833333333334,135.28571428571428
2026-04-18 10:00:00,2026-04-18,10,5,4,263,200.0,142.0,170.0,145.625,135.66071428571428
2026-04-18 11:00:00,2026-04-18,11,5,4,265,263.0,174.0,205.0,150.66666666666666,136.21428571428572
2026-04-18 12:00:00,2026-04-18,12,5,4,259,265.0,186.0,249.0,154.45833333333334,136.57142857142858
2026-04-18 13:00:00,2026-04-18,13,5,4,256,259.0,195.0,248.0,157.5,136.63095238095238
2026-04-18 14:00:00,2026-04-18,14,5,4,263,256.0,146.0,218.0,160.04166666666666,136.67857142857142
2026-04-18 15:00:00,2026-04-18,15,5,4,234,263.0,192.0,226.0,164.91666666666666,136.94642857142858
2026-04-18 16:00:00,2026-04-18,16,5,4,262,234.0,216.0,238.0,166.66666666666666,136.99404761904762
2026-04-18 17:00:00,2026-04-18,17,5,4,265,262.0,335.0,212.0,168.58333333333334,137.13690476190476
2026-04-18 18:00:00,2026-04-18,18,5,4,215,265.0,371.0,185.0,165.66666666666666,137.45238095238096
2026-04-18 19:00:00,2026-04-18,19,5,4,161,215.0,301.0,167.0,159.16666666666666,137.63095238095238
2026-04-18 20:00:00,2026-04-18,20,5,4,107,161.0,164.0,100.0,153.33333333333334,137.5952380952381
2026-04-18 21:00:00,2026-04-18,21,5,4,86,107.0,158.0,88.0,150.95833333333334,137.63690476190476
2026-04-18 22:00:00,2026-04-18,22,5,4,68,86.0,179.0,75.0,147.95833333333334,137.625
2026-04-18 23:00:00,2026-04-18,23,5,4,59,68.0,100.0,56.0,143.33333333333334,137.58333333333334
2026-04-19 00:00:00,2026-04-19,0,6,4,56,59.0,68.0,54.0,141.625,137.60119047619048
2026-04-19 01:00:00,2026-04-19,1,6,4,37,56.0,44.0,39.0,141.125,137.61309523809524
2026-04-19 02:00:00,2026-04-19,2,6,4,24,37.0,31.0,36.0,140.83333333333334,137.60119047619048
2026-04-19 03:00:00,2026-04-19,3,6,4,5,24.0,22.0,16.0,140.54166666666666,137.5297619047619
2026-04-19 04:00:00,2026-04-19,4,6,4,12,5.0,13.0,7.0,139.83333333333334,137.46428571428572
2026-04-19 05:00:00,2026-04-19,5,6,4,41,12.0,12.0,10.0,139.79166666666666,137.49404761904762
2026-04-19 06:00:00,2026-04-19,6,6,4,79,41.0,27.0,21.0,141.0,137.67857142857142
2026-04-19 07:00:00,2026-04-19,7,6,4,179,79.0,93.0,36.0,143.16666666666666,138.02380952380952
2026-04-19 08:00:00,2026-04-19,8,6,4,220,179.0,126.0,74.0,146.75,138.875
2026-04-19 09:00:00,2026-04-19,9,6,4,214,220.0,200.0,113.0,150.66666666666666,139.74404761904762
2026-04-19 10:00:00,2026-04-19,10,6,4,256,214.0,263.0,139.0,151.25,140.3452380952381
2026-04-19 11:00:00,2026-04-19,11,6,4,212,256.0,265.0,175.0,150.95833333333334,141.04166666666666
2026-04-19 12:00:00,2026-04-19,12,6,4,178,212.0,259.0,246.0,148.75,141.26190476190476
2026-04-19 13:00:00,2026-04-19,13,6,4,134,178.0,256.0,178.0,145.375,140.85714285714286
2026-04-19 14:00:00,2026-04-19,14,6,4,53,134.0,263.0,224.0,140.29166666666666,140.5952380952381
2026-04-19 15:00:00,2026-04-19,15,6,4,55,53.0,234.0,191.0,131.54166666666666,139.57738095238096
2026-04-19 16:00:00,2026-04-19,16,6,4,94,55.0,262.0,177.0,124.08333333333333,138.76785714285714
2026-04-19 17:00:00,2026-04-19,17,6,4,133,94.0,265.0,145.0,117.08333333333333,138.27380952380952
2026-04-19 18:00:00,2026-04-19,18,6,4,110,133.0,215.0,118.0,111.58333333333333,138.20238095238096
2026-04-19 19:00:00,2026-04-19,19,6,4,111,110.0,161.0,112.0,107.20833333333333,138.1547619047619
2026-04-19 20:00:00,2026-04-19,20,6,4,83,111.0,107.0,74.0,105.125,138.14880952380952
2026-04-19 21:00:00,2026-04-19,21,6,4,58,83.0,86.0,41.0,104.125,138.20238095238096
2026-04-19 22:00:00,2026-04-19,22,6,4,39,58.0,68.0,27.0,102.95833333333333,138.30357142857142
2026-04-19 23:00:00,2026-04-19,23,6,4,23,39.0,59.0,30.0,101.75,138.375
2026-04-20 00:00:00,2026-04-20,0,0,4,13,23.0,56.0,12.0,100.25,138.33333333333334
2026-04-20 01:00:00,2026-04-20,1,0,4,6,13.0,37.0,6.0,98.45833333333333,138.33928571428572
2026-04-20 02:00:00,2026-04-20,2,0,4,6,6.0,24.0,5.0,97.16666666666667,138.33928571428572
2026-04-20 03:00:00,2026-04-20,3,0,4,4,6.0,5.0,0.0,96.41666666666667,138.3452380952381
2026-04-20 04:00:00,2026-04-20,4,0,4,13,4.0,12.0,10.0,96.375,138.36904761904762
2026-04-20 05:00:00,2026-04-20,5,0,4,31,13.0,41.0,37.0,96.41666666666667,138.38690476190476
2026-04-20 06:00:00,2026-04-20,6,0,4,94,31.0,79.0,99.0,96.0,138.35119047619048
2026-04-20 07:00:00,2026-04-20,7,0,4,180,94.0,179.0,194.0,96.625,138.32142857142858
2026-04-20 08:00:00,2026-04-20,8,0,4,177,180.0,220.0,214.0,96.66666666666667,138.23809523809524
2026-04-20 09:00:00,2026-04-20,9,0,4,100,177.0,214.0,87.0,94.875,138.01785714285714
2026-04-20 10:00:00,2026-04-20,10,0,4,90,100.0,256.0,88.0,90.125,138.0952380952381
2026-04-20 11:00:00,2026-04-20,11,0,4,86,90.0,212.0,84.0,83.20833333333333,138.10714285714286
2026-04-20 12:00:00,2026-04-20,12,0,4,107,86.0,178.0,112.0,77.95833333333333,138.11904761904762
2026-04-20 13:00:00,2026-04-20,13,0,4,76,107.0,134.0,144.0,75.0,138.08928571428572
2026-04-20 14:00:00,2026-04-20,14,0,4,126,76.0,53.0,186.0,72.58333333333333,137.6845238095238
2026-04-20 15:00:00,2026-04-20,15,0,4,143,126.0,55.0,160.0,75.625,137.32738095238096
2026-04-20 16:00:00,2026-04-20,16,0,4,194,143.0,94.0,229.0,79.29166666666667,137.22619047619048
2026-04-20 17:00:00,2026-04-20,17,0,4,318,194.0,133.0,357.0,83.45833333333333,137.01785714285714
2026-04-20 18:00:00,2026-04-20,18,0,4,262,318.0,110.0,299.0,91.16666666666667,136.78571428571428
2026-04-20 19:00:00,2026-04-20,19,0,4,191,262.0,111.0,248.0,97.5,136.5654761904762
2026-04-20 20:00:00,2026-04-20,20,0,4,124,191.0,83.0,166.0,100.83333333333333,136.22619047619048
2026-04-20 21:00:00,2026-04-20,21,0,4,78,124.0,58.0,93.0,102.54166666666667,135.97619047619048
2026-04-20 22:00:00,2026-04-20,22,0,4,46,78.0,39.0,58.0,103.375,135.88690476190476
2026-04-20 23:00:00,2026-04-20,23,0,4,34,46.0,23.0,23.0,103.66666666666667,135.8154761904762
2026-04-21 00:00:00,2026-04-21,0,1,4,14,34.0,13.0,27.0,104.125,135.88095238095238
2026-04-21 01:00:00,2026-04-21,1,1,4,4,14.0,6.0,11.0,104.16666666666667,135.80357142857142
2026-04-21 02:00:00,2026-04-21,2,1,4,2,4.0,6.0,9.0,104.08333333333333,135.76190476190476
2026-04-21 03:00:00,2026-04-21,3,1,4,3,2.0,4.0,1.0,103.91666666666667,135.7202380952381
2026-04-21 04:00:00,2026-04-21,4,1,4,18,3.0,13.0,14.0,103.875,135.73214285714286
2026-04-21 05:00:00,2026-04-21,5,1,4,34,18.0,31.0,44.0,104.08333333333333,135.75595238095238
2026-04-21 06:00:00,2026-04-21,6,1,4,108,34.0,94.0,130.0,104.20833333333333,135.69642857142858
2026-04-21 07:00:00,2026-04-21,7,1,4,225,108.0,180.0,262.0,104.79166666666667,135.5654761904762
2026-04-21 08:00:00,2026-04-21,8,1,4,204,225.0,177.0,272.0,106.66666666666667,135.3452380952381
2026-04-21 09:00:00,2026-04-21,9,1,4,102,204.0,100.0,111.0,107.79166666666667,134.9404761904762
2026-04-21 10:00:00,2026-04-21,10,1,4,76,102.0,90.0,97.0,107.875,134.88690476190476
2026-04-21 11:00:00,2026-04-21,11,1,4,84,76.0,86.0,102.0,107.29166666666667,134.76190476190476
2026-04-21 12:00:00,2026-04-21,12,1,4,105,84.0,107.0,105.0,107.20833333333333,134.6547619047619
2026-04-21 13:00:00,2026-04-21,13,1,4,98,105.0,76.0,116.0,107.125,134.6547619047619
2026-04-21 14:00:00,2026-04-21,14,1,4,104,98.0,126.0,134.0,108.04166666666667,134.54761904761904
2026-04-21 15:00:00,2026-04-21,15,1,4,154,104.0,143.0,203.0,107.125,134.36904761904762
2026-04-21 16:00:00,2026-04-21,16,1,4,202,154.0,194.0,258.0,107.58333333333333,134.07738095238096
2026-04-21 17:00:00,2026-04-21,17,1,4,318,202.0,318.0,440.0,107.91666666666667,133.74404761904762
2026-04-21 18:00:00,2026-04-21,18,1,4,282,318.0,262.0,407.0,107.91666666666667,133.01785714285714
2026-04-21 19:00:00,2026-04-21,19,1,4,159,282.0,191.0,263.0,108.75,132.27380952380952
2026-04-21 20:00:00,2026-04-21,20,1,4,136,159.0,124.0,187.0,107.41666666666667,131.6547619047619
2026-04-21 21:00:00,2026-04-21,21,1,4,100,136.0,78.0,125.0,107.91666666666667,131.35119047619048
2026-04-21 22:00:00,2026-04-21,22,1,4,49,100.0,46.0,68.0,108.83333333333333,131.20238095238096
2026-04-21 23:00:00,2026-04-21,23,1,4,28,49.0,34.0,35.0,108.95833333333333,131.08928571428572
2026-04-22 00:00:00,2026-04-22,0,2,4,12,28.0,14.0,16.0,108.70833333333333,131.04761904761904
2026-04-22 01:00:00,2026-04-22,1,2,4,10,12.0,4.0,16.0,108.625,131.02380952380952
2026-04-22 02:00:00,2026-04-22,2,2,4,8,10.0,2.0,6.0,108.875,130.98809523809524
2026-04-22 03:00:00,2026-04-22,3,2,4,2,8.0,3.0,9.0,109.125,131.0
2026-04-22 04:00:00,2026-04-22,4,2,4,9,2.0,18.0,15.0,109.08333333333333,130.95833333333334
2026-04-22 05:00:00,2026-04-22,5,2,4,33,9.0,34.0,50.0,108.70833333333333,130.92261904761904
2026-04-22 06:00:00,2026-04-22,6,2,4,89,33.0,108.0,132.0,108.66666666666667,130.82142857142858
2026-04-22 07:00:00,2026-04-22,7,2,4,185,89.0,225.0,236.0,107.875,130.5654761904762
2026-04-22 08:00:00,2026-04-22,8,2,4,215,185.0,204.0,329.0,106.20833333333333,130.26190476190476
2026-04-22 09:00:00,2026-04-22,9,2,4,73,215.0,102.0,147.0,106.66666666666667,129.58333333333334
2026-04-22 10:00:00,2026-04-22,10,2,4,76,73.0,76.0,103.0,105.45833333333333,129.14285714285714
2026-04-22 11:00:00,2026-04-22,11,2,4,79,76.0,84.0,117.0,105.45833333333333,128.98214285714286
2026-04-22 12:00:00,2026-04-22,12,2,4,80,79.0,105.0,132.0,105.25,128.75595238095238
2026-04-22 13:00:00,2026-04-22,13,2,4,96,80.0,98.0,108.0,104.20833333333333,128.44642857142858
2026-04-22 14:00:00,2026-04-22,14,2,4,112,96.0,104.0,161.0,104.125,128.375
2026-04-22 15:00:00,2026-04-22,15,2,4,154,112.0,154.0,183.0,104.45833333333333,128.08333333333334
2026-04-22 16:00:00,2026-04-22,16,2,4,223,154.0,202.0,231.0,104.45833333333333,127.91071428571429
2026-04-22 17:00:00,2026-04-22,17,2,4,379,223.0,318.0,419.0,105.33333333333333,127.86309523809524
2026-04-22 18:00:00,2026-04-22,18,2,4,308,379.0,282.0,409.0,107.875,127.625
2026-04-22 19:00:00,2026-04-22,19,2,4,220,308.0,159.0,270.0,108.95833333333333,127.02380952380952
2026-04-22 20:00:00,2026-04-22,20,2,4,135,220.0,136.0,213.0,111.5,126.72619047619048
2026-04-22 21:00:00,2026-04-22,21,2,4,100,135.0,100.0,144.0,111.45833333333333,126.26190476190476
2026-04-22 22:00:00,2026-04-22,22,2,4,69,100.0,49.0,99.0,111.45833333333333,126.0
2026-04-22 23:00:00,2026-04-22,23,2,4,34,69.0,28.0,51.0,112.29166666666667,125.82142857142857
2026-04-23 00:00:00,2026-04-23,0,3,4,18,34.0,12.0,39.0,112.54166666666667,125.7202380952381
2026-04-23 01:00:00,2026-04-23,1,3,4,3,18.0,10.0,17.0,112.79166666666667,125.5952380952381
2026-04-23 02:00:00,2026-04-23,2,3,4,7,3.0,8.0,7.0,112.5,125.51190476190476
2026-04-23 03:00:00,2026-04-23,3,3,4,3,7.0,2.0,2.0,112.45833333333333,125.51190476190476
2026-04-23 04:00:00,2026-04-23,4,3,4,12,3.0,9.0,17.0,112.5,125.51785714285714
2026-04-23 05:00:00,2026-04-23,5,3,4,39,12.0,33.0,47.0,112.625,125.48809523809524
2026-04-23 06:00:00,2026-04-23,6,3,4,117,39.0,89.0,121.0,112.875,125.44047619047619
2026-04-23 07:00:00,2026-04-23,7,3,4,232,117.0,185.0,267.0,114.04166666666667,125.41666666666667
2026-04-23 08:00:00,2026-04-23,8,3,4,269,232.0,215.0,288.0,116.0,125.20833333333333
2026-04-23 09:00:00,2026-04-23,9,3,4,121,269.0,73.0,157.0,118.25,125.0952380952381
2026-04-23 10:00:00,2026-04-23,10,3,4,97,121.0,76.0,113.0,120.25,124.88095238095238
2026-04-23 11:00:00,2026-04-23,11,3,4,107,97.0,79.0,127.0,121.125,124.78571428571429
2026-04-23 12:00:00,2026-04-23,12,3,4,136,107.0,80.0,147.0,122.29166666666667,124.66666666666667
2026-04-23 13:00:00,2026-04-23,13,3,4,137,136.0,96.0,160.0,124.625,124.60119047619048
2026-04-23 14:00:00,2026-04-23,14,3,4,146,137.0,112.0,150.0,126.33333333333333,124.46428571428571
2026-04-23 15:00:00,2026-04-23,15,3,4,163,146.0,154.0,207.0,127.75,124.44047619047619
2026-04-23 16:00:00,2026-04-23,16,3,4,255,163.0,223.0,264.0,128.125,124.17857142857143
2026-04-23 17:00:00,2026-04-23,17,3,4,370,255.0,379.0,413.0,129.45833333333334,124.125
2026-04-23 18:00:00,2026-04-23,18,3,4,385,370.0,308.0,429.0,129.08333333333334,123.86904761904762
2026-04-23 19:00:00,2026-04-23,19,3,4,286,385.0,220.0,275.0,132.29166666666666,123.60714285714286
2026-04-23 20:00:00,2026-04-23,20,3,4,186,286.0,135.0,226.0,135.04166666666666,123.67261904761905
2026-04-23 21:00:00,2026-04-23,21,3,4,149,186.0,100.0,157.0,137.16666666666666,123.43452380952381
2026-04-23 22:00:00,2026-04-23,22,3,4,117,149.0,69.0,97.0,139.20833333333334,123.38690476190476
2026-04-23 23:00:00,2026-04-23,23,3,4,77,117.0,34.0,102.0,141.20833333333334,123.50595238095238
2026-04-24 00:00:00,2026-04-24,0,4,4,30,77.0,18.0,35.0,143.0,123.35714285714286
2026-04-24 01:00:00,2026-04-24,1,4,4,22,30.0,3.0,11.0,143.5,123.32738095238095
2026-04-24 02:00:00,2026-04-24,2,4,4,9,22.0,7.0,20.0,144.29166666666666,123.39285714285714
2026-04-24 03:00:00,2026-04-24,3,4,4,4,9.0,3.0,5.0,144.375,123.32738095238095
2026-04-24 04:00:00,2026-04-24,4,4,4,12,4.0,12.0,16.0,144.41666666666666,123.32142857142857
2026-04-24 05:00:00,2026-04-24,5,4,4,29,12.0,39.0,32.0,144.41666666666666,123.29761904761905
2026-04-24 06:00:00,2026-04-24,6,4,4,100,29.0,117.0,109.0,144.0,123.2797619047619
2026-04-24 07:00:00,2026-04-24,7,4,4,177,100.0,232.0,196.0,143.29166666666666,123.22619047619048
2026-04-24 08:00:00,2026-04-24,8,4,4,199,177.0,269.0,235.0,141.0,123.11309523809524
2026-04-24 09:00:00,2026-04-24,9,4,4,145,199.0,121.0,160.0,138.08333333333334,122.89880952380952
2026-04-24 10:00:00,2026-04-24,10,4,4,111,145.0,97.0,142.0,139.08333333333334,122.80952380952381
2026-04-24 11:00:00,2026-04-24,11,4,4,155,111.0,107.0,174.0,139.66666666666666,122.625
2026-04-24 12:00:00,2026-04-24,12,4,4,155,155.0,136.0,186.0,141.66666666666666,122.51190476190476
2026-04-24 13:00:00,2026-04-24,13,4,4,151,155.0,137.0,195.0,142.45833333333334,122.32738095238095
2026-04-24 14:00:00,2026-04-24,14,4,4,183,151.0,146.0,146.0,143.04166666666666,122.06547619047619
2026-04-24 15:00:00,2026-04-24,15,4,4,214,183.0,163.0,192.0,144.58333333333334,122.28571428571429
2026-04-24 16:00:00,2026-04-24,16,4,4,265,214.0,255.0,216.0,146.70833333333334,122.41666666666667
2026-04-24 17:00:00,2026-04-24,17,4,4,350,265.0,370.0,335.0,147.125,122.70833333333333
2026-04-24 18:00:00,2026-04-24,18,4,4,297,350.0,385.0,371.0,146.29166666666666,122.79761904761905
2026-04-24 19:00:00,2026-04-24,19,4,4,271,297.0,286.0,301.0,142.625,122.35714285714286
2026-04-24 20:00:00,2026-04-24,20,4,4,120,271.0,186.0,164.0,142.0,122.17857142857143
2026-04-24 21:00:00,2026-04-24,21,4,4,95,120.0,149.0,158.0,139.25,121.91666666666667
2026-04-24 22:00:00,2026-04-24,22,4,4,95,95.0,117.0,179.0,137.0,121.54166666666667
2026-04-24 23:00:00,2026-04-24,23,4,4,82,95.0,77.0,100.0,136.08333333333334,121.04166666666667
2026-04-25 00:00:00,2026-04-25,0,5,4,52,82.0,30.0,68.0,136.29166666666666,120.93452380952381
2026-04-25 01:00:00,2026-04-25,1,5,4,48,52.0,22.0,44.0,137.20833333333334,120.83928571428571
2026-04-25 02:00:00,2026-04-25,2,5,4,19,48.0,9.0,31.0,138.29166666666666,120.86309523809524
2026-04-25 03:00:00,2026-04-25,3,5,4,16,19.0,4.0,22.0,138.70833333333334,120.79166666666667
2026-04-25 04:00:00,2026-04-25,4,5,4,7,16.0,12.0,13.0,139.20833333333334,120.75595238095238
2026-04-25 05:00:00,2026-04-25,5,5,4,8,7.0,29.0,12.0,139.0,120.7202380952381
2026-04-25 06:00:00,2026-04-25,6,5,4,24,8.0,100.0,27.0,138.125,120.69642857142857
2026-04-25 07:00:00,2026-04-25,7,5,4,69,24.0,177.0,93.0,134.95833333333334,120.67857142857143
2026-04-25 08:00:00,2026-04-25,8,5,4,115,69.0,199.0,126.0,130.45833333333334,120.53571428571429
2026-04-25 09:00:00,2026-04-25,9,5,4,101,115.0,145.0,200.0,126.95833333333333,120.4702380952381
2026-04-25 10:00:00,2026-04-25,10,5,4,80,101.0,111.0,263.0,125.125,119.88095238095238
2026-04-25 11:00:00,2026-04-25,11,5,4,54,80.0,155.0,265.0,123.83333333333333,118.79166666666667
2026-04-25 12:00:00,2026-04-25,12,5,4,38,54.0,155.0,259.0,119.625,117.53571428571429
2026-04-25 13:00:00,2026-04-25,13,5,4,40,38.0,151.0,256.0,114.75,116.2202380952381
2026-04-25 14:00:00,2026-04-25,14,5,4,41,40.0,183.0,263.0,110.125,114.93452380952381
2026-04-25 15:00:00,2026-04-25,15,5,4,31,41.0,214.0,234.0,104.20833333333333,113.61309523809524
2026-04-25 16:00:00,2026-04-25,16,5,4,24,31.0,265.0,262.0,96.58333333333333,112.4047619047619
2026-04-25 17:00:00,2026-04-25,17,5,4,48,24.0,350.0,265.0,86.54166666666667,110.98809523809524
2026-04-25 18:00:00,2026-04-25,18,5,4,35,48.0,297.0,215.0,73.95833333333333,109.69642857142857
2026-04-25 19:00:00,2026-04-25,19,5,4,16,35.0,271.0,161.0,63.041666666666664,108.625
2026-04-25 20:00:00,2026-04-25,20,5,4,8,16.0,120.0,107.0,52.416666666666664,107.76190476190476
2026-04-25 21:00:00,2026-04-25,21,5,4,11,8.0,95.0,86.0,47.75,107.17261904761905
2026-04-25 22:00:00,2026-04-25,22,5,4,10,11.0,95.0,68.0,44.25,106.72619047619048
2026-04-25 23:00:00,2026-04-25,23,5,4,13,10.0,82.0,59.0,40.708333333333336,106.38095238095238
2026-04-26 00:00:00,2026-04-26,0,6,4,24,13.0,52.0,56.0,37.833333333333336,106.10714285714286
2026-04-26 01:00:00,2026-04-26,1,6,4,5,24.0,48.0,37.0,36.666666666666664,105.91666666666667
2026-04-26 02:00:00,2026-04-26,2,6,4,18,5.0,19.0,24.0,34.875,105.72619047619048
2026-04-26 03:00:00,2026-04-26,3,6,4,13,18.0,16.0,5.0,34.833333333333336,105.69047619047619
2026-04-26 04:00:00,2026-04-26,4,6,4,8,13.0,7.0,12.0,34.708333333333336,105.73809523809524
2026-04-26 05:00:00,2026-04-26,5,6,4,13,8.0,8.0,41.0,34.75,105.71428571428571
2026-04-26 06:00:00,2026-04-26,6,6,4,22,13.0,24.0,79.0,34.958333333333336,105.54761904761905
2026-04-26 07:00:00,2026-04-26,7,6,4,44,22.0,69.0,179.0,34.875,105.20833333333333
2026-04-26 08:00:00,2026-04-26,8,6,4,67,44.0,115.0,220.0,33.833333333333336,104.4047619047619
2026-04-26 09:00:00,2026-04-26,9,6,4,100,67.0,101.0,214.0,31.833333333333332,103.49404761904762
2026-04-26 10:00:00,2026-04-26,10,6,4,131,100.0,80.0,256.0,31.791666666666668,102.81547619047619
2026-04-26 11:00:00,2026-04-26,11,6,4,167,131.0,54.0,212.0,33.916666666666664,102.07142857142857
2026-04-26 12:00:00,2026-04-26,12,6,4,165,167.0,38.0,178.0,38.625,101.80357142857143
2026-04-26 13:00:00,2026-04-26,13,6,4,161,165.0,40.0,134.0,43.916666666666664,101.72619047619048
2026-04-26 14:00:00,2026-04-26,14,6,4,158,161.0,41.0,53.0,48.958333333333336,101.88690476190476
2026-04-26 15:00:00,2026-04-26,15,6,4,160,158.0,31.0,55.0,53.833333333333336,102.51190476190476
2026-04-26 16:00:00,2026-04-26,16,6,4,210,160.0,24.0,94.0,59.208333333333336,103.13690476190476
2026-04-26 17:00:00,2026-04-26,17,6,4,208,210.0,48.0,133.0,66.95833333333333,103.82738095238095
2026-04-26 18:00:00,2026-04-26,18,6,4,216,208.0,35.0,110.0,73.625,104.27380952380952
2026-04-26 19:00:00,2026-04-26,19,6,4,194,216.0,16.0,111.0,81.16666666666667,104.9047619047619
2026-04-26 20:00:00,2026-04-26,20,6,4,103,194.0,8.0,83.0,88.58333333333333,105.39880952380952
2026-04-26 21:00:00,2026-04-26,21,6,4,61,103.0,11.0,58.0,92.54166666666667,105.51785714285714
2026-04-26 22:00:00,2026-04-26,22,6,4,35,61.0,10.0,39.0,94.625,105.53571428571429
2026-04-26 23:00:00,2026-04-26,23,6,4,19,35.0,13.0,23.0,95.66666666666667,105.51190476190476
2026-04-27 00:00:00,2026-04-27,0,0,4,19,19.0,24.0,13.0,95.91666666666667,105.48809523809524
2026-04-27 01:00:00,2026-04-27,1,0,4,6,19.0,5.0,6.0,95.70833333333333,105.52380952380952
2026-04-27 02:00:00,2026-04-27,2,0,4,5,6.0,18.0,6.0,95.75,105.52380952380952
2026-04-27 03:00:00,2026-04-27,3,0,4,5,5.0,13.0,4.0,95.20833333333333,105.51785714285714
2026-04-27 04:00:00,2026-04-27,4,0,4,13,5.0,8.0,13.0,94.875,105.52380952380952
2026-04-27 05:00:00,2026-04-27,5,0,4,39,13.0,13.0,31.0,95.08333333333333,105.52380952380952
2026-04-27 06:00:00,2026-04-27,6,0,4,108,39.0,22.0,94.0,96.16666666666667,105.57142857142857
2026-04-27 07:00:00,2026-04-27,7,0,4,223,108.0,44.0,180.0,99.75,105.6547619047619
2026-04-27 08:00:00,2026-04-27,8,0,4,207,223.0,67.0,177.0,107.20833333333333,105.91071428571429
2026-04-27 09:00:00,2026-04-27,9,0,4,134,207.0,100.0,100.0,113.04166666666667,106.08928571428571
2026-04-27 10:00:00,2026-04-27,10,0,4,110,134.0,131.0,90.0,114.45833333333333,106.29166666666667
2026-04-27 11:00:00,2026-04-27,11,0,4,114,110.0,167.0,86.0,113.58333333333333,106.41071428571429
2026-04-27 12:00:00,2026-04-27,12,0,4,123,114.0,165.0,107.0,111.375,106.57738095238095
2026-04-27 13:00:00,2026-04-27,13,0,4,113,123.0,161.0,76.0,109.625,106.67261904761905
2026-04-27 14:00:00,2026-04-27,14,0,4,137,113.0,158.0,126.0,107.625,106.89285714285714
2026-04-27 15:00:00,2026-04-27,15,0,4,198,137.0,160.0,143.0,106.75,106.95833333333333
2026-04-27 16:00:00,2026-04-27,16,0,4,270,198.0,210.0,194.0,108.33333333333333,107.28571428571429
2026-04-27 17:00:00,2026-04-27,17,0,4,342,270.0,208.0,318.0,110.83333333333333,107.73809523809524
2026-04-27 18:00:00,2026-04-27,18,0,4,369,342.0,216.0,262.0,116.41666666666667,107.88095238095238
2026-04-27 19:00:00,2026-04-27,19,0,4,205,369.0,194.0,191.0,122.79166666666667,108.51785714285714
2026-04-27 20:00:00,2026-04-27,20,0,4,157,205.0,103.0,124.0,123.25,108.60119047619048
2026-04-27 21:00:00,2026-04-27,21,0,4,87,157.0,61.0,78.0,125.5,108.79761904761905
2026-04-27 22:00:00,2026-04-27,22,0,4,53,87.0,35.0,46.0,126.58333333333333,108.85119047619048
2026-04-27 23:00:00,2026-04-27,23,0,4,23,53.0,19.0,34.0,127.33333333333333,108.89285714285714
2026-04-28 00:00:00,2026-04-28,0,1,4,18,23.0,19.0,14.0,127.5,108.82738095238095
2026-04-28 01:00:00,2026-04-28,1,1,4,9,18.0,6.0,4.0,127.45833333333333,108.85119047619048
2026-04-28 02:00:00,2026-04-28,2,1,4,5,9.0,5.0,2.0,127.58333333333333,108.88095238095238
2026-04-28 03:00:00,2026-04-28,3,1,4,5,5.0,5.0,3.0,127.58333333333333,108.89880952380952
2026-04-28 04:00:00,2026-04-28,4,1,4,20,5.0,13.0,18.0,127.58333333333333,108.91071428571429
2026-04-28 05:00:00,2026-04-28,5,1,4,34,20.0,39.0,34.0,127.875,108.92261904761905
2026-04-28 06:00:00,2026-04-28,6,1,4,125,34.0,108.0,108.0,127.66666666666667,108.92261904761905
2026-04-28 07:00:00,2026-04-28,7,1,4,257,125.0,223.0,225.0,128.375,109.02380952380952
2026-04-28 08:00:00,2026-04-28,8,1,4,256,257.0,207.0,204.0,129.79166666666666,109.21428571428571
2026-04-28 09:00:00,2026-04-28,9,1,4,142,256.0,134.0,102.0,131.83333333333334,109.52380952380952
2026-04-28 10:00:00,2026-04-28,10,1,4,105,142.0,110.0,76.0,132.16666666666666,109.76190476190476
2026-04-28 11:00:00,2026-04-28,11,1,4,97,105.0,114.0,84.0,131.95833333333334,109.93452380952381
2026-04-28 12:00:00,2026-04-28,12,1,4,88,97.0,123.0,105.0,131.25,110.01190476190476
2026-04-28 13:00:00,2026-04-28,13,1,4,114,88.0,113.0,98.0,129.79166666666666,109.91071428571429
2026-04-28 14:00:00,2026-04-28,14,1,4,132,114.0,137.0,104.0,129.83333333333334,110.00595238095238
2026-04-28 15:00:00,2026-04-28,15,1,4,162,132.0,198.0,154.0,129.625,110.17261904761905
2026-04-28 16:00:00,2026-04-28,16,1,4,209,162.0,270.0,202.0,128.125,110.2202380952381
2026-04-28 17:00:00,2026-04-28,17,1,4,351,209.0,342.0,318.0,125.58333333333333,110.26190476190476
2026-04-28 18:00:00,2026-04-28,18,1,4,305,351.0,369.0,282.0,125.95833333333333,110.45833333333333
2026-04-28 19:00:00,2026-04-28,19,1,4,225,305.0,205.0,159.0,123.29166666666667,110.5952380952381
2026-04-28 20:00:00,2026-04-28,20,1,4,138,225.0,157.0,136.0,124.125,110.98809523809524
2026-04-28 21:00:00,2026-04-28,21,1,4,108,138.0,87.0,100.0,123.33333333333333,111.0
2026-04-28 22:00:00,2026-04-28,22,1,4,84,108.0,53.0,49.0,124.20833333333333,111.04761904761905
2026-04-28 23:00:00,2026-04-28,23,1,4,36,84.0,23.0,28.0,125.5,111.25595238095238
2026-04-29 00:00:00,2026-04-29,0,2,4,23,36.0,18.0,12.0,126.04166666666667,111.30357142857143
2026-04-29 01:00:00,2026-04-29,1,2,4,14,23.0,9.0,10.0,126.25,111.36904761904762
2026-04-29 02:00:00,2026-04-29,2,2,4,5,14.0,5.0,8.0,126.45833333333333,111.39285714285714
2026-04-29 03:00:00,2026-04-29,3,2,4,6,5.0,5.0,2.0,126.45833333333333,111.375
2026-04-29 04:00:00,2026-04-29,4,2,4,10,6.0,20.0,9.0,126.5,111.39880952380952
2026-04-29 05:00:00,2026-04-29,5,2,4,38,10.0,34.0,33.0,126.08333333333333,111.4047619047619
2026-04-29 06:00:00,2026-04-29,6,2,4,130,38.0,125.0,89.0,126.25,111.43452380952381
2026-04-29 07:00:00,2026-04-29,7,2,4,219,130.0,257.0,185.0,126.45833333333333,111.67857142857143
2026-04-29 08:00:00,2026-04-29,8,2,4,315,219.0,256.0,215.0,124.875,111.88095238095238
2026-04-29 09:00:00,2026-04-29,9,2,4,138,315.0,142.0,73.0,127.33333333333333,112.47619047619048
2026-04-29 10:00:00,2026-04-29,10,2,4,120,138.0,105.0,76.0,127.16666666666667,112.86309523809524
2026-04-29 11:00:00,2026-04-29,11,2,4,109,120.0,97.0,79.0,127.79166666666667,113.125
2026-04-29 12:00:00,2026-04-29,12,2,4,118,109.0,88.0,80.0,128.29166666666666,113.30357142857143
2026-04-29 13:00:00,2026-04-29,13,2,4,119,118.0,114.0,96.0,129.54166666666666,113.5297619047619
2026-04-29 14:00:00,2026-04-29,14,2,4,151,119.0,132.0,112.0,129.75,113.66666666666667
2026-04-29 15:00:00,2026-04-29,15,2,4,162,151.0,162.0,154.0,130.54166666666666,113.89880952380952
2026-04-29 16:00:00,2026-04-29,16,2,4,194,162.0,209.0,223.0,130.54166666666666,113.94642857142857
2026-04-29 17:00:00,2026-04-29,17,2,4,348,194.0,351.0,379.0,129.91666666666666,113.77380952380952
2026-04-29 18:00:00,2026-04-29,18,2,4,302,348.0,305.0,308.0,129.79166666666666,113.58928571428571
2026-04-29 19:00:00,2026-04-29,19,2,4,177,302.0,225.0,220.0,129.66666666666666,113.55357142857143
2026-04-29 20:00:00,2026-04-29,20,2,4,103,177.0,138.0,135.0,127.66666666666667,113.29761904761905
2026-04-29 21:00:00,2026-04-29,21,2,4,47,103.0,108.0,100.0,126.20833333333333,113.10714285714286
2026-04-29 22:00:00,2026-04-29,22,2,4,23,47.0,84.0,69.0,123.66666666666667,112.79166666666667
2026-04-29 23:00:00,2026-04-29,23,2,4,9,23.0,36.0,34.0,121.125,112.51785714285714
2026-04-30 00:00:00,2026-04-30,0,3,4,4,9.0,23.0,18.0,120.0,112.36904761904762
2026-04-30 01:00:00,2026-04-30,1,3,4,0,4.0,14.0,3.0,119.20833333333333,112.28571428571429
2026-04-30 02:00:00,2026-04-30,2,3,4,2,0.0,5.0,7.0,118.625,112.26785714285714
2026-04-30 03:00:00,2026-04-30,3,3,4,2,2.0,6.0,3.0,118.5,112.23809523809524
2026-04-30 04:00:00,2026-04-30,4,3,4,12,2.0,10.0,12.0,118.33333333333333,112.23214285714286
2026-04-30 05:00:00,2026-04-30,5,3,4,30,12.0,38.0,39.0,118.41666666666667,112.23214285714286
2026-04-30 06:00:00,2026-04-30,6,3,4,94,30.0,130.0,117.0,118.08333333333333,112.17857142857143
2026-04-30 07:00:00,2026-04-30,7,3,4,191,94.0,219.0,232.0,116.58333333333333,112.04166666666667
2026-04-30 08:00:00,2026-04-30,8,3,4,259,191.0,315.0,269.0,115.41666666666667,111.79761904761905
2026-04-30 09:00:00,2026-04-30,9,3,4,137,259.0,138.0,121.0,113.08333333333333,111.73809523809524
2026-04-30 10:00:00,2026-04-30,10,3,4,73,137.0,120.0,97.0,113.04166666666667,111.83333333333333
2026-04-30 11:00:00,2026-04-30,11,3,4,82,73.0,109.0,107.0,111.08333333333333,111.69047619047619
2026-04-30 12:00:00,2026-04-30,12,3,4,95,82.0,118.0,136.0,109.95833333333333,111.54166666666667
2026-04-30 13:00:00,2026-04-30,13,3,4,98,95.0,119.0,137.0,109.0,111.29761904761905
2026-04-30 14:00:00,2026-04-30,14,3,4,109,98.0,151.0,146.0,108.125,111.06547619047619
2026-04-30 15:00:00,2026-04-30,15,3,4,145,109.0,162.0,163.0,106.375,110.8452380952381
2026-04-30 16:00:00,2026-04-30,16,3,4,213,145.0,194.0,255.0,105.66666666666667,110.73809523809524
2026-04-30 17:00:00,2026-04-30,17,3,4,355,213.0,348.0,370.0,106.45833333333333,110.48809523809524
2026-04-30 18:00:00,2026-04-30,18,3,4,344,355.0,302.0,385.0,106.75,110.39880952380952
2026-04-30 19:00:00,2026-04-30,19,3,4,264,344.0,177.0,286.0,108.5,110.1547619047619
2026-04-30 20:00:00,2026-04-30,20,3,4,169,264.0,103.0,186.0,112.125,110.02380952380952
2026-04-30 21:00:00,2026-04-30,21,3,4,132,169.0,47.0,149.0,114.875,109.92261904761905
2026-04-30 22:00:00,2026-04-30,22,3,4,95,132.0,23.0,117.0,118.41666666666667,109.82142857142857
2026-04-30 23:00:00,2026-04-30,23,3,4,72,95.0,9.0,77.0,121.41666666666667,109.69047619047619
2026-05-01 00:00:00,2026-05-01,0,4,5,41,72.0,4.0,30.0,124.04166666666667,109.66071428571429
2026-05-01 01:00:00,2026-05-01,1,4,5,20,41.0,0.0,22.0,125.58333333333333,109.72619047619048
2026-05-01 02:00:00,2026-05-01,2,4,5,7,20.0,2.0,9.0,126.41666666666667,109.71428571428571
2026-05-01 03:00:00,2026-05-01,3,4,5,9,7.0,2.0,4.0,126.625,109.70238095238095
2026-05-01 04:00:00,2026-05-01,4,4,5,21,9.0,12.0,12.0,126.91666666666667,109.73214285714286
2026-05-01 05:00:00,2026-05-01,5,4,5,29,21.0,30.0,29.0,127.29166666666667,109.78571428571429
2026-05-01 06:00:00,2026-05-01,6,4,5,90,29.0,94.0,100.0,127.25,109.78571428571429
2026-05-01 07:00:00,2026-05-01,7,4,5,194,90.0,191.0,177.0,127.08333333333333,109.72619047619048
2026-05-01 08:00:00,2026-05-01,8,4,5,214,194.0,259.0,199.0,127.20833333333333,109.82738095238095
2026-05-01 09:00:00,2026-05-01,9,4,5,125,214.0,137.0,145.0,125.33333333333333,109.91666666666667
2026-05-01 10:00:00,2026-05-01,10,4,5,141,125.0,73.0,111.0,124.83333333333333,109.79761904761905
2026-05-01 11:00:00,2026-05-01,11,4,5,117,141.0,82.0,155.0,127.66666666666667,109.97619047619048
2026-05-01 12:00:00,2026-05-01,12,4,5,162,117.0,95.0,155.0,129.125,109.75
2026-05-01 13:00:00,2026-05-01,13,4,5,168,162.0,98.0,151.0,131.91666666666666,109.79166666666667
2026-05-01 14:00:00,2026-05-01,14,4,5,226,168.0,109.0,183.0,134.83333333333334,109.89285714285714
2026-05-01 15:00:00,2026-05-01,15,4,5,255,226.0,145.0,214.0,139.70833333333334,110.14880952380952
2026-05-01 16:00:00,2026-05-01,16,4,5,315,255.0,213.0,265.0,144.29166666666666,110.39285714285714
2026-05-01 17:00:00,2026-05-01,17,4,5,372,315.0,355.0,350.0,148.54166666666666,110.69047619047619
2026-05-01 18:00:00,2026-05-01,18,4,5,296,372.0,344.0,297.0,149.25,110.82142857142857
2026-05-01 19:00:00,2026-05-01,19,4,5,240,296.0,264.0,271.0,147.25,110.81547619047619
2026-05-01 20:00:00,2026-05-01,20,4,5,143,240.0,169.0,120.0,146.25,110.63095238095238
2026-05-01 21:00:00,2026-05-01,21,4,5,119,143.0,132.0,95.0,145.16666666666666,110.76785714285714
2026-05-01 22:00:00,2026-05-01,22,4,5,108,119.0,95.0,95.0,144.625,110.91071428571429
2026-05-01 23:00:00,2026-05-01,23,4,5,78,108.0,72.0,82.0,145.16666666666666,110.98809523809524
2026-05-02 00:00:00,2026-05-02,0,5,5,66,78.0,41.0,52.0,145.41666666666666,110.96428571428571
2026-05-02 01:00:00,2026-05-02,1,5,5,24,66.0,20.0,48.0,146.45833333333334,111.04761904761905
2026-05-02 02:00:00,2026-05-02,2,5,5,22,24.0,7.0,19.0,146.625,110.9047619047619
2026-05-02 03:00:00,2026-05-02,3,5,5,13,22.0,9.0,16.0,147.25,110.92261904761905
2026-05-02 04:00:00,2026-05-02,4,5,5,12,13.0,21.0,7.0,147.41666666666666,110.9047619047619
2026-05-02 05:00:00,2026-05-02,5,5,5,14,12.0,29.0,8.0,147.04166666666666,110.93452380952381
2026-05-02 06:00:00,2026-05-02,6,5,5,21,14.0,90.0,24.0,146.41666666666666,110.9702380952381
2026-05-02 07:00:00,2026-05-02,7,5,5,75,21.0,194.0,69.0,143.54166666666666,110.95238095238095
2026-05-02 08:00:00,2026-05-02,8,5,5,94,75.0,214.0,115.0,138.58333333333334,110.98809523809524
2026-05-02 09:00:00,2026-05-02,9,5,5,149,94.0,125.0,101.0,133.58333333333334,110.86309523809524
2026-05-02 10:00:00,2026-05-02,10,5,5,191,149.0,141.0,80.0,134.58333333333334,111.14880952380952
2026-05-02 11:00:00,2026-05-02,11,5,5,197,191.0,117.0,54.0,136.66666666666666,111.80952380952381
2026-05-02 12:00:00,2026-05-02,12,5,5,180,197.0,162.0,38.0,140.0,112.66071428571429
2026-05-02 13:00:00,2026-05-02,13,5,5,199,180.0,168.0,40.0,140.75,113.50595238095238
2026-05-02 14:00:00,2026-05-02,14,5,5,209,199.0,226.0,41.0,142.04166666666666,114.45238095238095
2026-05-02 15:00:00,2026-05-02,15,5,5,224,209.0,255.0,31.0,141.33333333333334,115.45238095238095
2026-05-02 16:00:00,2026-05-02,16,5,5,192,224.0,315.0,24.0,140.04166666666666,116.60119047619048
2026-05-02 17:00:00,2026-05-02,17,5,5,238,192.0,372.0,48.0,134.91666666666666,117.60119047619048
2026-05-02 18:00:00,2026-05-02,18,5,5,227,238.0,296.0,35.0,129.33333333333334,118.73214285714286
2026-05-02 19:00:00,2026-05-02,19,5,5,141,227.0,240.0,16.0,126.45833333333333,119.875
2026-05-02 20:00:00,2026-05-02,20,5,5,113,141.0,143.0,8.0,122.33333333333333,120.61904761904762
2026-05-02 21:00:00,2026-05-02,21,5,5,124,113.0,119.0,11.0,121.08333333333333,121.24404761904762
2026-05-02 22:00:00,2026-05-02,22,5,5,90,124.0,108.0,10.0,121.29166666666667,121.91666666666667
2026-05-02 23:00:00,2026-05-02,23,5,5,70,90.0,78.0,13.0,120.54166666666667,122.39285714285714
2026-05-03 00:00:00,2026-05-03,0,6,5,49,70.0,66.0,24.0,120.20833333333333,122.73214285714286
2026-05-03 01:00:00,2026-05-03,1,6,5,39,49.0,24.0,5.0,119.5,122.88095238095238
2026-05-03 02:00:00,2026-05-03,2,6,5,26,39.0,22.0,18.0,120.125,123.08333333333333
2026-05-03 03:00:00,2026-05-03,3,6,5,22,26.0,13.0,13.0,120.29166666666667,123.13095238095238
2026-05-03 04:00:00,2026-05-03,4,6,5,5,22.0,12.0,8.0,120.66666666666667,123.18452380952381
2026-05-03 05:00:00,2026-05-03,5,6,5,13,5.0,14.0,13.0,120.375,123.16666666666667
2026-05-03 06:00:00,2026-05-03,6,6,5,16,13.0,21.0,22.0,120.33333333333333,123.16666666666667
2026-05-03 07:00:00,2026-05-03,7,6,5,47,16.0,75.0,44.0,120.125,123.13095238095238
2026-05-03 08:00:00,2026-05-03,8,6,5,76,47.0,94.0,67.0,118.95833333333333,123.14880952380952
2026-05-03 09:00:00,2026-05-03,9,6,5,114,76.0,149.0,100.0,118.20833333333333,123.20238095238095
2026-05-03 10:00:00,2026-05-03,10,6,5,171,114.0,191.0,131.0,116.75,123.28571428571429
2026-05-03 11:00:00,2026-05-03,11,6,5,161,171.0,197.0,167.0,115.91666666666667,123.52380952380952
2026-05-03 12:00:00,2026-05-03,12,6,5,197,161.0,180.0,165.0,114.41666666666667,123.48809523809524
2026-05-03 13:00:00,2026-05-03,13,6,5,183,197.0,199.0,161.0,115.125,123.67857142857143
2026-05-03 14:00:00,2026-05-03,14,6,5,185,183.0,209.0,158.0,114.45833333333333,123.80952380952381
2026-05-03 15:00:00,2026-05-03,15,6,5,196,185.0,224.0,160.0,113.45833333333333,123.9702380952381
2026-05-03 16:00:00,2026-05-03,16,6,5,176,196.0,192.0,210.0,112.29166666666667,124.18452380952381
2026-05-03 17:00:00,2026-05-03,17,6,5,210,176.0,238.0,208.0,111.625,123.98214285714286
2026-05-03 18:00:00,2026-05-03,18,6,5,186,210.0,227.0,216.0,110.45833333333333,123.99404761904762
2026-05-03 19:00:00,2026-05-03,19,6,5,173,186.0,141.0,194.0,108.75,123.81547619047619
2026-05-03 20:00:00,2026-05-03,20,6,5,79,173.0,113.0,103.0,110.08333333333333,123.69047619047619
2026-05-03 21:00:00,2026-05-03,21,6,5,67,79.0,124.0,61.0,108.66666666666667,123.54761904761905
2026-05-03 22:00:00,2026-05-03,22,6,5,53,67.0,90.0,35.0,106.29166666666667,123.58333333333333
2026-05-03 23:00:00,2026-05-03,23,6,5,19,53.0,70.0,19.0,104.75,123.69047619047619
2026-05-04 00:00:00,2026-05-04,0,0,5,7,19.0,49.0,19.0,102.625,123.69047619047619
2026-05-04 01:00:00,2026-05-04,1,0,5,3,7.0,39.0,6.0,100.875,123.61904761904762
2026-05-04 02:00:00,2026-05-04,2,0,5,3,3.0,26.0,5.0,99.375,123.60119047619048
2026-05-04 03:00:00,2026-05-04,3,0,5,8,3.0,22.0,5.0,98.41666666666667,123.58928571428571
2026-05-04 04:00:00,2026-05-04,4,0,5,12,8.0,5.0,13.0,97.83333333333333,123.60714285714286
2026-05-04 05:00:00,2026-05-04,5,0,5,37,12.0,13.0,39.0,98.125,123.60119047619048
2026-05-04 06:00:00,2026-05-04,6,0,5,100,37.0,16.0,108.0,99.125,123.58928571428571
2026-05-04 07:00:00,2026-05-04,7,0,5,183,100.0,47.0,223.0,102.625,123.54166666666667
2026-05-04 08:00:00,2026-05-04,8,0,5,236,183.0,76.0,207.0,108.29166666666667,123.30357142857143
2026-05-04 09:00:00,2026-05-04,9,0,5,117,236.0,114.0,134.0,114.95833333333333,123.47619047619048
2026-05-04 10:00:00,2026-05-04,10,0,5,132,117.0,171.0,110.0,115.08333333333333,123.375
2026-05-04 11:00:00,2026-05-04,11,0,5,110,132.0,161.0,114.0,113.45833333333333,123.50595238095238
2026-05-04 12:00:00,2026-05-04,12,0,5,146,110.0,197.0,123.0,111.33333333333333,123.48214285714286
2026-05-04 13:00:00,2026-05-04,13,0,5,164,146.0,183.0,113.0,109.20833333333333,123.61904761904762
2026-05-04 14:00:00,2026-05-04,14,0,5,135,164.0,185.0,137.0,108.41666666666667,123.92261904761905
2026-05-04 15:00:00,2026-05-04,15,0,5,174,135.0,196.0,198.0,106.33333333333333,123.91071428571429
2026-05-04 16:00:00,2026-05-04,16,0,5,246,174.0,176.0,270.0,105.41666666666667,123.76785714285714
2026-05-04 17:00:00,2026-05-04,17,0,5,383,246.0,210.0,342.0,108.33333333333333,123.625
2026-05-04 18:00:00,2026-05-04,18,0,5,359,383.0,186.0,369.0,115.54166666666667,123.86904761904762
2026-05-04 19:00:00,2026-05-04,19,0,5,230,359.0,173.0,205.0,122.75,123.80952380952381
2026-05-04 20:00:00,2026-05-04,20,0,5,139,230.0,79.0,157.0,125.125,123.95833333333333
2026-05-04 21:00:00,2026-05-04,21,0,5,110,139.0,67.0,87.0,127.625,123.85119047619048
2026-05-04 22:00:00,2026-05-04,22,0,5,48,110.0,53.0,53.0,129.41666666666666,123.98809523809524
2026-05-04 23:00:00,2026-05-04,23,0,5,35,48.0,19.0,23.0,129.20833333333334,123.95833333333333
2026-05-05 00:00:00,2026-05-05,0,1,5,10,35.0,7.0,18.0,129.875,124.0297619047619
2026-05-05 01:00:00,2026-05-05,1,1,5,6,10.0,3.0,9.0,130.0,123.98214285714286
2026-05-05 02:00:00,2026-05-05,2,1,5,8,6.0,3.0,5.0,130.125,123.96428571428571
2026-05-05 03:00:00,2026-05-05,3,1,5,4,8.0,8.0,5.0,130.33333333333334,123.98214285714286
2026-05-05 04:00:00,2026-05-05,4,1,5,13,4.0,12.0,20.0,130.16666666666666,123.97619047619048
2026-05-05 05:00:00,2026-05-05,5,1,5,49,13.0,37.0,34.0,130.20833333333334,123.93452380952381
2026-05-05 06:00:00,2026-05-05,6,1,5,126,49.0,100.0,125.0,130.70833333333334,124.02380952380952
2026-05-05 07:00:00,2026-05-05,7,1,5,238,126.0,183.0,257.0,131.79166666666666,124.0297619047619
2026-05-05 08:00:00,2026-05-05,8,1,5,310,238.0,236.0,256.0,134.08333333333334,123.91666666666667
2026-05-05 09:00:00,2026-05-05,9,1,5,127,310.0,117.0,142.0,137.16666666666666,124.23809523809524
2026-05-05 10:00:00,2026-05-05,10,1,5,97,127.0,132.0,105.0,137.58333333333334,124.14880952380952
2026-05-05 11:00:00,2026-05-05,11,1,5,88,97.0,110.0,97.0,136.125,124.10119047619048
2026-05-05 12:00:00,2026-05-05,12,1,5,112,88.0,146.0,88.0,135.20833333333334,124.04761904761905
2026-05-05 13:00:00,2026-05-05,13,1,5,129,112.0,164.0,114.0,133.79166666666666,124.19047619047619
2026-05-05 14:00:00,2026-05-05,14,1,5,144,129.0,135.0,132.0,132.33333333333334,124.2797619047619
2026-05-05 15:00:00,2026-05-05,15,1,5,191,144.0,174.0,162.0,132.70833333333334,124.35119047619048
2026-05-05 16:00:00,2026-05-05,16,1,5,264,191.0,246.0,209.0,133.41666666666666,124.52380952380952
2026-05-05 17:00:00,2026-05-05,17,1,5,409,264.0,383.0,351.0,134.16666666666666,124.85119047619048
2026-05-05 18:00:00,2026-05-05,18,1,5,426,409.0,359.0,305.0,135.25,125.19642857142857
2026-05-05 19:00:00,2026-05-05,19,1,5,246,426.0,230.0,225.0,138.04166666666666,125.91666666666667
2026-05-05 20:00:00,2026-05-05,20,1,5,180,246.0,139.0,138.0,138.70833333333334,126.04166666666667
2026-05-05 21:00:00,2026-05-05,21,1,5,142,180.0,110.0,108.0,140.41666666666666,126.29166666666667
2026-05-05 22:00:00,2026-05-05,22,1,5,80,142.0,48.0,84.0,141.75,126.49404761904762
2026-05-05 23:00:00,2026-05-05,23,1,5,65,80.0,35.0,36.0,143.08333333333334,126.4702380952381
2026-05-06 00:00:00,2026-05-06,0,2,5,18,65.0,10.0,23.0,144.33333333333334,126.64285714285714
2026-05-06 01:00:00,2026-05-06,1,2,5,25,18.0,6.0,14.0,144.66666666666666,126.61309523809524
2026-05-06 02:00:00,2026-05-06,2,2,5,8,25.0,8.0,5.0,145.45833333333334,126.67857142857143
2026-05-06 03:00:00,2026-05-06,3,2,5,6,8.0,4.0,6.0,145.45833333333334,126.69642857142857
2026-05-06 04:00:00,2026-05-06,4,2,5,10,6.0,13.0,10.0,145.54166666666666,126.69642857142857
2026-05-06 05:00:00,2026-05-06,5,2,5,45,10.0,49.0,38.0,145.41666666666666,126.69642857142857
2026-05-06 06:00:00,2026-05-06,6,2,5,139,45.0,126.0,130.0,145.25,126.73809523809524
2026-05-06 07:00:00,2026-05-06,7,2,5,243,139.0,238.0,219.0,145.79166666666666,126.79166666666667
2026-05-06 08:00:00,2026-05-06,8,2,5,312,243.0,310.0,315.0,146.0,126.93452380952381
2026-05-06 09:00:00,2026-05-06,9,2,5,141,312.0,127.0,138.0,146.08333333333334,126.91666666666667
2026-05-06 10:00:00,2026-05-06,10,2,5,103,141.0,97.0,120.0,146.66666666666666,126.93452380952381
2026-05-06 11:00:00,2026-05-06,11,2,5,105,103.0,88.0,109.0,146.91666666666666,126.83333333333333
2026-05-06 12:00:00,2026-05-06,12,2,5,58,105.0,112.0,118.0,147.625,126.80952380952381
2026-05-06 13:00:00,2026-05-06,13,2,5,52,58.0,129.0,119.0,145.375,126.45238095238095
2026-05-06 14:00:00,2026-05-06,14,2,5,103,52.0,144.0,151.0,142.16666666666666,126.05357142857143
2026-05-06 15:00:00,2026-05-06,15,2,5,134,103.0,191.0,162.0,140.45833333333334,125.76785714285714
2026-05-06 16:00:00,2026-05-06,16,2,5,164,134.0,264.0,194.0,138.08333333333334,125.60119047619048
2026-05-06 17:00:00,2026-05-06,17,2,5,309,164.0,409.0,348.0,133.91666666666666,125.42261904761905
2026-05-06 18:00:00,2026-05-06,18,2,5,314,309.0,426.0,302.0,129.75,125.19047619047619
2026-05-06 19:00:00,2026-05-06,19,2,5,203,314.0,246.0,177.0,125.08333333333333,125.26190476190476
2026-05-06 20:00:00,2026-05-06,20,2,5,156,203.0,180.0,103.0,123.29166666666667,125.41666666666667
2026-05-06 21:00:00,2026-05-06,21,2,5,49,156.0,142.0,47.0,122.29166666666667,125.73214285714286
2026-05-06 22:00:00,2026-05-06,22,2,5,57,49.0,80.0,23.0,118.41666666666667,125.74404761904762
2026-05-06 23:00:00,2026-05-06,23,2,5,27,57.0,65.0,9.0,117.45833333333333,125.94642857142857
2026-05-07 00:00:00,2026-05-07,0,3,5,19,27.0,18.0,4.0,115.875,126.05357142857143
2026-05-07 01:00:00,2026-05-07,1,3,5,10,19.0,25.0,0.0,115.91666666666667,126.14285714285714
2026-05-07 02:00:00,2026-05-07,2,3,5,1,10.0,8.0,2.0,115.29166666666667,126.20238095238095
2026-05-07 03:00:00,2026-05-07,3,3,5,0,1.0,6.0,2.0,115.0,126.19642857142857
2026-05-07 04:00:00,2026-05-07,4,3,5,10,0.0,10.0,12.0,114.75,126.18452380952381
2026-05-07 05:00:00,2026-05-07,5,3,5,42,10.0,45.0,30.0,114.75,126.17261904761905
2026-05-07 06:00:00,2026-05-07,6,3,5,90,42.0,139.0,94.0,114.625,126.24404761904762
2026-05-07 07:00:00,2026-05-07,7,3,5,232,90.0,243.0,191.0,112.58333333333333,126.2202380952381
2026-05-07 08:00:00,2026-05-07,8,3,5,281,232.0,312.0,259.0,112.125,126.46428571428571
2026-05-07 09:00:00,2026-05-07,9,3,5,116,281.0,141.0,137.0,110.83333333333333,126.5952380952381
2026-05-07 10:00:00,2026-05-07,10,3,5,121,116.0,103.0,73.0,109.79166666666667,126.4702380952381
2026-05-07 11:00:00,2026-05-07,11,3,5,111,121.0,105.0,82.0,110.54166666666667,126.75595238095238
2026-05-07 12:00:00,2026-05-07,12,3,5,127,111.0,58.0,95.0,110.79166666666667,126.92857142857143
2026-05-07 13:00:00,2026-05-07,13,3,5,130,127.0,52.0,98.0,113.66666666666667,127.11904761904762
2026-05-07 14:00:00,2026-05-07,14,3,5,133,130.0,103.0,109.0,116.91666666666667,127.30952380952381
2026-05-07 15:00:00,2026-05-07,15,3,5,192,133.0,134.0,145.0,118.16666666666667,127.45238095238095
2026-05-07 16:00:00,2026-05-07,16,3,5,238,192.0,164.0,213.0,120.58333333333333,127.73214285714286
2026-05-07 17:00:00,2026-05-07,17,3,5,394,238.0,309.0,355.0,123.66666666666667,127.88095238095238
2026-05-07 18:00:00,2026-05-07,18,3,5,342,394.0,314.0,344.0,127.20833333333333,128.11309523809524
2026-05-07 19:00:00,2026-05-07,19,3,5,271,342.0,203.0,264.0,128.375,128.10119047619048
2026-05-07 20:00:00,2026-05-07,20,3,5,162,271.0,156.0,169.0,131.20833333333334,128.14285714285714
2026-05-07 21:00:00,2026-05-07,21,3,5,127,162.0,49.0,132.0,131.45833333333334,128.10119047619048
2026-05-07 22:00:00,2026-05-07,22,3,5,79,127.0,57.0,95.0,134.70833333333334,128.07142857142858
2026-05-07 23:00:00,2026-05-07,23,3,5,48,79.0,27.0,72.0,135.625,127.97619047619048
2026-05-08 00:00:00,2026-05-08,0,4,5,21,48.0,19.0,41.0,136.5,127.83333333333333
2026-05-08 01:00:00,2026-05-08,1,4,5,17,21.0,10.0,20.0,136.58333333333334,127.71428571428571
2026-05-08 02:00:00,2026-05-08,2,4,5,5,17.0,1.0,7.0,136.875,127.69642857142857
2026-05-08 03:00:00,2026-05-08,3,4,5,4,5.0,0.0,9.0,137.04166666666666,127.68452380952381
2026-05-08 04:00:00,2026-05-08,4,4,5,7,4.0,10.0,21.0,137.20833333333334,127.6547619047619
2026-05-08 05:00:00,2026-05-08,5,4,5,36,7.0,42.0,29.0,137.08333333333334,127.57142857142857
2026-05-08 06:00:00,2026-05-08,6,4,5,100,36.0,90.0,90.0,136.83333333333334,127.61309523809524
2026-05-08 07:00:00,2026-05-08,7,4,5,197,100.0,232.0,194.0,137.25,127.67261904761905
2026-05-08 08:00:00,2026-05-08,8,4,5,252,197.0,281.0,214.0,135.79166666666666,127.69047619047619
2026-05-08 09:00:00,2026-05-08,9,4,5,116,252.0,116.0,125.0,134.58333333333334,127.91666666666667
2026-05-08 10:00:00,2026-05-08,10,4,5,137,116.0,121.0,141.0,134.58333333333334,127.86309523809524
2026-05-08 11:00:00,2026-05-08,11,4,5,147,137.0,111.0,117.0,135.25,127.83928571428571
2026-05-08 12:00:00,2026-05-08,12,4,5,147,147.0,127.0,162.0,136.75,128.01785714285714
2026-05-08 13:00:00,2026-05-08,13,4,5,137,147.0,130.0,168.0,137.58333333333334,127.92857142857143
2026-05-08 14:00:00,2026-05-08,14,4,5,182,137.0,133.0,226.0,137.875,127.74404761904762
2026-05-08 15:00:00,2026-05-08,15,4,5,241,182.0,192.0,255.0,139.91666666666666,127.48214285714286
2026-05-08 16:00:00,2026-05-08,16,4,5,236,241.0,238.0,315.0,141.95833333333334,127.39880952380952
2026-05-08 17:00:00,2026-05-08,17,4,5,328,236.0,394.0,372.0,141.875,126.92857142857143
2026-05-08 18:00:00,2026-05-08,18,4,5,315,328.0,342.0,296.0,139.125,126.66666666666667
2026-05-08 19:00:00,2026-05-08,19,4,5,233,315.0,271.0,240.0,138.0,126.7797619047619
2026-05-08 20:00:00,2026-05-08,20,4,5,143,233.0,162.0,143.0,136.41666666666666,126.73809523809524
2026-05-08 21:00:00,2026-05-08,21,4,5,123,143.0,127.0,119.0,135.625,126.73809523809524
2026-05-08 22:00:00,2026-05-08,22,4,5,125,123.0,79.0,108.0,135.45833333333334,126.76190476190476
2026-05-08 23:00:00,2026-05-08,23,4,5,85,125.0,48.0,78.0,137.375,126.86309523809524
2026-05-09 00:00:00,2026-05-09,0,5,5,46,85.0,21.0,66.0,138.91666666666666,126.9047619047619
2026-05-09 01:00:00,2026-05-09,1,5,5,29,46.0,17.0,24.0,139.95833333333334,126.78571428571429
2026-05-09 02:00:00,2026-05-09,2,5,5,29,29.0,5.0,22.0,140.45833333333334,126.81547619047619
2026-05-09 03:00:00,2026-05-09,3,5,5,15,29.0,4.0,13.0,141.45833333333334,126.85714285714286
2026-05-09 04:00:00,2026-05-09,4,5,5,9,15.0,7.0,12.0,141.91666666666666,126.86904761904762
2026-05-09 05:00:00,2026-05-09,5,5,5,11,9.0,36.0,14.0,142.0,126.85119047619048
2026-05-09 06:00:00,2026-05-09,6,5,5,29,11.0,100.0,21.0,140.95833333333334,126.83333333333333
2026-05-09 07:00:00,2026-05-09,7,5,5,47,29.0,197.0,75.0,138.0,126.88095238095238
2026-05-09 08:00:00,2026-05-09,8,5,5,125,47.0,252.0,94.0,131.75,126.71428571428571
2026-05-09 09:00:00,2026-05-09,9,5,5,153,125.0,116.0,149.0,126.45833333333333,126.89880952380952
2026-05-09 10:00:00,2026-05-09,10,5,5,235,153.0,137.0,191.0,128.0,126.92261904761905
2026-05-09 11:00:00,2026-05-09,11,5,5,199,235.0,147.0,197.0,132.08333333333334,127.18452380952381
2026-05-09 12:00:00,2026-05-09,12,5,5,218,199.0,147.0,180.0,134.25,127.19642857142857
2026-05-09 13:00:00,2026-05-09,13,5,5,223,218.0,137.0,199.0,137.20833333333334,127.42261904761905
2026-05-09 14:00:00,2026-05-09,14,5,5,68,223.0,182.0,209.0,140.79166666666666,127.56547619047619
2026-05-09 15:00:00,2026-05-09,15,5,5,79,68.0,241.0,224.0,136.04166666666666,126.72619047619048
2026-05-09 16:00:00,2026-05-09,16,5,5,65,79.0,236.0,192.0,129.29166666666666,125.86309523809524
2026-05-09 17:00:00,2026-05-09,17,5,5,96,65.0,328.0,238.0,122.16666666666667,125.10714285714286
2026-05-09 18:00:00,2026-05-09,18,5,5,60,96.0,315.0,227.0,112.5,124.26190476190476
2026-05-09 19:00:00,2026-05-09,19,5,5,109,60.0,233.0,141.0,101.875,123.26785714285714
2026-05-09 20:00:00,2026-05-09,20,5,5,85,109.0,143.0,113.0,96.70833333333333,123.07738095238095
2026-05-09 21:00:00,2026-05-09,21,5,5,72,85.0,123.0,124.0,94.29166666666667,122.91071428571429
2026-05-09 22:00:00,2026-05-09,22,5,5,52,72.0,125.0,90.0,92.16666666666667,122.60119047619048
2026-05-09 23:00:00,2026-05-09,23,5,5,61,52.0,85.0,70.0,89.125,122.375
2026-05-10 00:00:00,2026-05-10,0,6,5,51,61.0,46.0,49.0,88.125,122.32142857142857
2026-05-10 01:00:00,2026-05-10,1,6,5,39,51.0,29.0,39.0,88.33333333333333,122.33333333333333
2026-05-10 02:00:00,2026-05-10,2,6,5,26,39.0,29.0,26.0,88.75,122.33333333333333
2026-05-10 03:00:00,2026-05-10,3,6,5,25,26.0,15.0,22.0,88.625,122.33333333333333
2026-05-10 04:00:00,2026-05-10,4,6,5,3,25.0,9.0,5.0,89.04166666666667,122.35119047619048
2026-05-10 05:00:00,2026-05-10,5,6,5,10,3.0,11.0,13.0,88.79166666666667,122.33928571428571
2026-05-10 06:00:00,2026-05-10,6,6,5,21,10.0,29.0,16.0,88.75,122.32142857142857
2026-05-10 07:00:00,2026-05-10,7,6,5,47,21.0,47.0,47.0,88.41666666666667,122.35119047619048
2026-05-10 08:00:00,2026-05-10,8,6,5,90,47.0,125.0,76.0,88.41666666666667,122.35119047619048
2026-05-10 09:00:00,2026-05-10,9,6,5,137,90.0,153.0,114.0,86.95833333333333,122.43452380952381
2026-05-10 10:00:00,2026-05-10,10,6,5,159,137.0,235.0,171.0,86.29166666666667,122.57142857142857
2026-05-10 11:00:00,2026-05-10,11,6,5,139,159.0,199.0,161.0,83.125,122.5
2026-05-10 12:00:00,2026-05-10,12,6,5,166,139.0,218.0,197.0,80.625,122.36904761904762
2026-05-10 13:00:00,2026-05-10,13,6,5,186,166.0,223.0,183.0,78.45833333333333,122.18452380952381
2026-05-10 14:00:00,2026-05-10,14,6,5,151,186.0,68.0,185.0,76.91666666666667,122.20238095238095
2026-05-10 15:00:00,2026-05-10,15,6,5,182,151.0,79.0,196.0,80.375,122.0
2026-05-10 16:00:00,2026-05-10,16,6,5,147,182.0,65.0,176.0,84.66666666666667,121.91666666666667
2026-05-10 17:00:00,2026-05-10,17,6,5,93,147.0,96.0,210.0,88.08333333333333,121.74404761904762
2026-05-10 18:00:00,2026-05-10,18,6,5,110,93.0,60.0,186.0,87.95833333333333,121.04761904761905
2026-05-10 19:00:00,2026-05-10,19,6,5,136,110.0,109.0,173.0,90.04166666666667,120.5952380952381
2026-05-10 20:00:00,2026-05-10,20,6,5,107,136.0,85.0,79.0,91.16666666666667,120.375
2026-05-10 21:00:00,2026-05-10,21,6,5,47,107.0,72.0,67.0,92.08333333333333,120.54166666666667
2026-05-10 22:00:00,2026-05-10,22,6,5,59,47.0,52.0,53.0,91.04166666666667,120.42261904761905
2026-05-10 23:00:00,2026-05-10,23,6,5,41,59.0,61.0,19.0,91.33333333333333,120.45833333333333
2026-05-11 00:00:00,2026-05-11,0,0,5,20,41.0,51.0,7.0,90.5,120.58928571428571
2026-05-11 01:00:00,2026-05-11,1,0,5,17,20.0,39.0,3.0,89.20833333333333,120.66666666666667
2026-05-11 02:00:00,2026-05-11,2,0,5,0,17.0,26.0,3.0,88.29166666666667,120.75
2026-05-11 03:00:00,2026-05-11,3,0,5,9,0.0,25.0,8.0,87.20833333333333,120.73214285714286
2026-05-11 04:00:00,2026-05-11,4,0,5,10,9.0,3.0,12.0,86.54166666666667,120.73809523809524
2026-05-11 05:00:00,2026-05-11,5,0,5,39,10.0,10.0,37.0,86.83333333333333,120.72619047619048
2026-05-11 06:00:00,2026-05-11,6,0,5,93,39.0,21.0,100.0,88.04166666666667,120.73809523809524
2026-05-11 07:00:00,2026-05-11,7,0,5,202,93.0,47.0,183.0,91.04166666666667,120.69642857142857
2026-05-11 08:00:00,2026-05-11,8,0,5,229,202.0,90.0,236.0,97.5,120.80952380952381
2026-05-11 09:00:00,2026-05-11,9,0,5,99,229.0,137.0,117.0,103.29166666666667,120.76785714285714
2026-05-11 10:00:00,2026-05-11,10,0,5,110,99.0,159.0,132.0,101.70833333333333,120.66071428571429
2026-05-11 11:00:00,2026-05-11,11,0,5,86,110.0,139.0,110.0,99.66666666666667,120.5297619047619
2026-05-11 12:00:00,2026-05-11,12,0,5,99,86.0,166.0,146.0,97.45833333333333,120.38690476190476
2026-05-11 13:00:00,2026-05-11,13,0,5,105,99.0,186.0,164.0,94.66666666666667,120.10714285714286
2026-05-11 14:00:00,2026-05-11,14,0,5,118,105.0,151.0,135.0,91.29166666666667,119.75595238095238
2026-05-11 15:00:00,2026-05-11,15,0,5,149,118.0,182.0,174.0,89.91666666666667,119.6547619047619
2026-05-11 16:00:00,2026-05-11,16,0,5,208,149.0,147.0,246.0,88.54166666666667,119.50595238095238
2026-05-11 17:00:00,2026-05-11,17,0,5,347,208.0,93.0,383.0,91.08333333333333,119.2797619047619
2026-05-11 18:00:00,2026-05-11,18,0,5,309,347.0,110.0,359.0,101.66666666666667,119.06547619047619
2026-05-11 19:00:00,2026-05-11,19,0,5,214,309.0,136.0,230.0,109.95833333333333,118.76785714285714
2026-05-11 20:00:00,2026-05-11,20,0,5,155,214.0,107.0,139.0,113.20833333333333,118.67261904761905
2026-05-11 21:00:00,2026-05-11,21,0,5,112,155.0,47.0,110.0,115.20833333333333,118.76785714285714
2026-05-11 22:00:00,2026-05-11,22,0,5,62,112.0,59.0,48.0,117.91666666666667,118.7797619047619
2026-05-11 23:00:00,2026-05-11,23,0,5,51,62.0,41.0,35.0,118.04166666666667,118.86309523809524
2026-05-12 00:00:00,2026-05-12,0,1,5,9,51.0,20.0,10.0,118.45833333333333,118.95833333333333
2026-05-12 01:00:00,2026-05-12,1,1,5,7,9.0,17.0,6.0,118.0,118.95238095238095
2026-05-12 02:00:00,2026-05-12,2,1,5,10,7.0,0.0,8.0,117.58333333333333,118.95833333333333
2026-05-12 03:00:00,2026-05-12,3,1,5,4,10.0,9.0,4.0,118.0,118.9702380952381
2026-05-12 04:00:00,2026-05-12,4,1,5,13,4.0,10.0,13.0,117.79166666666667,118.9702380952381
2026-05-12 05:00:00,2026-05-12,5,1,5,43,13.0,39.0,49.0,117.91666666666667,118.9702380952381
2026-05-12 06:00:00,2026-05-12,6,1,5,138,43.0,93.0,126.0,118.08333333333333,118.93452380952381
2026-05-12 07:00:00,2026-05-12,7,1,5,239,138.0,202.0,238.0,119.95833333333333,119.00595238095238
2026-05-12 08:00:00,2026-05-12,8,1,5,254,239.0,229.0,310.0,121.5,119.01190476190476
2026-05-12 09:00:00,2026-05-12,9,1,5,110,254.0,99.0,127.0,122.54166666666667,118.67857142857143
2026-05-12 10:00:00,2026-05-12,10,1,5,82,110.0,110.0,97.0,123.0,118.57738095238095
2026-05-12 11:00:00,2026-05-12,11,1,5,92,82.0,86.0,88.0,121.83333333333333,118.48809523809524
2026-05-12 12:00:00,2026-05-12,12,1,5,114,92.0,99.0,112.0,122.08333333333333,118.51190476190476
2026-05-12 13:00:00,2026-05-12,13,1,5,115,114.0,105.0,129.0,122.70833333333333,118.52380952380952
2026-05-12 14:00:00,2026-05-12,14,1,5,135,115.0,118.0,144.0,123.125,118.44047619047619
2026-05-12 15:00:00,2026-05-12,15,1,5,157,135.0,149.0,191.0,123.83333333333333,118.38690476190476
2026-05-12 16:00:00,2026-05-12,16,1,5,252,157.0,208.0,264.0,124.16666666666667,118.18452380952381
2026-05-12 17:00:00,2026-05-12,17,1,5,357,252.0,347.0,409.0,126.0,118.11309523809524
2026-05-12 18:00:00,2026-05-12,18,1,5,386,357.0,309.0,426.0,126.41666666666667,117.80357142857143
2026-05-12 19:00:00,2026-05-12,19,1,5,251,386.0,214.0,246.0,129.625,117.56547619047619
2026-05-12 20:00:00,2026-05-12,20,1,5,163,251.0,155.0,180.0,131.16666666666666,117.5952380952381
2026-05-12 21:00:00,2026-05-12,21,1,5,99,163.0,112.0,142.0,131.5,117.49404761904762
2026-05-12 22:00:00,2026-05-12,22,1,5,82,99.0,62.0,80.0,130.95833333333334,117.23809523809524
2026-05-12 23:00:00,2026-05-12,23,1,5,38,82.0,51.0,65.0,131.79166666666666,117.25
2026-05-13 00:00:00,2026-05-13,0,2,5,17,38.0,9.0,18.0,131.25,117.08928571428571
2026-05-13 01:00:00,2026-05-13,1,2,5,7,17.0,7.0,25.0,131.58333333333334,117.08333333333333
2026-05-13 02:00:00,2026-05-13,2,2,5,4,7.0,10.0,8.0,131.58333333333334,116.97619047619048
2026-05-13 03:00:00,2026-05-13,3,2,5,4,4.0,4.0,6.0,131.33333333333334,116.95238095238095
2026-05-13 04:00:00,2026-05-13,4,2,5,16,4.0,13.0,10.0,131.33333333333334,116.94047619047619
2026-05-13 05:00:00,2026-05-13,5,2,5,49,16.0,43.0,45.0,131.45833333333334,116.97619047619048
2026-05-13 06:00:00,2026-05-13,6,2,5,131,49.0,138.0,139.0,131.70833333333334,117.0
2026-05-13 07:00:00,2026-05-13,7,2,5,227,131.0,239.0,243.0,131.41666666666666,116.95238095238095
2026-05-13 08:00:00,2026-05-13,8,2,5,280,227.0,254.0,312.0,130.91666666666666,116.85714285714286
2026-05-13 09:00:00,2026-05-13,9,2,5,155,280.0,110.0,141.0,132.0,116.66666666666667
2026-05-13 10:00:00,2026-05-13,10,2,5,108,155.0,82.0,103.0,133.875,116.75
2026-05-13 11:00:00,2026-05-13,11,2,5,108,108.0,92.0,105.0,134.95833333333334,116.7797619047619
2026-05-13 12:00:00,2026-05-13,12,2,5,117,108.0,114.0,58.0,135.625,116.79761904761905
2026-05-13 13:00:00,2026-05-13,13,2,5,106,117.0,115.0,52.0,135.75,117.14880952380952
2026-05-13 14:00:00,2026-05-13,14,2,5,130,106.0,135.0,103.0,135.375,117.4702380952381
2026-05-13 15:00:00,2026-05-13,15,2,5,188,130.0,157.0,134.0,135.16666666666666,117.63095238095238
2026-05-13 16:00:00,2026-05-13,16,2,5,263,188.0,252.0,164.0,136.45833333333334,117.95238095238095
2026-05-13 17:00:00,2026-05-13,17,2,5,343,263.0,357.0,309.0,136.91666666666666,118.54166666666667
2026-05-13 18:00:00,2026-05-13,18,2,5,342,343.0,386.0,314.0,136.33333333333334,118.74404761904762
2026-05-13 19:00:00,2026-05-13,19,2,5,265,342.0,251.0,203.0,134.5,118.91071428571429
2026-05-13 20:00:00,2026-05-13,20,2,5,172,265.0,163.0,156.0,135.08333333333334,119.2797619047619
2026-05-13 21:00:00,2026-05-13,21,2,5,137,172.0,99.0,49.0,135.45833333333334,119.375
2026-05-13 22:00:00,2026-05-13,22,2,5,73,137.0,82.0,57.0,137.04166666666666,119.89880952380952
2026-05-13 23:00:00,2026-05-13,23,2,5,32,73.0,38.0,27.0,136.66666666666666,119.99404761904762
2026-05-14 00:00:00,2026-05-14,0,3,5,17,32.0,17.0,19.0,136.41666666666666,120.02380952380952
2026-05-14 01:00:00,2026-05-14,1,3,5,3,17.0,7.0,10.0,136.41666666666666,120.01190476190476
2026-05-14 02:00:00,2026-05-14,2,3,5,1,3.0,4.0,1.0,136.25,119.9702380952381
2026-05-14 03:00:00,2026-05-14,3,3,5,3,1.0,4.0,0.0,136.125,119.9702380952381
2026-05-14 04:00:00,2026-05-14,4,3,5,8,3.0,16.0,10.0,136.08333333333334,119.98809523809524
2026-05-14 05:00:00,2026-05-14,5,3,5,45,8.0,49.0,42.0,135.75,119.97619047619048
2026-05-14 06:00:00,2026-05-14,6,3,5,125,45.0,131.0,90.0,135.58333333333334,119.99404761904762
2026-05-14 07:00:00,2026-05-14,7,3,5,226,125.0,227.0,232.0,135.33333333333334,120.20238095238095
2026-05-14 08:00:00,2026-05-14,8,3,5,244,226.0,280.0,281.0,135.29166666666666,120.16666666666667
2026-05-14 09:00:00,2026-05-14,9,3,5,116,244.0,155.0,116.0,133.79166666666666,119.94642857142857
2026-05-14 10:00:00,2026-05-14,10,3,5,96,116.0,108.0,121.0,132.16666666666666,119.94642857142857
2026-05-14 11:00:00,2026-05-14,11,3,5,85,96.0,108.0,111.0,131.66666666666666,119.79761904761905
2026-05-14 12:00:00,2026-05-14,12,3,5,105,85.0,117.0,127.0,130.70833333333334,119.64285714285714
2026-05-14 13:00:00,2026-05-14,13,3,5,101,105.0,106.0,130.0,130.20833333333334,119.51190476190476
2026-05-14 14:00:00,2026-05-14,14,3,5,124,101.0,130.0,133.0,130.0,119.33928571428571
2026-05-14 15:00:00,2026-05-14,15,3,5,187,124.0,188.0,192.0,129.75,119.28571428571429
2026-05-14 16:00:00,2026-05-14,16,3,5,240,187.0,263.0,238.0,129.70833333333334,119.25595238095238
2026-05-14 17:00:00,2026-05-14,17,3,5,363,240.0,343.0,394.0,128.75,119.26785714285714
2026-05-14 18:00:00,2026-05-14,18,3,5,329,363.0,342.0,342.0,129.58333333333334,119.08333333333333
2026-05-14 19:00:00,2026-05-14,19,3,5,260,329.0,265.0,271.0,129.04166666666666,119.00595238095238
2026-05-14 20:00:00,2026-05-14,20,3,5,174,260.0,172.0,162.0,128.83333333333334,118.94047619047619
2026-05-14 21:00:00,2026-05-14,21,3,5,132,174.0,137.0,127.0,128.91666666666666,119.01190476190476
2026-05-14 22:00:00,2026-05-14,22,3,5,98,132.0,73.0,79.0,128.70833333333334,119.04166666666667
2026-05-14 23:00:00,2026-05-14,23,3,5,60,98.0,32.0,48.0,129.75,119.1547619047619
2026-05-15 00:00:00,2026-05-15,0,4,5,19,60.0,17.0,21.0,130.91666666666666,119.22619047619048
2026-05-15 01:00:00,2026-05-15,1,4,5,16,19.0,3.0,17.0,131.0,119.21428571428571
2026-05-15 02:00:00,2026-05-15,2,4,5,10,16.0,1.0,5.0,131.54166666666666,119.20833333333333
2026-05-15 03:00:00,2026-05-15,3,4,5,4,10.0,3.0,4.0,131.91666666666666,119.23809523809524
2026-05-15 04:00:00,2026-05-15,4,4,5,7,4.0,8.0,7.0,131.95833333333334,119.23809523809524
2026-05-15 05:00:00,2026-05-15,5,4,5,39,7.0,45.0,36.0,131.91666666666666,119.23809523809524
2026-05-15 06:00:00,2026-05-15,6,4,5,99,39.0,125.0,100.0,131.66666666666666,119.25595238095238
2026-05-15 07:00:00,2026-05-15,7,4,5,203,99.0,226.0,197.0,130.58333333333334,119.25
2026-05-15 08:00:00,2026-05-15,8,4,5,231,203.0,244.0,252.0,129.625,119.28571428571429
2026-05-15 09:00:00,2026-05-15,9,4,5,156,231.0,116.0,116.0,129.08333333333334,119.16071428571429
2026-05-15 10:00:00,2026-05-15,10,4,5,136,156.0,96.0,137.0,130.75,119.39880952380952
2026-05-15 11:00:00,2026-05-15,11,4,5,149,136.0,85.0,147.0,132.41666666666666,119.39285714285714
2026-05-15 12:00:00,2026-05-15,12,4,5,143,149.0,105.0,147.0,135.08333333333334,119.4047619047619
2026-05-15 13:00:00,2026-05-15,13,4,5,180,143.0,101.0,137.0,136.66666666666666,119.38095238095238
2026-05-15 14:00:00,2026-05-15,14,4,5,175,180.0,124.0,182.0,139.95833333333334,119.63690476190476
2026-05-15 15:00:00,2026-05-15,15,4,5,253,175.0,187.0,241.0,142.08333333333334,119.5952380952381
2026-05-15 16:00:00,2026-05-15,16,4,5,297,253.0,240.0,236.0,144.83333333333334,119.66666666666667
2026-05-15 17:00:00,2026-05-15,17,4,5,356,297.0,363.0,328.0,147.20833333333334,120.0297619047619
2026-05-15 18:00:00,2026-05-15,18,4,5,304,356.0,329.0,315.0,146.91666666666666,120.19642857142857
2026-05-15 19:00:00,2026-05-15,19,4,5,237,304.0,260.0,233.0,145.875,120.13095238095238
2026-05-15 20:00:00,2026-05-15,20,4,5,162,237.0,174.0,143.0,144.91666666666666,120.1547619047619
2026-05-15 21:00:00,2026-05-15,21,4,5,129,162.0,132.0,123.0,144.41666666666666,120.26785714285714
2026-05-15 22:00:00,2026-05-15,22,4,5,120,129.0,98.0,125.0,144.29166666666666,120.30357142857143
2026-05-15 23:00:00,2026-05-15,23,4,5,79,120.0,60.0,85.0,145.20833333333334,120.27380952380952
2026-05-16 00:00:00,2026-05-16,0,5,5,64,79.0,19.0,46.0,146.0,120.23809523809524
2026-05-16 01:00:00,2026-05-16,1,5,5,39,64.0,16.0,29.0,147.875,120.3452380952381
2026-05-16 02:00:00,2026-05-16,2,5,5,43,39.0,10.0,29.0,148.83333333333334,120.4047619047619
2026-05-16 03:00:00,2026-05-16,3,5,5,17,43.0,4.0,15.0,150.20833333333334,120.48809523809524
2026-05-16 04:00:00,2026-05-16,4,5,5,19,17.0,7.0,9.0,150.75,120.5
2026-05-16 05:00:00,2026-05-16,5,5,5,35,19.0,39.0,11.0,151.25,120.55952380952381
2026-05-16 06:00:00,2026-05-16,6,5,5,37,35.0,99.0,29.0,151.08333333333334,120.70238095238095
2026-05-16 07:00:00,2026-05-16,7,5,5,72,37.0,203.0,47.0,148.5,120.75
2026-05-16 08:00:00,2026-05-16,8,5,5,138,72.0,231.0,125.0,143.04166666666666,120.89880952380952
2026-05-16 09:00:00,2026-05-16,9,5,5,189,138.0,156.0,153.0,139.16666666666666,120.97619047619048
2026-05-16 10:00:00,2026-05-16,10,5,5,229,189.0,136.0,235.0,140.54166666666666,121.19047619047619
2026-05-16 11:00:00,2026-05-16,11,5,5,274,229.0,149.0,199.0,144.41666666666666,121.1547619047619
2026-05-16 12:00:00,2026-05-16,12,5,5,284,274.0,143.0,218.0,149.625,121.60119047619048
2026-05-16 13:00:00,2026-05-16,13,5,5,294,284.0,180.0,223.0,155.5,121.99404761904762
2026-05-16 14:00:00,2026-05-16,14,5,5,256,294.0,175.0,68.0,160.25,122.41666666666667
2026-05-16 15:00:00,2026-05-16,15,5,5,292,256.0,253.0,79.0,163.625,123.53571428571429
2026-05-16 16:00:00,2026-05-16,16,5,5,266,292.0,297.0,65.0,165.25,124.80357142857143
2026-05-16 17:00:00,2026-05-16,17,5,5,274,266.0,356.0,96.0,163.95833333333334,126.0
2026-05-16 18:00:00,2026-05-16,18,5,5,261,274.0,304.0,60.0,160.54166666666666,127.05952380952381
2026-05-16 19:00:00,2026-05-16,19,5,5,238,261.0,237.0,109.0,158.75,128.25595238095238
2026-05-16 20:00:00,2026-05-16,20,5,5,195,238.0,162.0,85.0,158.79166666666666,129.02380952380952
2026-05-16 21:00:00,2026-05-16,21,5,5,172,195.0,129.0,72.0,160.16666666666666,129.67857142857142
2026-05-16 22:00:00,2026-05-16,22,5,5,134,172.0,120.0,52.0,161.95833333333334,130.27380952380952
2026-05-16 23:00:00,2026-05-16,23,5,5,113,134.0,79.0,61.0,162.54166666666666,130.76190476190476
2026-05-17 00:00:00,2026-05-17,0,6,5,74,113.0,64.0,51.0,163.95833333333334,131.07142857142858
2026-05-17 01:00:00,2026-05-17,1,6,5,57,74.0,39.0,39.0,164.375,131.20833333333334
2026-05-17 02:00:00,2026-05-17,2,6,5,65,57.0,43.0,26.0,165.125,131.3154761904762
2026-05-17 03:00:00,2026-05-17,3,6,5,47,65.0,17.0,25.0,166.04166666666666,131.54761904761904
2026-05-17 04:00:00,2026-05-17,4,6,5,17,47.0,19.0,3.0,167.29166666666666,131.67857142857142
2026-05-17 05:00:00,2026-05-17,5,6,5,11,17.0,35.0,10.0,167.20833333333334,131.76190476190476
2026-05-17 06:00:00,2026-05-17,6,6,5,26,11.0,37.0,21.0,166.20833333333334,131.76785714285714
2026-05-17 07:00:00,2026-05-17,7,6,5,63,26.0,72.0,47.0,165.75,131.79761904761904
2026-05-17 08:00:00,2026-05-17,8,6,5,114,63.0,138.0,90.0,165.375,131.89285714285714
2026-05-17 09:00:00,2026-05-17,9,6,5,146,114.0,189.0,137.0,164.375,132.03571428571428
2026-05-17 10:00:00,2026-05-17,10,6,5,209,146.0,229.0,159.0,162.58333333333334,132.08928571428572
2026-05-17 11:00:00,2026-05-17,11,6,5,268,209.0,274.0,139.0,161.75,132.38690476190476
2026-05-17 12:00:00,2026-05-17,12,6,5,268,268.0,284.0,166.0,161.5,133.1547619047619
2026-05-17 13:00:00,2026-05-17,13,6,5,275,268.0,294.0,186.0,160.83333333333334,133.76190476190476
2026-05-17 14:00:00,2026-05-17,14,6,5,278,275.0,256.0,151.0,160.04166666666666,134.29166666666666
2026-05-17 15:00:00,2026-05-17,15,6,5,282,278.0,292.0,182.0,160.95833333333334,135.04761904761904
2026-05-17 16:00:00,2026-05-17,16,6,5,284,282.0,266.0,147.0,160.54166666666666,135.64285714285714
2026-05-17 17:00:00,2026-05-17,17,6,5,262,284.0,274.0,93.0,161.29166666666666,136.45833333333334
2026-05-17 18:00:00,2026-05-17,18,6,5,257,262.0,261.0,110.0,160.79166666666666,137.46428571428572
2026-05-17 19:00:00,2026-05-17,19,6,5,217,257.0,238.0,136.0,160.625,138.33928571428572
2026-05-17 20:00:00,2026-05-17,20,6,5,177,217.0,195.0,107.0,159.75,138.82142857142858
2026-05-17 21:00:00,2026-05-17,21,6,5,123,177.0,172.0,47.0,159.0,139.23809523809524
2026-05-17 22:00:00,2026-05-17,22,6,5,77,123.0,134.0,59.0,156.95833333333334,139.6904761904762
2026-05-17 23:00:00,2026-05-17,23,6,5,59,77.0,113.0,41.0,154.58333333333334,139.79761904761904
2026-05-18 00:00:00,2026-05-18,0,0,5,39,59.0,74.0,20.0,152.33333333333334,139.9047619047619
2026-05-18 01:00:00,2026-05-18,1,0,5,12,39.0,57.0,17.0,150.875,140.01785714285714
2026-05-18 02:00:00,2026-05-18,2,0,5,15,12.0,65.0,0.0,149.0,139.98809523809524
2026-05-18 03:00:00,2026-05-18,3,0,5,10,15.0,47.0,9.0,146.91666666666666,140.07738095238096
2026-05-18 04:00:00,2026-05-18,4,0,5,8,10.0,17.0,10.0,145.375,140.08333333333334
2026-05-18 05:00:00,2026-05-18,5,0,5,46,8.0,11.0,39.0,145.0,140.07142857142858
2026-05-18 06:00:00,2026-05-18,6,0,5,129,46.0,26.0,93.0,146.45833333333334,140.11309523809524
2026-05-18 07:00:00,2026-05-18,7,0,5,208,129.0,63.0,202.0,150.75,140.32738095238096
2026-05-18 08:00:00,2026-05-18,8,0,5,263,208.0,114.0,229.0,156.79166666666666,140.36309523809524
2026-05-18 09:00:00,2026-05-18,9,0,5,129,263.0,146.0,99.0,163.0,140.5654761904762
2026-05-18 10:00:00,2026-05-18,10,0,5,129,129.0,209.0,110.0,162.29166666666666,140.74404761904762
2026-05-18 11:00:00,2026-05-18,11,0,5,134,129.0,268.0,86.0,158.95833333333334,140.85714285714286
2026-05-18 12:00:00,2026-05-18,12,0,5,136,134.0,268.0,99.0,153.375,141.14285714285714
2026-05-18 13:00:00,2026-05-18,13,0,5,123,136.0,275.0,105.0,147.875,141.36309523809524
2026-05-18 14:00:00,2026-05-18,14,0,5,145,123.0,278.0,118.0,141.54166666666666,141.4702380952381
2026-05-18 15:00:00,2026-05-18,15,0,5,226,145.0,282.0,149.0,136.0,141.63095238095238
2026-05-18 16:00:00,2026-05-18,16,0,5,273,226.0,284.0,208.0,133.66666666666666,142.08928571428572
2026-05-18 17:00:00,2026-05-18,17,0,5,382,273.0,262.0,347.0,133.20833333333334,142.47619047619048
2026-05-18 18:00:00,2026-05-18,18,0,5,367,382.0,257.0,309.0,138.20833333333334,142.6845238095238
2026-05-18 19:00:00,2026-05-18,19,0,5,265,367.0,217.0,214.0,142.79166666666666,143.0297619047619
2026-05-18 20:00:00,2026-05-18,20,0,5,184,265.0,177.0,155.0,144.79166666666666,143.33333333333334
2026-05-18 21:00:00,2026-05-18,21,0,5,135,184.0,123.0,112.0,145.08333333333334,143.50595238095238
2026-05-18 22:00:00,2026-05-18,22,0,5,108,135.0,77.0,62.0,145.58333333333334,143.64285714285714
2026-05-18 23:00:00,2026-05-18,23,0,5,36,108.0,59.0,51.0,146.875,143.91666666666666
2026-05-19 00:00:00,2026-05-19,0,1,5,26,36.0,39.0,9.0,145.91666666666666,143.82738095238096
2026-05-19 01:00:00,2026-05-19,1,1,5,14,26.0,12.0,7.0,145.375,143.92857142857142
2026-05-19 02:00:00,2026-05-19,2,1,5,8,14.0,15.0,10.0,145.45833333333334,143.9702380952381
2026-05-19 03:00:00,2026-05-19,3,1,5,11,8.0,10.0,4.0,145.16666666666666,143.95833333333334
2026-05-19 04:00:00,2026-05-19,4,1,5,15,11.0,8.0,13.0,145.20833333333334,144.0
2026-05-19 05:00:00,2026-05-19,5,1,5,45,15.0,46.0,43.0,145.5,144.01190476190476
2026-05-19 06:00:00,2026-05-19,6,1,5,145,45.0,129.0,138.0,145.45833333333334,144.02380952380952
2026-05-19 07:00:00,2026-05-19,7,1,5,239,145.0,208.0,239.0,146.125,144.0654761904762
2026-05-19 08:00:00,2026-05-19,8,1,5,332,239.0,263.0,254.0,147.41666666666666,144.0654761904762
2026-05-19 09:00:00,2026-05-19,9,1,5,133,332.0,129.0,110.0,150.29166666666666,144.5297619047619
2026-05-19 10:00:00,2026-05-19,10,1,5,110,133.0,129.0,82.0,150.45833333333334,144.66666666666666
2026-05-19 11:00:00,2026-05-19,11,1,5,116,110.0,134.0,92.0,149.66666666666666,144.83333333333334
2026-05-19 12:00:00,2026-05-19,12,1,5,135,116.0,136.0,114.0,148.91666666666666,144.97619047619048
2026-05-19 13:00:00,2026-05-19,13,1,5,138,135.0,123.0,115.0,148.875,145.10119047619048
2026-05-19 14:00:00,2026-05-19,14,1,5,156,138.0,145.0,135.0,149.5,145.23809523809524
2026-05-19 15:00:00,2026-05-19,15,1,5,192,156.0,226.0,157.0,149.95833333333334,145.36309523809524
2026-05-19 16:00:00,2026-05-19,16,1,5,233,192.0,273.0,252.0,148.54166666666666,145.57142857142858
2026-05-19 17:00:00,2026-05-19,17,1,5,405,233.0,382.0,357.0,146.875,145.45833333333334
2026-05-19 18:00:00,2026-05-19,18,1,5,406,405.0,367.0,386.0,147.83333333333334,145.74404761904762
2026-05-19 19:00:00,2026-05-19,19,1,5,302,406.0,265.0,251.0,149.45833333333334,145.86309523809524
2026-05-19 20:00:00,2026-05-19,20,1,5,218,302.0,184.0,163.0,151.0,146.16666666666666
2026-05-19 21:00:00,2026-05-19,21,1,5,126,218.0,135.0,99.0,152.41666666666666,146.49404761904762
2026-05-19 22:00:00,2026-05-19,22,1,5,122,126.0,108.0,82.0,152.04166666666666,146.6547619047619
2026-05-19 23:00:00,2026-05-19,23,1,5,68,122.0,36.0,38.0,152.625,146.89285714285714
2026-05-20 00:00:00,2026-05-20,0,2,5,48,68.0,26.0,17.0,153.95833333333334,147.07142857142858
2026-05-20 01:00:00,2026-05-20,1,2,5,9,48.0,14.0,7.0,154.875,147.25595238095238
2026-05-20 02:00:00,2026-05-20,2,2,5,9,9.0,8.0,4.0,154.66666666666666,147.26785714285714
2026-05-20 03:00:00,2026-05-20,3,2,5,5,9.0,11.0,4.0,154.70833333333334,147.29761904761904
2026-05-20 04:00:00,2026-05-20,4,2,5,13,5.0,15.0,16.0,154.45833333333334,147.30357142857142
2026-05-20 05:00:00,2026-05-20,5,2,5,50,13.0,45.0,49.0,154.375,147.28571428571428
2026-05-20 06:00:00,2026-05-20,6,2,5,128,50.0,145.0,131.0,154.58333333333334,147.29166666666666
2026-05-20 07:00:00,2026-05-20,7,2,5,279,128.0,239.0,227.0,153.875,147.27380952380952
2026-05-20 08:00:00,2026-05-20,8,2,5,331,279.0,332.0,280.0,155.54166666666666,147.58333333333334
2026-05-20 09:00:00,2026-05-20,9,2,5,159,331.0,133.0,155.0,155.5,147.88690476190476
2026-05-20 10:00:00,2026-05-20,10,2,5,102,159.0,110.0,108.0,156.58333333333334,147.91071428571428
2026-05-20 11:00:00,2026-05-20,11,2,5,103,102.0,116.0,108.0,156.25,147.875
2026-05-20 12:00:00,2026-05-20,12,2,5,136,103.0,135.0,117.0,155.70833333333334,147.8452380952381
2026-05-20 13:00:00,2026-05-20,13,2,5,142,136.0,138.0,106.0,155.75,147.95833333333334
2026-05-20 14:00:00,2026-05-20,14,2,5,158,142.0,156.0,130.0,155.91666666666666,148.17261904761904
2026-05-20 15:00:00,2026-05-20,15,2,5,218,158.0,192.0,188.0,156.0,148.33928571428572
2026-05-20 16:00:00,2026-05-20,16,2,5,262,218.0,233.0,263.0,157.08333333333334,148.51785714285714
2026-05-20 17:00:00,2026-05-20,17,2,5,427,262.0,405.0,343.0,158.29166666666666,148.51190476190476
2026-05-20 18:00:00,2026-05-20,18,2,5,393,427.0,406.0,342.0,159.20833333333334,149.01190476190476
2026-05-20 19:00:00,2026-05-20,19,2,5,97,393.0,302.0,265.0,158.66666666666666,149.3154761904762
2026-05-20 20:00:00,2026-05-20,20,2,5,70,97.0,218.0,172.0,150.125,148.3154761904762
2026-05-20 21:00:00,2026-05-20,21,2,5,91,70.0,126.0,137.0,143.95833333333334,147.70833333333334
2026-05-20 22:00:00,2026-05-20,22,2,5,65,91.0,122.0,73.0,142.5,147.4345238095238
2026-05-20 23:00:00,2026-05-20,23,2,5,55,65.0,68.0,32.0,140.125,147.38690476190476
2026-05-21 00:00:00,2026-05-21,0,3,5,25,55.0,48.0,17.0,139.58333333333334,147.52380952380952
2026-05-21 01:00:00,2026-05-21,1,3,5,12,25.0,9.0,3.0,138.625,147.57142857142858
2026-05-21 02:00:00,2026-05-21,2,3,5,9,12.0,9.0,1.0,138.75,147.625
2026-05-21 03:00:00,2026-05-21,3,3,5,8,9.0,5.0,3.0,138.75,147.67261904761904
2026-05-21 04:00:00,2026-05-21,4,3,5,13,8.0,13.0,8.0,138.875,147.70238095238096
2026-05-21 05:00:00,2026-05-21,5,3,5,35,13.0,50.0,45.0,138.875,147.73214285714286
2026-05-21 06:00:00,2026-05-21,6,3,5,128,35.0,128.0,125.0,138.25,147.67261904761904
2026-05-21 07:00:00,2026-05-21,7,3,5,230,128.0,279.0,226.0,138.25,147.6904761904762
2026-05-21 08:00:00,2026-05-21,8,3,5,346,230.0,331.0,244.0,136.20833333333334,147.71428571428572
2026-05-21 09:00:00,2026-05-21,9,3,5,151,346.0,159.0,116.0,136.83333333333334,148.32142857142858
2026-05-21 10:00:00,2026-05-21,10,3,5,53,151.0,102.0,96.0,136.5,148.5297619047619
2026-05-21 11:00:00,2026-05-21,11,3,5,45,53.0,103.0,85.0,134.45833333333334,148.27380952380952
2026-05-21 12:00:00,2026-05-21,12,3,5,47,45.0,136.0,105.0,132.04166666666666,148.03571428571428
2026-05-21 13:00:00,2026-05-21,13,3,5,84,47.0,142.0,101.0,128.33333333333334,147.6904761904762
2026-05-21 14:00:00,2026-05-21,14,3,5,101,84.0,158.0,124.0,125.91666666666667,147.58928571428572
2026-05-21 15:00:00,2026-05-21,15,3,5,178,101.0,218.0,187.0,123.54166666666667,147.45238095238096
2026-05-21 16:00:00,2026-05-21,16,3,5,173,178.0,262.0,240.0,121.875,147.39880952380952
2026-05-21 17:00:00,2026-05-21,17,3,5,293,173.0,427.0,363.0,118.16666666666667,147.0
2026-05-21 18:00:00,2026-05-21,18,3,5,331,293.0,393.0,329.0,112.58333333333333,146.58333333333334
2026-05-21 19:00:00,2026-05-21,19,3,5,223,331.0,97.0,260.0,110.0,146.5952380952381
2026-05-21 20:00:00,2026-05-21,20,3,5,159,223.0,70.0,174.0,115.25,146.375
2026-05-21 21:00:00,2026-05-21,21,3,5,116,159.0,91.0,132.0,118.95833333333333,146.28571428571428
2026-05-21 22:00:00,2026-05-21,22,3,5,95,116.0,65.0,98.0,120.0,146.1904761904762
2026-05-21 23:00:00,2026-05-21,23,3,5,65,95.0,55.0,60.0,121.25,146.17261904761904
2026-05-22 00:00:00,2026-05-22,0,4,5,82,65.0,25.0,19.0,121.66666666666667,146.20238095238096
2026-05-22 01:00:00,2026-05-22,1,4,5,24,82.0,12.0,16.0,124.04166666666667,146.57738095238096
2026-05-22 02:00:00,2026-05-22,2,4,5,19,24.0,9.0,10.0,124.54166666666667,146.625
2026-05-22 03:00:00,2026-05-22,3,4,5,7,19.0,8.0,4.0,124.95833333333333,146.67857142857142
2026-05-22 04:00:00,2026-05-22,4,4,5,11,7.0,13.0,7.0,124.91666666666667,146.69642857142858
2026-05-22 05:00:00,2026-05-22,5,4,5,33,11.0,35.0,39.0,124.83333333333333,146.7202380952381
2026-05-22 06:00:00,2026-05-22,6,4,5,110,33.0,128.0,99.0,124.75,146.6845238095238
2026-05-22 07:00:00,2026-05-22,7,4,5,166,110.0,230.0,203.0,124.0,146.75
2026-05-22 08:00:00,2026-05-22,8,4,5,244,166.0,346.0,231.0,121.33333333333333,146.5297619047619
2026-05-22 09:00:00,2026-05-22,9,4,5,139,244.0,151.0,156.0,117.08333333333333,146.60714285714286
2026-05-22 10:00:00,2026-05-22,10,4,5,128,139.0,53.0,136.0,116.58333333333333,146.50595238095238
2026-05-22 11:00:00,2026-05-22,11,4,5,180,128.0,45.0,149.0,119.70833333333333,146.45833333333334
2026-05-22 12:00:00,2026-05-22,12,4,5,191,180.0,47.0,143.0,125.33333333333333,146.64285714285714
2026-05-22 13:00:00,2026-05-22,13,4,5,212,191.0,84.0,180.0,131.33333333333334,146.92857142857142
2026-05-22 14:00:00,2026-05-22,14,4,5,243,212.0,101.0,175.0,136.66666666666666,147.11904761904762
2026-05-22 15:00:00,2026-05-22,15,4,5,254,243.0,178.0,253.0,142.58333333333334,147.52380952380952
2026-05-22 16:00:00,2026-05-22,16,4,5,304,254.0,173.0,297.0,145.75,147.5297619047619
2026-05-22 17:00:00,2026-05-22,17,4,5,278,304.0,293.0,356.0,151.20833333333334,147.57142857142858
2026-05-22 18:00:00,2026-05-22,18,4,5,241,278.0,331.0,304.0,150.58333333333334,147.10714285714286
2026-05-22 19:00:00,2026-05-22,19,4,5,191,241.0,223.0,237.0,146.83333333333334,146.73214285714286
2026-05-22 20:00:00,2026-05-22,20,4,5,167,191.0,159.0,162.0,145.5,146.45833333333334
2026-05-22 21:00:00,2026-05-22,21,4,5,137,167.0,116.0,129.0,145.83333333333334,146.48809523809524
2026-05-22 22:00:00,2026-05-22,22,4,5,86,137.0,95.0,120.0,146.70833333333334,146.53571428571428
2026-05-22 23:00:00,2026-05-22,23,4,5,87,86.0,65.0,79.0,146.33333333333334,146.33333333333334
2026-05-23 00:00:00,2026-05-23,0,5,5,59,87.0,82.0,64.0,147.25,146.38095238095238
2026-05-23 01:00:00,2026-05-23,1,5,5,46,59.0,24.0,39.0,146.29166666666666,146.35119047619048
2026-05-23 02:00:00,2026-05-23,2,5,5,24,46.0,19.0,43.0,147.20833333333334,146.39285714285714
2026-05-23 03:00:00,2026-05-23,3,5,5,20,24.0,7.0,17.0,147.41666666666666,146.2797619047619
2026-05-23 04:00:00,2026-05-23,4,5,5,9,20.0,11.0,19.0,147.95833333333334,146.29761904761904
2026-05-23 05:00:00,2026-05-23,5,5,5,12,9.0,33.0,35.0,147.875,146.23809523809524
2026-05-23 06:00:00,2026-05-23,6,5,5,22,12.0,110.0,37.0,147.0,146.10119047619048
2026-05-23 07:00:00,2026-05-23,7,5,5,40,22.0,166.0,72.0,143.33333333333334,146.01190476190476
2026-05-23 08:00:00,2026-05-23,8,5,5,82,40.0,244.0,138.0,138.08333333333334,145.82142857142858
2026-05-23 09:00:00,2026-05-23,9,5,5,118,82.0,139.0,189.0,131.33333333333334,145.48809523809524
2026-05-23 10:00:00,2026-05-23,10,5,5,125,118.0,128.0,229.0,130.45833333333334,145.0654761904762
2026-05-23 11:00:00,2026-05-23,11,5,5,98,125.0,180.0,274.0,130.33333333333334,144.44642857142858
2026-05-23 12:00:00,2026-05-23,12,5,5,109,98.0,191.0,284.0,126.91666666666667,143.39880952380952
2026-05-23 13:00:00,2026-05-23,13,5,5,75,109.0,212.0,294.0,123.5,142.35714285714286
2026-05-23 14:00:00,2026-05-23,14,5,5,63,75.0,243.0,256.0,117.79166666666667,141.05357142857142
2026-05-23 15:00:00,2026-05-23,15,5,5,66,63.0,254.0,292.0,110.29166666666667,139.9047619047619
2026-05-23 16:00:00,2026-05-23,16,5,5,47,66.0,304.0,266.0,102.45833333333333,138.5595238095238
2026-05-23 17:00:00,2026-05-23,17,5,5,14,47.0,278.0,274.0,91.75,137.25595238095238
2026-05-23 18:00:00,2026-05-23,18,5,5,15,14.0,241.0,261.0,80.75,135.70833333333334
2026-05-23 19:00:00,2026-05-23,19,5,5,23,15.0,191.0,238.0,71.33333333333333,134.24404761904762
2026-05-23 20:00:00,2026-05-23,20,5,5,16,23.0,167.0,195.0,64.33333333333333,132.96428571428572
2026-05-23 21:00:00,2026-05-23,21,5,5,22,16.0,137.0,172.0,58.041666666666664,131.89880952380952
2026-05-23 22:00:00,2026-05-23,22,5,5,26,22.0,86.0,134.0,53.25,131.00595238095238
2026-05-23 23:00:00,2026-05-23,23,5,5,31,26.0,87.0,113.0,50.75,130.36309523809524
2026-05-24 00:00:00,2026-05-24,0,6,5,29,31.0,59.0,74.0,48.416666666666664,129.875
2026-05-24 01:00:00,2026-05-24,1,6,5,16,29.0,46.0,57.0,47.166666666666664,129.60714285714286
2026-05-24 02:00:00,2026-05-24,2,6,5,12,16.0,24.0,65.0,45.916666666666664,129.36309523809524
2026-05-24 03:00:00,2026-05-24,3,6,5,7,12.0,20.0,47.0,45.416666666666664,129.04761904761904
2026-05-24 04:00:00,2026-05-24,4,6,5,1,7.0,9.0,17.0,44.875,128.8095238095238
2026-05-24 05:00:00,2026-05-24,5,6,5,10,1.0,12.0,11.0,44.541666666666664,128.71428571428572
2026-05-24 06:00:00,2026-05-24,6,6,5,8,10.0,22.0,26.0,44.458333333333336,128.70833333333334
2026-05-24 07:00:00,2026-05-24,7,6,5,14,8.0,40.0,63.0,43.875,128.60119047619048
2026-05-24 08:00:00,2026-05-24,8,6,5,12,14.0,82.0,114.0,42.791666666666664,128.3095238095238
2026-05-24 09:00:00,2026-05-24,9,6,5,23,12.0,118.0,146.0,39.875,127.70238095238095
2026-05-24 10:00:00,2026-05-24,10,6,5,30,23.0,125.0,209.0,35.916666666666664,126.9702380952381
2026-05-24 11:00:00,2026-05-24,11,6,5,26,30.0,98.0,268.0,31.958333333333332,125.9047619047619
2026-05-24 12:00:00,2026-05-24,12,6,5,33,26.0,109.0,268.0,28.958333333333332,124.46428571428571
2026-05-24 13:00:00,2026-05-24,13,6,5,51,33.0,75.0,275.0,25.791666666666668,123.06547619047619
2026-05-24 14:00:00,2026-05-24,14,6,5,51,51.0,63.0,278.0,24.791666666666668,121.73214285714286
2026-05-24 15:00:00,2026-05-24,15,6,5,59,51.0,66.0,282.0,24.291666666666668,120.38095238095238
2026-05-24 16:00:00,2026-05-24,16,6,5,71,59.0,47.0,284.0,24.0,119.05357142857143
2026-05-24 17:00:00,2026-05-24,17,6,5,77,71.0,14.0,262.0,25.0,117.78571428571429
2026-05-24 18:00:00,2026-05-24,18,6,5,67,77.0,15.0,257.0,27.625,116.68452380952381
2026-05-24 19:00:00,2026-05-24,19,6,5,76,67.0,23.0,217.0,29.791666666666668,115.55357142857143
2026-05-24 20:00:00,2026-05-24,20,6,5,67,76.0,16.0,177.0,32.0,114.71428571428571
2026-05-24 21:00:00,2026-05-24,21,6,5,43,67.0,22.0,123.0,34.125,114.05952380952381
2026-05-24 22:00:00,2026-05-24,22,6,5,37,43.0,26.0,77.0,35.0,113.58333333333333
2026-05-24 23:00:00,2026-05-24,23,6,5,36,37.0,31.0,59.0,35.458333333333336,113.3452380952381
2026-05-25 00:00:00,2026-05-25,0,0,5,31,36.0,29.0,39.0,35.666666666666664,113.20833333333333
2026-05-25 01:00:00,2026-05-25,1,0,5,9,31.0,16.0,12.0,35.75,113.16071428571429
2026-05-25 02:00:00,2026-05-25,2,0,5,11,9.0,12.0,15.0,35.458333333333336,113.14285714285714
2026-05-25 03:00:00,2026-05-25,3,0,5,3,11.0,7.0,10.0,35.416666666666664,113.11904761904762
2026-05-25 04:00:00,2026-05-25,4,0,5,5,3.0,1.0,8.0,35.25,113.07738095238095
2026-05-25 05:00:00,2026-05-25,5,0,5,7,5.0,10.0,46.0,35.416666666666664,113.05952380952381
2026-05-25 06:00:00,2026-05-25,6,0,5,18,7.0,8.0,129.0,35.291666666666664,112.82738095238095
2026-05-25 07:00:00,2026-05-25,7,0,5,14,18.0,14.0,208.0,35.708333333333336,112.16666666666667
2026-05-25 08:00:00,2026-05-25,8,0,5,29,14.0,12.0,263.0,35.708333333333336,111.01190476190476
2026-05-25 09:00:00,2026-05-25,9,0,5,49,29.0,23.0,129.0,36.416666666666664,109.61904761904762
2026-05-25 10:00:00,2026-05-25,10,0,5,82,49.0,30.0,129.0,37.5,109.14285714285714
2026-05-25 11:00:00,2026-05-25,11,0,5,102,82.0,26.0,134.0,39.666666666666664,108.86309523809524
2026-05-25 12:00:00,2026-05-25,12,0,5,114,102.0,33.0,136.0,42.833333333333336,108.67261904761905
2026-05-25 13:00:00,2026-05-25,13,0,5,167,114.0,51.0,123.0,46.208333333333336,108.54166666666667
2026-05-25 14:00:00,2026-05-25,14,0,5,192,167.0,51.0,145.0,51.041666666666664,108.80357142857143
2026-05-25 15:00:00,2026-05-25,15,0,5,194,192.0,59.0,226.0,56.916666666666664,109.08333333333333
2026-05-25 16:00:00,2026-05-25,16,0,5,229,194.0,71.0,273.0,62.541666666666664,108.89285714285714
2026-05-25 17:00:00,2026-05-25,17,0,5,250,229.0,77.0,382.0,69.125,108.63095238095238
2026-05-25 18:00:00,2026-05-25,18,0,5,188,250.0,67.0,367.0,76.33333333333333,107.8452380952381
2026-05-25 19:00:00,2026-05-25,19,0,5,194,188.0,76.0,265.0,81.375,106.7797619047619
2026-05-25 20:00:00,2026-05-25,20,0,5,173,194.0,67.0,184.0,86.29166666666667,106.35714285714286
2026-05-25 21:00:00,2026-05-25,21,0,5,99,173.0,43.0,135.0,90.70833333333333,106.29166666666667
2026-05-25 22:00:00,2026-05-25,22,0,5,113,99.0,37.0,108.0,93.04166666666667,106.07738095238095
2026-05-25 23:00:00,2026-05-25,23,0,5,58,113.0,36.0,36.0,96.20833333333333,106.10714285714286
2026-05-26 00:00:00,2026-05-26,0,1,5,36,58.0,31.0,26.0,97.125,106.23809523809524
2026-05-26 01:00:00,2026-05-26,1,1,5,11,36.0,9.0,14.0,97.33333333333333,106.29761904761905
2026-05-26 02:00:00,2026-05-26,2,1,5,6,11.0,11.0,8.0,97.41666666666667,106.2797619047619
2026-05-26 03:00:00,2026-05-26,3,1,5,6,6.0,3.0,11.0,97.20833333333333,106.26785714285714
2026-05-26 04:00:00,2026-05-26,4,1,5,14,6.0,5.0,15.0,97.33333333333333,106.23809523809524
2026-05-26 05:00:00,2026-05-26,5,1,5,37,14.0,7.0,45.0,97.70833333333333,106.23214285714286
2026-05-26 06:00:00,2026-05-26,6,1,5,121,37.0,18.0,145.0,98.95833333333333,106.18452380952381
2026-05-26 07:00:00,2026-05-26,7,1,5,217,121.0,14.0,239.0,103.25,106.04166666666667
2026-05-26 08:00:00,2026-05-26,8,1,5,279,217.0,29.0,332.0,111.70833333333333,105.91071428571429
2026-05-26 09:00:00,2026-05-26,9,1,5,129,279.0,49.0,133.0,122.125,105.5952380952381
2026-05-26 10:00:00,2026-05-26,10,1,5,98,129.0,82.0,110.0,125.45833333333333,105.57142857142857
2026-05-26 11:00:00,2026-05-26,11,1,5,116,98.0,102.0,116.0,126.125,105.5
2026-05-26 12:00:00,2026-05-26,12,1,5,132,116.0,114.0,135.0,126.70833333333333,105.5
2026-05-26 13:00:00,2026-05-26,13,1,5,139,132.0,167.0,138.0,127.45833333333333,105.48214285714286
2026-05-26 14:00:00,2026-05-26,14,1,5,128,139.0,192.0,156.0,126.29166666666667,105.48809523809524
2026-05-26 15:00:00,2026-05-26,15,1,5,205,128.0,194.0,192.0,123.625,105.32142857142857
2026-05-26 16:00:00,2026-05-26,16,1,5,259,205.0,229.0,233.0,124.08333333333333,105.39880952380952
2026-05-26 17:00:00,2026-05-26,17,1,5,426,259.0,250.0,405.0,125.33333333333333,105.55357142857143
2026-05-26 18:00:00,2026-05-26,18,1,5,393,426.0,188.0,406.0,132.66666666666666,105.67857142857143
2026-05-26 19:00:00,2026-05-26,19,1,5,274,393.0,194.0,302.0,141.20833333333334,105.60119047619048
2026-05-26 20:00:00,2026-05-26,20,1,5,190,274.0,173.0,218.0,144.54166666666666,105.43452380952381
2026-05-26 21:00:00,2026-05-26,21,1,5,135,190.0,99.0,126.0,145.25,105.26785714285714
2026-05-26 22:00:00,2026-05-26,22,1,5,88,135.0,113.0,122.0,146.75,105.32142857142857
2026-05-26 23:00:00,2026-05-26,23,1,5,45,88.0,58.0,68.0,145.70833333333334,105.11904761904762
2026-05-27 00:00:00,2026-05-27,0,2,5,18,45.0,36.0,48.0,145.16666666666666,104.98214285714286
2026-05-27 01:00:00,2026-05-27,1,2,5,14,18.0,11.0,9.0,144.41666666666666,104.80357142857143
2026-05-27 02:00:00,2026-05-27,2,2,5,5,14.0,6.0,9.0,144.54166666666666,104.83333333333333
2026-05-27 03:00:00,2026-05-27,3,2,5,3,5.0,6.0,5.0,144.5,104.80952380952381
2026-05-27 04:00:00,2026-05-27,4,2,5,10,3.0,14.0,13.0,144.375,104.79761904761905
2026-05-27 05:00:00,2026-05-27,5,2,5,51,10.0,37.0,50.0,144.20833333333334,104.7797619047619
2026-05-27 06:00:00,2026-05-27,6,2,5,130,51.0,121.0,128.0,144.79166666666666,104.78571428571429
2026-05-27 07:00:00,2026-05-27,7,2,5,243,130.0,217.0,279.0,145.16666666666666,104.79761904761905
2026-05-27 08:00:00,2026-05-27,8,2,5,313,243.0,279.0,331.0,146.25,104.58333333333333
2026-05-27 09:00:00,2026-05-27,9,2,5,148,313.0,129.0,159.0,147.66666666666666,104.47619047619048
2026-05-27 10:00:00,2026-05-27,10,2,5,114,148.0,98.0,102.0,148.45833333333334,104.41071428571429
2026-05-27 11:00:00,2026-05-27,11,2,5,117,114.0,116.0,103.0,149.125,104.48214285714286
2026-05-27 12:00:00,2026-05-27,12,2,5,124,117.0,132.0,136.0,149.16666666666666,104.56547619047619
2026-05-27 13:00:00,2026-05-27,13,2,5,122,124.0,139.0,142.0,148.83333333333334,104.49404761904762
2026-05-27 14:00:00,2026-05-27,14,2,5,141,122.0,128.0,158.0,148.125,104.375
2026-05-27 15:00:00,2026-05-27,15,2,5,203,141.0,205.0,218.0,148.66666666666666,104.27380952380952
2026-05-27 16:00:00,2026-05-27,16,2,5,260,203.0,259.0,262.0,148.58333333333334,104.18452380952381
2026-05-27 17:00:00,2026-05-27,17,2,5,449,260.0,426.0,427.0,148.625,104.17261904761905
2026-05-27 18:00:00,2026-05-27,18,2,5,382,449.0,393.0,393.0,149.58333333333334,104.30357142857143
2026-05-27 19:00:00,2026-05-27,19,2,5,262,382.0,274.0,97.0,149.125,104.23809523809524
2026-05-27 20:00:00,2026-05-27,20,2,5,222,262.0,190.0,70.0,148.625,105.2202380952381
2026-05-27 21:00:00,2026-05-27,21,2,5,155,222.0,135.0,91.0,149.95833333333334,106.125
2026-05-27 22:00:00,2026-05-27,22,2,5,124,155.0,88.0,65.0,150.79166666666666,106.50595238095238
2026-05-27 23:00:00,2026-05-27,23,2,5,67,124.0,45.0,55.0,152.29166666666666,106.85714285714286
2026-05-28 00:00:00,2026-05-28,0,3,5,31,67.0,18.0,25.0,153.20833333333334,106.92857142857143
2026-05-28 01:00:00,2026-05-28,1,3,5,18,31.0,14.0,12.0,153.75,106.96428571428571
2026-05-28 02:00:00,2026-05-28,2,3,5,5,18.0,5.0,9.0,153.91666666666666,107.0
2026-05-28 03:00:00,2026-05-28,3,3,5,5,5.0,3.0,8.0,153.91666666666666,106.97619047619048
2026-05-28 04:00:00,2026-05-28,4,3,5,10,5.0,10.0,13.0,154.0,106.95833333333333
2026-05-28 05:00:00,2026-05-28,5,3,5,43,10.0,51.0,35.0,154.0,106.94047619047619
2026-05-28 06:00:00,2026-05-28,6,3,5,145,43.0,130.0,128.0,153.66666666666666,106.98809523809524
2026-05-28 07:00:00,2026-05-28,7,3,5,227,145.0,243.0,230.0,154.29166666666666,107.08928571428571
2026-05-28 08:00:00,2026-05-28,8,3,5,348,227.0,313.0,346.0,153.625,107.07142857142857
2026-05-28 09:00:00,2026-05-28,9,3,5,167,348.0,148.0,151.0,155.08333333333334,107.08333333333333
2026-05-28 10:00:00,2026-05-28,10,3,5,128,167.0,114.0,53.0,155.875,107.17857142857143
2026-05-28 11:00:00,2026-05-28,11,3,5,118,128.0,117.0,45.0,156.45833333333334,107.625
2026-05-28 12:00:00,2026-05-28,12,3,5,133,118.0,124.0,47.0,156.5,108.05952380952381
2026-05-28 13:00:00,2026-05-28,13,3,5,147,133.0,122.0,84.0,156.875,108.57142857142857
2026-05-28 14:00:00,2026-05-28,14,3,5,127,147.0,141.0,101.0,157.91666666666666,108.94642857142857
2026-05-28 15:00:00,2026-05-28,15,3,5,197,127.0,203.0,178.0,157.33333333333334,109.10119047619048
2026-05-28 16:00:00,2026-05-28,16,3,5,256,197.0,260.0,173.0,157.08333333333334,109.21428571428571
2026-05-28 17:00:00,2026-05-28,17,3,5,410,256.0,449.0,293.0,156.91666666666666,109.70833333333333
2026-05-28 18:00:00,2026-05-28,18,3,5,375,410.0,382.0,331.0,155.29166666666666,110.4047619047619
2026-05-28 19:00:00,2026-05-28,19,3,5,280,375.0,262.0,223.0,155.0,110.66666666666667
2026-05-28 20:00:00,2026-05-28,20,3,5,203,280.0,222.0,159.0,155.75,111.00595238095238
2026-05-28 21:00:00,2026-05-28,21,3,5,163,203.0,155.0,116.0,154.95833333333334,111.26785714285714
2026-05-28 22:00:00,2026-05-28,22,3,5,83,163.0,124.0,95.0,155.29166666666666,111.54761904761905
2026-05-28 23:00:00,2026-05-28,23,3,5,63,83.0,67.0,65.0,153.58333333333334,111.47619047619048
2026-05-29 00:00:00,2026-05-29,0,4,5,48,63.0,31.0,82.0,153.41666666666666,111.46428571428571
2026-05-29 01:00:00,2026-05-29,1,4,5,8,48.0,18.0,24.0,154.125,111.26190476190476
2026-05-29 02:00:00,2026-05-29,2,4,5,16,8.0,5.0,19.0,153.70833333333334,111.16666666666667
2026-05-29 03:00:00,2026-05-29,3,4,5,6,16.0,5.0,7.0,154.16666666666666,111.14880952380952
2026-05-29 04:00:00,2026-05-29,4,4,5,11,6.0,10.0,11.0,154.20833333333334,111.14285714285714
2026-05-29 05:00:00,2026-05-29,5,4,5,36,11.0,43.0,33.0,154.25,111.14285714285714
2026-05-29 06:00:00,2026-05-29,6,4,5,140,36.0,145.0,110.0,153.95833333333334,111.16071428571429
2026-05-29 07:00:00,2026-05-29,7,4,5,213,140.0,227.0,166.0,153.75,111.33928571428571
2026-05-29 08:00:00,2026-05-29,8,4,5,301,213.0,348.0,244.0,153.16666666666666,111.61904761904762
2026-05-29 09:00:00,2026-05-29,9,4,5,177,301.0,167.0,139.0,151.20833333333334,111.95833333333333
2026-05-29 10:00:00,2026-05-29,10,4,5,136,177.0,128.0,128.0,151.625,112.18452380952381
2026-05-29 11:00:00,2026-05-29,11,4,5,152,136.0,118.0,180.0,151.95833333333334,112.23214285714286
2026-05-29 12:00:00,2026-05-29,12,4,5,163,152.0,133.0,191.0,153.375,112.06547619047619
2026-05-29 13:00:00,2026-05-29,13,4,5,200,163.0,147.0,212.0,154.625,111.89880952380952
2026-05-29 14:00:00,2026-05-29,14,4,5,205,200.0,127.0,243.0,156.83333333333334,111.82738095238095
2026-05-29 15:00:00,2026-05-29,15,4,5,247,205.0,197.0,254.0,160.08333333333334,111.60119047619048
2026-05-29 16:00:00,2026-05-29,16,4,5,303,247.0,256.0,304.0,162.16666666666666,111.55952380952381
2026-05-29 17:00:00,2026-05-29,17,4,5,452,303.0,410.0,278.0,164.125,111.55357142857143
2026-05-29 18:00:00,2026-05-29,18,4,5,323,452.0,375.0,241.0,165.875,112.58928571428571
2026-05-29 19:00:00,2026-05-29,19,4,5,279,323.0,280.0,191.0,163.70833333333334,113.07738095238095
2026-05-29 20:00:00,2026-05-29,20,4,5,183,279.0,203.0,167.0,163.66666666666666,113.60119047619048
2026-05-29 21:00:00,2026-05-29,21,4,5,194,183.0,163.0,137.0,162.83333333333334,113.69642857142857
2026-05-29 22:00:00,2026-05-29,22,4,5,147,194.0,83.0,86.0,164.125,114.03571428571429
2026-05-29 23:00:00,2026-05-29,23,4,5,98,147.0,63.0,87.0,166.79166666666666,114.39880952380952
2026-05-30 00:00:00,2026-05-30,0,5,5,79,98.0,48.0,59.0,168.25,114.46428571428571
2026-05-30 01:00:00,2026-05-30,1,5,5,47,79.0,8.0,46.0,169.54166666666666,114.58333333333333
2026-05-30 02:00:00,2026-05-30,2,5,5,32,47.0,16.0,24.0,171.16666666666666,114.58928571428571
2026-05-30 03:00:00,2026-05-30,3,5,5,23,32.0,6.0,20.0,171.83333333333334,114.63690476190476
2026-05-30 04:00:00,2026-05-30,4,5,5,5,23.0,11.0,9.0,172.54166666666666,114.6547619047619
2026-05-30 05:00:00,2026-05-30,5,5,5,13,5.0,36.0,12.0,172.29166666666666,114.63095238095238
2026-05-30 06:00:00,2026-05-30,6,5,5,37,13.0,140.0,22.0,171.33333333333334,114.63690476190476
2026-05-30 07:00:00,2026-05-30,7,5,5,71,37.0,213.0,40.0,167.04166666666666,114.72619047619048
2026-05-30 08:00:00,2026-05-30,8,5,5,148,71.0,301.0,82.0,161.125,114.91071428571429
2026-05-30 09:00:00,2026-05-30,9,5,5,175,148.0,177.0,118.0,154.75,115.30357142857143
2026-05-30 10:00:00,2026-05-30,10,5,5,212,175.0,136.0,125.0,154.66666666666666,115.64285714285714
2026-05-30 11:00:00,2026-05-30,11,5,5,225,212.0,152.0,98.0,157.83333333333334,116.16071428571429
2026-05-30 12:00:00,2026-05-30,12,5,5,219,225.0,163.0,109.0,160.875,116.91666666666667
2026-05-30 13:00:00,2026-05-30,13,5,5,185,219.0,200.0,75.0,163.20833333333334,117.57142857142857
2026-05-30 14:00:00,2026-05-30,14,5,5,143,185.0,205.0,63.0,162.58333333333334,118.22619047619048
2026-05-30 15:00:00,2026-05-30,15,5,5,241,143.0,247.0,66.0,160.0,118.70238095238095
2026-05-30 16:00:00,2026-05-30,16,5,5,221,241.0,303.0,47.0,159.75,119.74404761904762
2026-05-30 17:00:00,2026-05-30,17,5,5,208,221.0,452.0,14.0,156.33333333333334,120.7797619047619
2026-05-30 18:00:00,2026-05-30,18,5,5,251,208.0,323.0,15.0,146.16666666666666,121.93452380952381
2026-05-30 19:00:00,2026-05-30,19,5,5,171,251.0,279.0,23.0,143.16666666666666,123.33928571428571
2026-05-30 20:00:00,2026-05-30,20,5,5,160,171.0,183.0,16.0,138.66666666666666,124.2202380952381
2026-05-30 21:00:00,2026-05-30,21,5,5,117,160.0,194.0,22.0,137.70833333333334,125.07738095238095
2026-05-30 22:00:00,2026-05-30,22,5,5,89,117.0,147.0,26.0,134.5,125.64285714285714
2026-05-30 23:00:00,2026-05-30,23,5,5,98,89.0,98.0,31.0,132.08333333333334,126.01785714285714
2026-05-31 00:00:00,2026-05-31,0,6,5,65,98.0,79.0,29.0,132.08333333333334,126.41666666666667
2026-05-31 01:00:00,2026-05-31,1,6,5,42,65.0,47.0,16.0,131.5,126.63095238095238
2026-05-31 02:00:00,2026-05-31,2,6,5,31,42.0,32.0,12.0,131.29166666666666,126.78571428571429
2026-05-31 03:00:00,2026-05-31,3,6,5,23,31.0,23.0,7.0,131.25,126.89880952380952
2026-05-31 04:00:00,2026-05-31,4,6,5,12,23.0,5.0,1.0,131.25,126.99404761904762
2026-05-31 05:00:00,2026-05-31,5,6,5,10,12.0,13.0,10.0,131.54166666666666,127.05952380952381
2026-05-31 06:00:00,2026-05-31,6,6,5,11,10.0,37.0,8.0,131.41666666666666,127.05952380952381
2026-05-31 07:00:00,2026-05-31,7,6,5,66,11.0,71.0,14.0,130.33333333333334,127.07738095238095
2026-05-31 08:00:00,2026-05-31,8,6,5,108,66.0,148.0,12.0,130.125,127.38690476190476
2026-05-31 09:00:00,2026-05-31,9,6,5,133,108.0,175.0,23.0,128.45833333333334,127.95833333333333
2026-05-31 10:00:00,2026-05-31,10,6,5,213,133.0,212.0,30.0,126.70833333333333,128.61309523809524
2026-05-31 11:00:00,2026-05-31,11,6,5,240,213.0,225.0,26.0,126.75,129.70238095238096
2026-05-31 12:00:00,2026-05-31,12,6,5,233,240.0,219.0,33.0,127.375,130.97619047619048
2026-05-31 13:00:00,2026-05-31,13,6,5,255,233.0,185.0,51.0,127.95833333333333,132.16666666666666
2026-05-31 14:00:00,2026-05-31,14,6,5,298,255.0,143.0,51.0,130.875,133.38095238095238
2026-05-31 15:00:00,2026-05-31,15,6,5,246,298.0,241.0,59.0,137.33333333333334,134.85119047619048
2026-05-31 16:00:00,2026-05-31,16,6,5,255,246.0,221.0,71.0,137.54166666666666,135.96428571428572
2026-05-31 17:00:00,2026-05-31,17,6,5,271,255.0,208.0,77.0,138.95833333333334,137.0595238095238
2026-05-31 18:00:00,2026-05-31,18,6,5,226,271.0,251.0,67.0,141.58333333333334,138.21428571428572
2026-05-31 19:00:00,2026-05-31,19,6,5,191,226.0,171.0,76.0,140.54166666666666,139.16071428571428
2026-05-31 20:00:00,2026-05-31,20,6,5,205,191.0,160.0,67.0,141.375,139.8452380952381
2026-05-31 21:00:00,2026-05-31,21,6,5,105,205.0,117.0,43.0,143.25,140.66666666666666
2026-05-31 22:00:00,2026-05-31,22,6,5,61,105.0,89.0,37.0,142.75,141.03571428571428
2026-05-31 23:00:00,2026-05-31,23,6,5,39,61.0,98.0,36.0,141.58333333333334,141.17857142857142
2026-06-01 00:00:00,2026-06-01,0,0,6,25,39.0,65.0,31.0,139.125,141.19642857142858
2026-06-01 01:00:00,2026-06-01,1,0,6,10,25.0,42.0,9.0,137.45833333333334,141.16071428571428
2026-06-01 02:00:00,2026-06-01,2,0,6,8,10.0,31.0,11.0,136.125,141.16666666666666
2026-06-01 03:00:00,2026-06-01,3,0,6,2,8.0,23.0,3.0,135.16666666666666,141.14880952380952
2026-06-01 04:00:00,2026-06-01,4,0,6,10,2.0,12.0,5.0,134.29166666666666,141.14285714285714
2026-06-01 05:00:00,2026-06-01,5,0,6,46,10.0,10.0,7.0,134.20833333333334,141.17261904761904
2026-06-01 06:00:00,2026-06-01,6,0,6,114,46.0,11.0,18.0,135.70833333333334,141.4047619047619
2026-06-01 07:00:00,2026-06-01,7,0,6,210,114.0,66.0,14.0,140.0,141.97619047619048
2026-06-01 08:00:00,2026-06-01,8,0,6,215,210.0,108.0,29.0,146.0,143.14285714285714
2026-06-01 09:00:00,2026-06-01,9,0,6,134,215.0,133.0,49.0,150.45833333333334,144.25
2026-06-01 10:00:00,2026-06-01,10,0,6,106,134.0,213.0,82.0,150.5,144.75595238095238
2026-06-01 11:00:00,2026-06-01,11,0,6,122,106.0,240.0,102.0,146.04166666666666,144.89880952380952
2026-06-01 12:00:00,2026-06-01,12,0,6,125,122.0,233.0,114.0,141.125,145.01785714285714
2026-06-01 13:00:00,2026-06-01,13,0,6,142,125.0,255.0,167.0,136.625,145.08333333333334
2026-06-01 14:00:00,2026-06-01,14,0,6,145,142.0,298.0,192.0,131.91666666666666,144.9345238095238
2026-06-01 15:00:00,2026-06-01,15,0,6,206,145.0,246.0,194.0,125.54166666666667,144.6547619047619
2026-06-01 16:00:00,2026-06-01,16,0,6,227,206.0,255.0,229.0,123.875,144.72619047619048
2026-06-01 17:00:00,2026-06-01,17,0,6,408,227.0,271.0,250.0,122.70833333333333,144.71428571428572
2026-06-01 18:00:00,2026-06-01,18,0,6,354,408.0,226.0,188.0,128.41666666666666,145.6547619047619
2026-06-01 19:00:00,2026-06-01,19,0,6,240,354.0,191.0,194.0,133.75,146.64285714285714
2026-06-01 20:00:00,2026-06-01,20,0,6,184,240.0,205.0,173.0,135.79166666666666,146.91666666666666
2026-06-01 21:00:00,2026-06-01,21,0,6,105,184.0,105.0,99.0,134.91666666666666,146.98214285714286
2026-06-01 22:00:00,2026-06-01,22,0,6,67,105.0,61.0,113.0,134.91666666666666,147.01785714285714
2026-06-01 23:00:00,2026-06-01,23,0,6,34,67.0,39.0,58.0,135.16666666666666,146.74404761904762
2026-06-02 00:00:00,2026-06-02,0,1,6,18,34.0,25.0,36.0,134.95833333333334,146.60119047619048
2026-06-02 01:00:00,2026-06-02,1,1,6,6,18.0,10.0,11.0,134.66666666666666,146.49404761904762
2026-06-02 02:00:00,2026-06-02,2,1,6,3,6.0,8.0,6.0,134.5,146.46428571428572
2026-06-02 03:00:00,2026-06-02,3,1,6,4,3.0,2.0,6.0,134.29166666666666,146.44642857142858
2026-06-02 04:00:00,2026-06-02,4,1,6,13,4.0,10.0,14.0,134.375,146.4345238095238
2026-06-02 05:00:00,2026-06-02,5,1,6,50,13.0,46.0,37.0,134.5,146.42857142857142
2026-06-02 06:00:00,2026-06-02,6,1,6,158,50.0,114.0,121.0,134.66666666666666,146.50595238095238
2026-06-02 07:00:00,2026-06-02,7,1,6,291,158.0,210.0,217.0,136.5,146.72619047619048
2026-06-02 08:00:00,2026-06-02,8,1,6,286,291.0,215.0,279.0,139.875,147.16666666666666
2026-06-02 09:00:00,2026-06-02,9,1,6,151,286.0,134.0,129.0,142.83333333333334,147.20833333333334
2026-06-02 10:00:00,2026-06-02,10,1,6,113,151.0,106.0,98.0,143.54166666666666,147.33928571428572
2026-06-02 11:00:00,2026-06-02,11,1,6,116,113.0,122.0,116.0,143.83333333333334,147.42857142857142
2026-06-02 12:00:00,2026-06-02,12,1,6,125,116.0,125.0,132.0,143.58333333333334,147.42857142857142
2026-06-02 13:00:00,2026-06-02,13,1,6,114,125.0,142.0,139.0,143.58333333333334,147.38690476190476
2026-06-02 14:00:00,2026-06-02,14,1,6,133,114.0,145.0,128.0,142.41666666666666,147.23809523809524
2026-06-02 15:00:00,2026-06-02,15,1,6,174,133.0,206.0,205.0,141.91666666666666,147.26785714285714
2026-06-02 16:00:00,2026-06-02,16,1,6,247,174.0,227.0,259.0,140.58333333333334,147.08333333333334
2026-06-02 17:00:00,2026-06-02,17,1,6,439,247.0,408.0,426.0,141.41666666666666,147.01190476190476
2026-06-02 18:00:00,2026-06-02,18,1,6,391,439.0,354.0,393.0,142.70833333333334,147.08928571428572
2026-06-02 19:00:00,2026-06-02,19,1,6,282,391.0,240.0,274.0,144.25,147.07738095238096
2026-06-02 20:00:00,2026-06-02,20,1,6,212,282.0,184.0,190.0,146.0,147.125
2026-06-02 21:00:00,2026-06-02,21,1,6,149,212.0,105.0,135.0,147.16666666666666,147.25595238095238
2026-06-02 22:00:00,2026-06-02,22,1,6,88,149.0,67.0,88.0,149.0,147.33928571428572
2026-06-02 23:00:00,2026-06-02,23,1,6,68,88.0,34.0,45.0,149.875,147.33928571428572
2026-06-03 00:00:00,2026-06-03,0,2,6,33,68.0,18.0,18.0,151.29166666666666,147.47619047619048
2026-06-03 01:00:00,2026-06-03,1,2,6,14,33.0,6.0,14.0,151.91666666666666,147.5654761904762
2026-06-03 02:00:00,2026-06-03,2,2,6,6,14.0,3.0,5.0,152.25,147.5654761904762
2026-06-03 03:00:00,2026-06-03,3,2,6,3,6.0,4.0,3.0,152.375,147.57142857142858
2026-06-03 04:00:00,2026-06-03,4,2,6,21,3.0,13.0,10.0,152.33333333333334,147.57142857142858
2026-06-03 05:00:00,2026-06-03,5,2,6,56,21.0,50.0,51.0,152.66666666666666,147.63690476190476
2026-06-03 06:00:00,2026-06-03,6,2,6,142,56.0,158.0,130.0,152.91666666666666,147.66666666666666
2026-06-03 07:00:00,2026-06-03,7,2,6,299,142.0,291.0,243.0,152.25,147.73809523809524
2026-06-03 08:00:00,2026-06-03,8,2,6,337,299.0,286.0,313.0,152.58333333333334,148.07142857142858
2026-06-03 09:00:00,2026-06-03,9,2,6,137,337.0,151.0,148.0,154.70833333333334,148.21428571428572
2026-06-03 10:00:00,2026-06-03,10,2,6,114,137.0,113.0,114.0,154.125,148.14880952380952
2026-06-03 11:00:00,2026-06-03,11,2,6,136,114.0,116.0,117.0,154.16666666666666,148.14880952380952
2026-06-03 12:00:00,2026-06-03,12,2,6,126,136.0,125.0,124.0,155.0,148.26190476190476
2026-06-03 13:00:00,2026-06-03,13,2,6,155,126.0,114.0,122.0,155.04166666666666,148.27380952380952
2026-06-03 14:00:00,2026-06-03,14,2,6,162,155.0,133.0,141.0,156.75,148.4702380952381
2026-06-03 15:00:00,2026-06-03,15,2,6,186,162.0,174.0,203.0,157.95833333333334,148.5952380952381
2026-06-03 16:00:00,2026-06-03,16,2,6,247,186.0,247.0,260.0,158.45833333333334,148.49404761904762
2026-06-03 17:00:00,2026-06-03,17,2,6,441,247.0,439.0,449.0,158.45833333333334,148.41666666666666
2026-06-03 18:00:00,2026-06-03,18,2,6,388,441.0,391.0,382.0,158.54166666666666,148.36904761904762
2026-06-03 19:00:00,2026-06-03,19,2,6,317,388.0,282.0,262.0,158.41666666666666,148.4047619047619
2026-06-03 20:00:00,2026-06-03,20,2,6,267,317.0,212.0,222.0,159.875,148.73214285714286
2026-06-03 21:00:00,2026-06-03,21,2,6,140,267.0,149.0,155.0,162.16666666666666,149.0
2026-06-03 22:00:00,2026-06-03,22,2,6,99,140.0,88.0,124.0,161.79166666666666,148.91071428571428
2026-06-03 23:00:00,2026-06-03,23,2,6,110,99.0,68.0,67.0,162.25,148.76190476190476
2026-06-04 00:00:00,2026-06-04,0,3,6,61,110.0,33.0,31.0,164.0,149.01785714285714
2026-06-04 01:00:00,2026-06-04,1,3,6,11,61.0,14.0,18.0,165.16666666666666,149.19642857142858
2026-06-04 02:00:00,2026-06-04,2,3,6,14,11.0,6.0,5.0,165.04166666666666,149.1547619047619
2026-06-04 03:00:00,2026-06-04,3,3,6,6,14.0,3.0,5.0,165.375,149.20833333333334
2026-06-04 04:00:00,2026-06-04,4,3,6,13,6.0,21.0,10.0,165.5,149.21428571428572
2026-06-04 05:00:00,2026-06-04,5,3,6,39,13.0,56.0,43.0,165.16666666666666,149.23214285714286
2026-06-04 06:00:00,2026-06-04,6,3,6,145,39.0,142.0,145.0,164.45833333333334,149.20833333333334
2026-06-04 07:00:00,2026-06-04,7,3,6,244,145.0,299.0,227.0,164.58333333333334,149.20833333333334
2026-06-04 08:00:00,2026-06-04,8,3,6,367,244.0,337.0,348.0,162.29166666666666,149.3095238095238
2026-06-04 09:00:00,2026-06-04,9,3,6,160,367.0,137.0,167.0,163.54166666666666,149.42261904761904
2026-06-04 10:00:00,2026-06-04,10,3,6,124,160.0,114.0,128.0,164.5,149.38095238095238
2026-06-04 11:00:00,2026-06-04,11,3,6,149,124.0,136.0,118.0,164.91666666666666,149.35714285714286
2026-06-04 12:00:00,2026-06-04,12,3,6,172,149.0,126.0,133.0,165.45833333333334,149.54166666666666
2026-06-04 13:00:00,2026-06-04,13,3,6,141,172.0,155.0,147.0,167.375,149.77380952380952
2026-06-04 14:00:00,2026-06-04,14,3,6,159,141.0,162.0,127.0,166.79166666666666,149.73809523809524
2026-06-04 15:00:00,2026-06-04,15,3,6,185,159.0,186.0,197.0,166.66666666666666,149.92857142857142
2026-06-04 16:00:00,2026-06-04,16,3,6,266,185.0,247.0,256.0,166.625,149.85714285714286
2026-06-04 17:00:00,2026-06-04,17,3,6,406,266.0,441.0,410.0,167.41666666666666,149.91666666666666
2026-06-04 18:00:00,2026-06-04,18,3,6,384,406.0,388.0,375.0,165.95833333333334,149.89285714285714
2026-06-04 19:00:00,2026-06-04,19,3,6,303,384.0,317.0,280.0,165.79166666666666,149.94642857142858
2026-06-04 20:00:00,2026-06-04,20,3,6,235,303.0,267.0,203.0,165.20833333333334,150.08333333333334
2026-06-04 21:00:00,2026-06-04,21,3,6,162,235.0,140.0,163.0,163.875,150.27380952380952
2026-06-04 22:00:00,2026-06-04,22,3,6,100,162.0,99.0,83.0,164.79166666666666,150.26785714285714
2026-06-04 23:00:00,2026-06-04,23,3,6,73,100.0,110.0,63.0,164.83333333333334,150.36904761904762
2026-06-05 00:00:00,2026-06-05,0,4,6,46,73.0,61.0,48.0,163.29166666666666,150.42857142857142
2026-06-05 01:00:00,2026-06-05,1,4,6,17,46.0,11.0,8.0,162.66666666666666,150.41666666666666
2026-06-05 02:00:00,2026-06-05,2,4,6,10,17.0,14.0,16.0,162.91666666666666,150.4702380952381
2026-06-05 03:00:00,2026-06-05,3,4,6,12,10.0,6.0,6.0,162.75,150.4345238095238
2026-06-05 04:00:00,2026-06-05,4,4,6,11,12.0,13.0,11.0,163.0,150.4702380952381
2026-06-05 05:00:00,2026-06-05,5,4,6,40,11.0,39.0,36.0,162.91666666666666,150.4702380952381
2026-06-05 06:00:00,2026-06-05,6,4,6,106,40.0,145.0,140.0,162.95833333333334,150.49404761904762
2026-06-05 07:00:00,2026-06-05,7,4,6,179,106.0,244.0,213.0,161.33333333333334,150.29166666666666
2026-06-05 08:00:00,2026-06-05,8,4,6,242,179.0,367.0,301.0,158.625,150.08928571428572
2026-06-05 09:00:00,2026-06-05,9,4,6,148,242.0,160.0,177.0,153.41666666666666,149.73809523809524
2026-06-05 10:00:00,2026-06-05,10,4,6,150,148.0,124.0,136.0,152.91666666666666,149.5654761904762
2026-06-05 11:00:00,2026-06-05,11,4,6,181,150.0,149.0,152.0,154.0,149.64880952380952
2026-06-05 12:00:00,2026-06-05,12,4,6,172,181.0,172.0,163.0,155.33333333333334,149.82142857142858
2026-06-05 13:00:00,2026-06-05,13,4,6,206,172.0,141.0,200.0,155.33333333333334,149.875
2026-06-05 14:00:00,2026-06-05,14,4,6,182,206.0,159.0,205.0,158.04166666666666,149.91071428571428
2026-06-05 15:00:00,2026-06-05,15,4,6,269,182.0,185.0,247.0,159.0,149.77380952380952
2026-06-05 16:00:00,2026-06-05,16,4,6,322,269.0,266.0,303.0,162.5,149.9047619047619
2026-06-05 17:00:00,2026-06-05,17,4,6,392,322.0,406.0,452.0,164.83333333333334,150.01785714285714
2026-06-05 18:00:00,2026-06-05,18,4,6,346,392.0,384.0,323.0,164.25,149.66071428571428
2026-06-05 19:00:00,2026-06-05,19,4,6,276,346.0,303.0,279.0,162.66666666666666,149.79761904761904
2026-06-05 20:00:00,2026-06-05,20,4,6,254,276.0,235.0,183.0,161.54166666666666,149.7797619047619
2026-06-05 21:00:00,2026-06-05,21,4,6,147,254.0,162.0,194.0,162.33333333333334,150.20238095238096
2026-06-05 22:00:00,2026-06-05,22,4,6,148,147.0,100.0,147.0,161.70833333333334,149.92261904761904
2026-06-05 23:00:00,2026-06-05,23,4,6,141,148.0,73.0,98.0,163.70833333333334,149.92857142857142
2026-06-06 00:00:00,2026-06-06,0,5,6,140,141.0,46.0,79.0,166.54166666666666,150.1845238095238
2026-06-06 01:00:00,2026-06-06,1,5,6,104,140.0,17.0,47.0,170.45833333333334,150.54761904761904
2026-06-06 02:00:00,2026-06-06,2,5,6,62,104.0,10.0,32.0,174.08333333333334,150.88690476190476
2026-06-06 03:00:00,2026-06-06,3,5,6,38,62.0,12.0,23.0,176.25,151.0654761904762
2026-06-06 04:00:00,2026-06-06,4,5,6,8,38.0,11.0,5.0,177.33333333333334,151.1547619047619
2026-06-06 05:00:00,2026-06-06,5,5,6,19,8.0,40.0,13.0,177.20833333333334,151.17261904761904
2026-06-06 06:00:00,2026-06-06,6,5,6,49,19.0,106.0,37.0,176.33333333333334,151.20833333333334
2026-06-06 07:00:00,2026-06-06,7,5,6,88,49.0,179.0,71.0,173.95833333333334,151.2797619047619
2026-06-06 08:00:00,2026-06-06,8,5,6,174,88.0,242.0,148.0,170.16666666666666,151.38095238095238
2026-06-06 09:00:00,2026-06-06,9,5,6,198,174.0,148.0,175.0,167.33333333333334,151.53571428571428
2026-06-06 10:00:00,2026-06-06,10,5,6,260,198.0,150.0,212.0,169.41666666666666,151.67261904761904
2026-06-06 11:00:00,2026-06-06,11,5,6,252,260.0,181.0,225.0,174.0,151.95833333333334
2026-06-06 12:00:00,2026-06-06,12,5,6,288,252.0,172.0,219.0,176.95833333333334,152.11904761904762
2026-06-06 13:00:00,2026-06-06,13,5,6,229,288.0,206.0,185.0,181.79166666666666,152.5297619047619
2026-06-06 14:00:00,2026-06-06,14,5,6,259,229.0,182.0,143.0,182.75,152.79166666666666
2026-06-06 15:00:00,2026-06-06,15,5,6,241,259.0,269.0,241.0,185.95833333333334,153.48214285714286
2026-06-06 16:00:00,2026-06-06,16,5,6,251,241.0,322.0,221.0,184.79166666666666,153.48214285714286
2026-06-06 17:00:00,2026-06-06,17,5,6,259,251.0,392.0,208.0,181.83333333333334,153.66071428571428
2026-06-06 18:00:00,2026-06-06,18,5,6,265,259.0,346.0,251.0,176.29166666666666,153.96428571428572
2026-06-06 19:00:00,2026-06-06,19,5,6,172,265.0,276.0,171.0,172.91666666666666,154.04761904761904
2026-06-06 20:00:00,2026-06-06,20,5,6,23,172.0,254.0,160.0,168.58333333333334,154.05357142857142
2026-06-06 21:00:00,2026-06-06,21,5,6,54,23.0,147.0,117.0,158.95833333333334,153.23809523809524
2026-06-06 22:00:00,2026-06-06,22,5,6,66,54.0,148.0,89.0,155.08333333333334,152.86309523809524
2026-06-06 23:00:00,2026-06-06,23,5,6,80,66.0,141.0,98.0,151.66666666666666,152.72619047619048
2026-06-07 00:00:00,2026-06-07,0,6,6,57,80.0,140.0,65.0,149.125,152.61904761904762
2026-06-07 01:00:00,2026-06-07,1,6,6,46,57.0,104.0,42.0,145.66666666666666,152.57142857142858
2026-06-07 02:00:00,2026-06-07,2,6,6,55,46.0,62.0,31.0,143.25,152.5952380952381
2026-06-07 03:00:00,2026-06-07,3,6,6,39,55.0,38.0,23.0,142.95833333333334,152.73809523809524
2026-06-07 04:00:00,2026-06-07,4,6,6,13,39.0,8.0,12.0,143.0,152.83333333333334
2026-06-07 05:00:00,2026-06-07,5,6,6,21,13.0,19.0,10.0,143.20833333333334,152.83928571428572
2026-06-07 06:00:00,2026-06-07,6,6,6,31,21.0,49.0,11.0,143.29166666666666,152.9047619047619
2026-06-07 07:00:00,2026-06-07,7,6,6,84,31.0,88.0,66.0,142.54166666666666,153.02380952380952
2026-06-07 08:00:00,2026-06-07,8,6,6,105,84.0,174.0,108.0,142.375,153.13095238095238
2026-06-07 09:00:00,2026-06-07,9,6,6,172,105.0,198.0,133.0,139.5,153.11309523809524
2026-06-07 10:00:00,2026-06-07,10,6,6,264,172.0,260.0,213.0,138.41666666666666,153.3452380952381
2026-06-07 11:00:00,2026-06-07,11,6,6,262,264.0,252.0,240.0,138.58333333333334,153.64880952380952
2026-06-07 12:00:00,2026-06-07,12,6,6,274,262.0,288.0,233.0,139.0,153.7797619047619
2026-06-07 13:00:00,2026-06-07,13,6,6,313,274.0,229.0,255.0,138.41666666666666,154.02380952380952
2026-06-07 14:00:00,2026-06-07,14,6,6,267,313.0,259.0,298.0,141.91666666666666,154.36904761904762
2026-06-07 15:00:00,2026-06-07,15,6,6,244,267.0,241.0,246.0,142.25,154.1845238095238
2026-06-07 16:00:00,2026-06-07,16,6,6,245,244.0,251.0,255.0,142.375,154.17261904761904
2026-06-07 17:00:00,2026-06-07,17,6,6,239,245.0,259.0,271.0,142.125,154.11309523809524
2026-06-07 18:00:00,2026-06-07,18,6,6,229,239.0,265.0,226.0,141.29166666666666,153.92261904761904
2026-06-07 19:00:00,2026-06-07,19,6,6,216,229.0,172.0,191.0,139.79166666666666,153.9404761904762
2026-06-07 20:00:00,2026-06-07,20,6,6,183,216.0,23.0,205.0,141.625,154.08928571428572
2026-06-07 21:00:00,2026-06-07,21,6,6,105,183.0,54.0,105.0,148.29166666666666,153.95833333333334
2026-06-07 22:00:00,2026-06-07,22,6,6,66,105.0,66.0,61.0,150.41666666666666,153.95833333333334
2026-06-07 23:00:00,2026-06-07,23,6,6,50,66.0,80.0,39.0,150.41666666666666,153.98809523809524
2026-06-08 00:00:00,2026-06-08,0,0,6,22,50.0,57.0,25.0,149.16666666666666,154.05357142857142
2026-06-08 01:00:00,2026-06-08,1,0,6,14,22.0,46.0,10.0,147.70833333333334,154.03571428571428
2026-06-08 02:00:00,2026-06-08,2,0,6,8,14.0,55.0,8.0,146.375,154.0595238095238
2026-06-08 03:00:00,2026-06-08,3,0,6,3,8.0,39.0,2.0,144.41666666666666,154.0595238095238
2026-06-08 04:00:00,2026-06-08,4,0,6,13,3.0,13.0,10.0,142.91666666666666,154.0654761904762
2026-06-08 05:00:00,2026-06-08,5,0,6,52,13.0,21.0,46.0,142.91666666666666,154.08333333333334
2026-06-08 06:00:00,2026-06-08,6,0,6,137,52.0,31.0,114.0,144.20833333333334,154.11904761904762
2026-06-08 07:00:00,2026-06-08,7,0,6,219,137.0,84.0,210.0,148.625,154.25595238095238
2026-06-08 08:00:00,2026-06-08,8,0,6,267,219.0,105.0,215.0,154.25,154.3095238095238
2026-06-08 09:00:00,2026-06-08,9,0,6,146,267.0,172.0,134.0,161.0,154.61904761904762
2026-06-08 10:00:00,2026-06-08,10,0,6,97,146.0,264.0,106.0,159.91666666666666,154.6904761904762
2026-06-08 11:00:00,2026-06-08,11,0,6,138,97.0,262.0,122.0,152.95833333333334,154.63690476190476
2026-06-08 12:00:00,2026-06-08,12,0,6,143,138.0,274.0,125.0,147.79166666666666,154.73214285714286
2026-06-08 13:00:00,2026-06-08,13,0,6,135,143.0,313.0,142.0,142.33333333333334,154.83928571428572
2026-06-08 14:00:00,2026-06-08,14,0,6,162,135.0,267.0,145.0,134.91666666666666,154.79761904761904
2026-06-08 15:00:00,2026-06-08,15,0,6,199,162.0,244.0,206.0,130.54166666666666,154.89880952380952
2026-06-08 16:00:00,2026-06-08,16,0,6,302,199.0,245.0,227.0,128.66666666666666,154.85714285714286
2026-06-08 17:00:00,2026-06-08,17,0,6,433,302.0,239.0,408.0,131.04166666666666,155.30357142857142
2026-06-08 18:00:00,2026-06-08,18,0,6,410,433.0,229.0,354.0,139.125,155.45238095238096
2026-06-08 19:00:00,2026-06-08,19,0,6,317,410.0,216.0,240.0,146.66666666666666,155.78571428571428
2026-06-08 20:00:00,2026-06-08,20,0,6,242,317.0,183.0,184.0,150.875,156.24404761904762
2026-06-08 21:00:00,2026-06-08,21,0,6,124,242.0,105.0,105.0,153.33333333333334,156.58928571428572
2026-06-08 22:00:00,2026-06-08,22,0,6,76,124.0,66.0,67.0,154.125,156.70238095238096
2026-06-08 23:00:00,2026-06-08,23,0,6,164,76.0,50.0,34.0,154.54166666666666,156.75595238095238
2026-06-09 00:00:00,2026-06-09,0,1,6,85,164.0,22.0,18.0,159.29166666666666,157.5297619047619
2026-06-09 01:00:00,2026-06-09,1,1,6,17,85.0,14.0,6.0,161.91666666666666,157.92857142857142
2026-06-09 02:00:00,2026-06-09,2,1,6,10,17.0,8.0,3.0,162.04166666666666,157.99404761904762
2026-06-09 03:00:00,2026-06-09,3,1,6,2,10.0,3.0,4.0,162.125,158.03571428571428
2026-06-09 04:00:00,2026-06-09,4,1,6,13,2.0,13.0,13.0,162.08333333333334,158.02380952380952
2026-06-09 05:00:00,2026-06-09,5,1,6,46,13.0,52.0,50.0,162.08333333333334,158.02380952380952
2026-06-09 06:00:00,2026-06-09,6,1,6,157,46.0,137.0,158.0,161.83333333333334,158.0
2026-06-09 07:00:00,2026-06-09,7,1,6,260,157.0,219.0,291.0,162.66666666666666,157.99404761904762
2026-06-09 08:00:00,2026-06-09,8,1,6,280,260.0,267.0,286.0,164.375,157.8095238095238
2026-06-09 09:00:00,2026-06-09,9,1,6,154,280.0,146.0,151.0,164.91666666666666,157.77380952380952
2026-06-09 10:00:00,2026-06-09,10,1,6,113,154.0,97.0,113.0,165.25,157.79166666666666
2026-06-09 11:00:00,2026-06-09,11,1,6,119,113.0,138.0,116.0,165.91666666666666,157.79166666666666
2026-06-09 12:00:00,2026-06-09,12,1,6,134,119.0,143.0,125.0,165.125,157.8095238095238
2026-06-09 13:00:00,2026-06-09,13,1,6,150,134.0,135.0,114.0,164.75,157.86309523809524
2026-06-09 14:00:00,2026-06-09,14,1,6,142,150.0,162.0,133.0,165.375,158.07738095238096
2026-06-09 15:00:00,2026-06-09,15,1,6,194,142.0,199.0,174.0,164.54166666666666,158.13095238095238
2026-06-09 16:00:00,2026-06-09,16,1,6,274,194.0,302.0,247.0,164.33333333333334,158.25
2026-06-09 17:00:00,2026-06-09,17,1,6,416,274.0,433.0,439.0,163.16666666666666,158.41071428571428
2026-06-09 18:00:00,2026-06-09,18,1,6,432,416.0,410.0,391.0,162.45833333333334,158.27380952380952
2026-06-09 19:00:00,2026-06-09,19,1,6,286,432.0,317.0,282.0,163.375,158.51785714285714
2026-06-09 20:00:00,2026-06-09,20,1,6,199,286.0,242.0,212.0,162.08333333333334,158.54166666666666
2026-06-09 21:00:00,2026-06-09,21,1,6,166,199.0,124.0,149.0,160.29166666666666,158.46428571428572
2026-06-09 22:00:00,2026-06-09,22,1,6,119,166.0,76.0,88.0,162.04166666666666,158.5654761904762
2026-06-09 23:00:00,2026-06-09,23,1,6,33,119.0,164.0,68.0,163.83333333333334,158.75
2026-06-10 00:00:00,2026-06-10,0,2,6,25,33.0,85.0,33.0,158.375,158.54166666666666
2026-06-10 01:00:00,2026-06-10,1,2,6,11,25.0,17.0,14.0,155.875,158.49404761904762
2026-06-10 02:00:00,2026-06-10,2,2,6,7,11.0,10.0,6.0,155.625,158.47619047619048
2026-06-10 03:00:00,2026-06-10,3,2,6,4,7.0,2.0,3.0,155.5,158.48214285714286
2026-06-10 04:00:00,2026-06-10,4,2,6,20,4.0,13.0,21.0,155.58333333333334,158.48809523809524
2026-06-10 05:00:00,2026-06-10,5,2,6,46,20.0,46.0,56.0,155.875,158.48214285714286
2026-06-10 06:00:00,2026-06-10,6,2,6,132,46.0,157.0,142.0,155.875,158.42261904761904
2026-06-10 07:00:00,2026-06-10,7,2,6,262,132.0,260.0,299.0,154.83333333333334,158.36309523809524
2026-06-10 08:00:00,2026-06-10,8,2,6,350,262.0,280.0,337.0,154.91666666666666,158.14285714285714
2026-06-10 09:00:00,2026-06-10,9,2,6,161,350.0,154.0,137.0,157.83333333333334,158.2202380952381
2026-06-10 10:00:00,2026-06-10,10,2,6,126,161.0,113.0,114.0,158.125,158.36309523809524
2026-06-10 11:00:00,2026-06-10,11,2,6,123,126.0,119.0,136.0,158.66666666666666,158.4345238095238
2026-06-10 12:00:00,2026-06-10,12,2,6,145,123.0,134.0,126.0,158.83333333333334,158.35714285714286
2026-06-10 13:00:00,2026-06-10,13,2,6,149,145.0,150.0,155.0,159.29166666666666,158.4702380952381
2026-06-10 14:00:00,2026-06-10,14,2,6,161,149.0,142.0,162.0,159.25,158.4345238095238
2026-06-10 15:00:00,2026-06-10,15,2,6,204,161.0,194.0,186.0,160.04166666666666,158.42857142857142
2026-06-10 16:00:00,2026-06-10,16,2,6,247,204.0,274.0,247.0,160.45833333333334,158.53571428571428
2026-06-10 17:00:00,2026-06-10,17,2,6,441,247.0,416.0,441.0,159.33333333333334,158.53571428571428
2026-06-10 18:00:00,2026-06-10,18,2,6,423,441.0,432.0,388.0,160.375,158.53571428571428
2026-06-10 19:00:00,2026-06-10,19,2,6,343,423.0,286.0,317.0,160.0,158.74404761904762
2026-06-10 20:00:00,2026-06-10,20,2,6,264,343.0,199.0,267.0,162.375,158.89880952380952
2026-06-10 21:00:00,2026-06-10,21,2,6,115,264.0,166.0,140.0,165.08333333333334,158.88095238095238
2026-06-10 22:00:00,2026-06-10,22,2,6,133,115.0,119.0,99.0,162.95833333333334,158.73214285714286
2026-06-10 23:00:00,2026-06-10,23,2,6,86,133.0,33.0,110.0,163.54166666666666,158.9345238095238
2026-06-11 00:00:00,2026-06-11,0,3,6,86,86.0,25.0,61.0,165.75,158.79166666666666
2026-06-11 01:00:00,2026-06-11,1,3,6,28,86.0,11.0,11.0,168.29166666666666,158.9404761904762
2026-06-11 02:00:00,2026-06-11,2,3,6,20,28.0,7.0,14.0,169.0,159.04166666666666
2026-06-11 03:00:00,2026-06-11,3,3,6,9,20.0,4.0,6.0,169.54166666666666,159.07738095238096
2026-06-11 04:00:00,2026-06-11,4,3,6,18,9.0,20.0,13.0,169.75,159.0952380952381
2026-06-11 05:00:00,2026-06-11,5,3,6,43,18.0,46.0,39.0,169.66666666666666,159.125
2026-06-11 06:00:00,2026-06-11,6,3,6,129,43.0,132.0,145.0,169.54166666666666,159.14880952380952
2026-06-11 07:00:00,2026-06-11,7,3,6,269,129.0,262.0,244.0,169.41666666666666,159.05357142857142
2026-06-11 08:00:00,2026-06-11,8,3,6,329,269.0,350.0,367.0,169.70833333333334,159.20238095238096
2026-06-11 09:00:00,2026-06-11,9,3,6,153,329.0,161.0,160.0,168.83333333333334,158.97619047619048
2026-06-11 10:00:00,2026-06-11,10,3,6,129,153.0,126.0,124.0,168.5,158.9345238095238
2026-06-11 11:00:00,2026-06-11,11,3,6,136,129.0,123.0,149.0,168.625,158.96428571428572
2026-06-11 12:00:00,2026-06-11,12,3,6,141,136.0,145.0,172.0,169.16666666666666,158.88690476190476
2026-06-11 13:00:00,2026-06-11,13,3,6,143,141.0,149.0,141.0,169.0,158.70238095238096
2026-06-11 14:00:00,2026-06-11,14,3,6,149,143.0,161.0,159.0,168.75,158.71428571428572
2026-06-11 15:00:00,2026-06-11,15,3,6,166,149.0,204.0,185.0,168.25,158.6547619047619
2026-06-11 16:00:00,2026-06-11,16,3,6,258,166.0,247.0,266.0,166.66666666666666,158.54166666666666
2026-06-11 17:00:00,2026-06-11,17,3,6,427,258.0,441.0,406.0,167.125,158.49404761904762
2026-06-11 18:00:00,2026-06-11,18,3,6,407,427.0,423.0,384.0,166.54166666666666,158.61904761904762
2026-06-11 19:00:00,2026-06-11,19,3,6,273,407.0,343.0,303.0,165.875,158.75595238095238
2026-06-11 20:00:00,2026-06-11,20,3,6,212,273.0,264.0,235.0,162.95833333333334,158.57738095238096
2026-06-11 21:00:00,2026-06-11,21,3,6,165,212.0,115.0,162.0,160.79166666666666,158.4404761904762
2026-06-11 22:00:00,2026-06-11,22,3,6,117,165.0,133.0,100.0,162.875,158.45833333333334
2026-06-11 23:00:00,2026-06-11,23,3,6,57,117.0,86.0,73.0,162.20833333333334,158.5595238095238
2026-06-12 00:00:00,2026-06-12,0,4,6,15,57.0,86.0,46.0,161.0,158.46428571428572
2026-06-12 01:00:00,2026-06-12,1,4,6,16,15.0,28.0,17.0,158.04166666666666,158.2797619047619
2026-06-12 02:00:00,2026-06-12,2,4,6,13,16.0,20.0,10.0,157.54166666666666,158.27380952380952
2026-06-12 03:00:00,2026-06-12,3,4,6,11,13.0,9.0,12.0,157.25,158.29166666666666
2026-06-12 04:00:00,2026-06-12,4,4,6,20,11.0,18.0,11.0,157.33333333333334,158.28571428571428
2026-06-12 05:00:00,2026-06-12,5,4,6,35,20.0,43.0,40.0,157.41666666666666,158.33928571428572
2026-06-12 06:00:00,2026-06-12,6,4,6,118,35.0,129.0,106.0,157.08333333333334,158.3095238095238
2026-06-12 07:00:00,2026-06-12,7,4,6,210,118.0,269.0,179.0,156.625,158.38095238095238
2026-06-12 08:00:00,2026-06-12,8,4,6,234,210.0,329.0,242.0,154.16666666666666,158.5654761904762
2026-06-12 09:00:00,2026-06-12,9,4,6,153,234.0,153.0,148.0,150.20833333333334,158.51785714285714
2026-06-12 10:00:00,2026-06-12,10,4,6,154,153.0,129.0,150.0,150.20833333333334,158.54761904761904
2026-06-12 11:00:00,2026-06-12,11,4,6,168,154.0,136.0,181.0,151.25,158.57142857142858
2026-06-12 12:00:00,2026-06-12,12,4,6,173,168.0,141.0,172.0,152.58333333333334,158.49404761904762
2026-06-12 13:00:00,2026-06-12,13,4,6,211,173.0,143.0,206.0,153.91666666666666,158.5
2026-06-12 14:00:00,2026-06-12,14,4,6,228,211.0,149.0,182.0,156.75,158.5297619047619
2026-06-12 15:00:00,2026-06-12,15,4,6,266,228.0,166.0,269.0,160.04166666666666,158.80357142857142
2026-06-12 16:00:00,2026-06-12,16,4,6,307,266.0,258.0,322.0,164.20833333333334,158.78571428571428
2026-06-12 17:00:00,2026-06-12,17,4,6,369,307.0,427.0,392.0,166.25,158.69642857142858
2026-06-12 18:00:00,2026-06-12,18,4,6,329,369.0,407.0,346.0,163.83333333333334,158.5595238095238
2026-06-12 19:00:00,2026-06-12,19,4,6,158,329.0,273.0,276.0,160.58333333333334,158.45833333333334
2026-06-12 20:00:00,2026-06-12,20,4,6,222,158.0,212.0,254.0,155.79166666666666,157.75595238095238
2026-06-12 21:00:00,2026-06-12,21,4,6,164,222.0,165.0,147.0,156.20833333333334,157.5654761904762
2026-06-12 22:00:00,2026-06-12,22,4,6,118,164.0,117.0,148.0,156.16666666666666,157.66666666666666
2026-06-12 23:00:00,2026-06-12,23,4,6,186,118.0,57.0,141.0,156.20833333333334,157.48809523809524
2026-06-13 00:00:00,2026-06-13,0,5,6,87,186.0,15.0,140.0,161.58333333333334,157.75595238095238
2026-06-13 01:00:00,2026-06-13,1,5,6,58,87.0,16.0,104.0,164.58333333333334,157.4404761904762
2026-06-13 02:00:00,2026-06-13,2,5,6,60,58.0,13.0,62.0,166.33333333333334,157.16666666666666
2026-06-13 03:00:00,2026-06-13,3,5,6,26,60.0,11.0,38.0,168.29166666666666,157.1547619047619
2026-06-13 04:00:00,2026-06-13,4,5,6,12,26.0,20.0,8.0,168.91666666666666,157.08333333333334
2026-06-13 05:00:00,2026-06-13,5,5,6,23,12.0,35.0,19.0,168.58333333333334,157.10714285714286
2026-06-13 06:00:00,2026-06-13,6,5,6,37,23.0,118.0,49.0,168.08333333333334,157.13095238095238
2026-06-13 07:00:00,2026-06-13,7,5,6,77,37.0,210.0,88.0,164.70833333333334,157.0595238095238
2026-06-13 08:00:00,2026-06-13,8,5,6,162,77.0,234.0,174.0,159.16666666666666,156.99404761904762
2026-06-13 09:00:00,2026-06-13,9,5,6,189,162.0,153.0,198.0,156.16666666666666,156.92261904761904
2026-06-13 10:00:00,2026-06-13,10,5,6,243,189.0,154.0,260.0,157.66666666666666,156.86904761904762
2026-06-13 11:00:00,2026-06-13,11,5,6,269,243.0,168.0,252.0,161.375,156.76785714285714
2026-06-13 12:00:00,2026-06-13,12,5,6,279,269.0,173.0,288.0,165.58333333333334,156.86904761904762
2026-06-13 13:00:00,2026-06-13,13,5,6,289,279.0,211.0,229.0,170.0,156.8154761904762
2026-06-13 14:00:00,2026-06-13,14,5,6,283,289.0,228.0,259.0,173.25,157.17261904761904
2026-06-13 15:00:00,2026-06-13,15,5,6,296,283.0,266.0,241.0,175.54166666666666,157.3154761904762
2026-06-13 16:00:00,2026-06-13,16,5,6,270,296.0,307.0,251.0,176.79166666666666,157.64285714285714
2026-06-13 17:00:00,2026-06-13,17,5,6,291,270.0,369.0,259.0,175.25,157.75595238095238
2026-06-13 18:00:00,2026-06-13,18,5,6,274,291.0,329.0,265.0,172.0,157.94642857142858
2026-06-13 19:00:00,2026-06-13,19,5,6,279,274.0,158.0,172.0,169.70833333333334,158.0
2026-06-13 20:00:00,2026-06-13,20,5,6,261,279.0,222.0,23.0,174.75,158.63690476190476
2026-06-13 21:00:00,2026-06-13,21,5,6,147,261.0,164.0,54.0,176.375,160.05357142857142
2026-06-13 22:00:00,2026-06-13,22,5,6,104,147.0,118.0,66.0,175.66666666666666,160.60714285714286
2026-06-13 23:00:00,2026-06-13,23,5,6,136,104.0,186.0,80.0,175.08333333333334,160.83333333333334
2026-06-14 00:00:00,2026-06-14,0,6,6,183,136.0,87.0,57.0,173.0,161.16666666666666
2026-06-14 01:00:00,2026-06-14,1,6,6,135,183.0,58.0,46.0,177.0,161.91666666666666
2026-06-14 02:00:00,2026-06-14,2,6,6,166,135.0,60.0,55.0,180.20833333333334,162.44642857142858
2026-06-14 03:00:00,2026-06-14,3,6,6,72,166.0,26.0,39.0,184.625,163.10714285714286
2026-06-14 04:00:00,2026-06-14,4,6,6,22,72.0,12.0,13.0,186.54166666666666,163.30357142857142
2026-06-14 05:00:00,2026-06-14,5,6,6,20,22.0,23.0,21.0,186.95833333333334,163.35714285714286
2026-06-14 06:00:00,2026-06-14,6,6,6,23,20.0,37.0,31.0,186.83333333333334,163.35119047619048
2026-06-14 07:00:00,2026-06-14,7,6,6,58,23.0,77.0,84.0,186.25,163.30357142857142
2026-06-14 08:00:00,2026-06-14,8,6,6,85,58.0,162.0,105.0,185.45833333333334,163.14880952380952
2026-06-14 09:00:00,2026-06-14,9,6,6,142,85.0,189.0,172.0,182.25,163.0297619047619
2026-06-14 10:00:00,2026-06-14,10,6,6,168,142.0,243.0,264.0,180.29166666666666,162.85119047619048
2026-06-14 11:00:00,2026-06-14,11,6,6,227,168.0,269.0,262.0,177.16666666666666,162.2797619047619
2026-06-14 12:00:00,2026-06-14,12,6,6,274,227.0,279.0,274.0,175.41666666666666,162.07142857142858
2026-06-14 13:00:00,2026-06-14,13,6,6,234,274.0,289.0,313.0,175.20833333333334,162.07142857142858
2026-06-14 14:00:00,2026-06-14,14,6,6,228,234.0,283.0,267.0,172.91666666666666,161.60119047619048
2026-06-14 15:00:00,2026-06-14,15,6,6,227,228.0,296.0,244.0,170.625,161.36904761904762
2026-06-14 16:00:00,2026-06-14,16,6,6,230,227.0,270.0,245.0,167.75,161.26785714285714
2026-06-14 17:00:00,2026-06-14,17,6,6,277,230.0,291.0,239.0,166.08333333333334,161.17857142857142
2026-06-14 18:00:00,2026-06-14,18,6,6,248,277.0,274.0,229.0,165.5,161.4047619047619
2026-06-14 19:00:00,2026-06-14,19,6,6,198,248.0,279.0,216.0,164.41666666666666,161.51785714285714
2026-06-14 20:00:00,2026-06-14,20,6,6,194,198.0,261.0,183.0,161.04166666666666,161.41071428571428
2026-06-14 21:00:00,2026-06-14,21,6,6,107,194.0,147.0,105.0,158.25,161.47619047619048
2026-06-14 22:00:00,2026-06-14,22,6,6,88,107.0,104.0,66.0,156.58333333333334,161.48809523809524
2026-06-14 23:00:00,2026-06-14,23,6,6,24,88.0,136.0,50.0,155.91666666666666,161.61904761904762
2026-06-15 00:00:00,2026-06-15,0,0,6,10,24.0,183.0,22.0,151.25,161.46428571428572
2026-06-15 01:00:00,2026-06-15,1,0,6,15,10.0,135.0,14.0,144.04166666666666,161.39285714285714
2026-06-15 02:00:00,2026-06-15,2,0,6,11,15.0,166.0,8.0,139.04166666666666,161.39880952380952
2026-06-15 03:00:00,2026-06-15,3,0,6,3,11.0,72.0,3.0,132.58333333333334,161.41666666666666
2026-06-15 04:00:00,2026-06-15,4,0,6,16,3.0,22.0,13.0,129.70833333333334,161.41666666666666
2026-06-15 05:00:00,2026-06-15,5,0,6,47,16.0,20.0,52.0,129.45833333333334,161.4345238095238
2026-06-15 06:00:00,2026-06-15,6,0,6,127,47.0,23.0,137.0,130.58333333333334,161.4047619047619
2026-06-15 07:00:00,2026-06-15,7,0,6,207,127.0,58.0,219.0,134.91666666666666,161.3452380952381
2026-06-15 08:00:00,2026-06-15,8,0,6,247,207.0,85.0,267.0,141.125,161.27380952380952
2026-06-15 09:00:00,2026-06-15,9,0,6,135,247.0,142.0,146.0,147.875,161.1547619047619
2026-06-15 10:00:00,2026-06-15,10,0,6,121,135.0,168.0,97.0,147.58333333333334,161.08928571428572
2026-06-15 11:00:00,2026-06-15,11,0,6,115,121.0,227.0,138.0,145.625,161.23214285714286
2026-06-15 12:00:00,2026-06-15,12,0,6,126,115.0,274.0,143.0,140.95833333333334,161.0952380952381
2026-06-15 13:00:00,2026-06-15,13,0,6,133,126.0,234.0,135.0,134.79166666666666,160.99404761904762
2026-06-15 14:00:00,2026-06-15,14,0,6,156,133.0,228.0,162.0,130.58333333333334,160.98214285714286
2026-06-15 15:00:00,2026-06-15,15,0,6,192,156.0,227.0,199.0,127.58333333333333,160.94642857142858
2026-06-15 16:00:00,2026-06-15,16,0,6,257,192.0,230.0,302.0,126.125,160.9047619047619
2026-06-15 17:00:00,2026-06-15,17,0,6,412,257.0,277.0,433.0,127.25,160.63690476190476
2026-06-15 18:00:00,2026-06-15,18,0,6,439,412.0,248.0,410.0,132.875,160.51190476190476
2026-06-15 19:00:00,2026-06-15,19,0,6,305,439.0,198.0,317.0,140.83333333333334,160.6845238095238
2026-06-15 20:00:00,2026-06-15,20,0,6,200,305.0,194.0,242.0,145.29166666666666,160.61309523809524
2026-06-15 21:00:00,2026-06-15,21,0,6,118,200.0,107.0,124.0,145.54166666666666,160.36309523809524
2026-06-15 22:00:00,2026-06-15,22,0,6,88,118.0,88.0,76.0,146.0,160.32738095238096
2026-06-15 23:00:00,2026-06-15,23,0,6,52,88.0,24.0,164.0,146.0,160.39880952380952
2026-06-16 00:00:00,2026-06-16,0,1,6,37,52.0,10.0,85.0,147.16666666666666,159.73214285714286
2026-06-16 01:00:00,2026-06-16,1,1,6,10,37.0,15.0,17.0,148.29166666666666,159.44642857142858
2026-06-16 02:00:00,2026-06-16,2,1,6,5,10.0,11.0,10.0,148.08333333333334,159.4047619047619
2026-06-16 03:00:00,2026-06-16,3,1,6,2,5.0,3.0,2.0,147.83333333333334,159.375
2026-06-16 04:00:00,2026-06-16,4,1,6,17,2.0,16.0,13.0,147.79166666666666,159.375
2026-06-16 05:00:00,2026-06-16,5,1,6,60,17.0,47.0,46.0,147.83333333333334,159.39880952380952
2026-06-16 06:00:00,2026-06-16,6,1,6,155,60.0,127.0,157.0,148.375,159.48214285714286
2026-06-16 07:00:00,2026-06-16,7,1,6,268,155.0,207.0,260.0,149.54166666666666,159.4702380952381
2026-06-16 08:00:00,2026-06-16,8,1,6,301,268.0,247.0,280.0,152.08333333333334,159.51785714285714
2026-06-16 09:00:00,2026-06-16,9,1,6,173,301.0,135.0,154.0,154.33333333333334,159.64285714285714
2026-06-16 10:00:00,2026-06-16,10,1,6,153,173.0,121.0,113.0,155.91666666666666,159.75595238095238
2026-06-16 11:00:00,2026-06-16,11,1,6,136,153.0,115.0,119.0,157.25,159.99404761904762
2026-06-16 12:00:00,2026-06-16,12,1,6,214,136.0,126.0,134.0,158.125,160.0952380952381
2026-06-16 13:00:00,2026-06-16,13,1,6,147,214.0,133.0,150.0,161.79166666666666,160.57142857142858
2026-06-16 14:00:00,2026-06-16,14,1,6,169,147.0,156.0,142.0,162.375,160.55357142857142
2026-06-16 15:00:00,2026-06-16,15,1,6,203,169.0,192.0,194.0,162.91666666666666,160.71428571428572
2026-06-16 16:00:00,2026-06-16,16,1,6,258,203.0,257.0,274.0,163.375,160.76785714285714
2026-06-16 17:00:00,2026-06-16,17,1,6,464,258.0,412.0,416.0,163.41666666666666,160.67261904761904
2026-06-16 18:00:00,2026-06-16,18,1,6,429,464.0,439.0,432.0,165.58333333333334,160.95833333333334
2026-06-16 19:00:00,2026-06-16,19,1,6,363,429.0,305.0,286.0,165.16666666666666,160.9404761904762
2026-06-16 20:00:00,2026-06-16,20,1,6,258,363.0,200.0,199.0,167.58333333333334,161.39880952380952
2026-06-16 21:00:00,2026-06-16,21,1,6,144,258.0,118.0,166.0,170.0,161.75
2026-06-16 22:00:00,2026-06-16,22,1,6,100,144.0,88.0,119.0,171.08333333333334,161.61904761904762
2026-06-16 23:00:00,2026-06-16,23,1,6,56,100.0,52.0,33.0,171.58333333333334,161.50595238095238
2026-06-17 00:00:00,2026-06-17,0,2,6,28,56.0,37.0,25.0,171.75,161.64285714285714
2026-06-17 01:00:00,2026-06-17,1,2,6,23,28.0,10.0,11.0,171.375,161.66071428571428
2026-06-17 02:00:00,2026-06-17,2,2,6,7,23.0,5.0,7.0,171.91666666666666,161.73214285714286
2026-06-17 03:00:00,2026-06-17,3,2,6,3,7.0,2.0,4.0,172.0,161.73214285714286
2026-06-17 04:00:00,2026-06-17,4,2,6,14,3.0,17.0,20.0,172.04166666666666,161.72619047619048
2026-06-17 05:00:00,2026-06-17,5,2,6,54,14.0,60.0,46.0,171.91666666666666,161.6904761904762
2026-06-17 06:00:00,2026-06-17,6,2,6,174,54.0,155.0,132.0,171.66666666666666,161.73809523809524
2026-06-17 07:00:00,2026-06-17,7,2,6,254,174.0,268.0,262.0,172.45833333333334,161.98809523809524
2026-06-17 08:00:00,2026-06-17,8,2,6,358,254.0,301.0,350.0,171.875,161.9404761904762
2026-06-17 09:00:00,2026-06-17,9,2,6,157,358.0,173.0,161.0,174.25,161.98809523809524
2026-06-17 10:00:00,2026-06-17,10,2,6,132,157.0,153.0,126.0,173.58333333333334,161.96428571428572
2026-06-17 11:00:00,2026-06-17,11,2,6,132,132.0,136.0,123.0,172.70833333333334,162.0
2026-06-17 12:00:00,2026-06-17,12,2,6,159,132.0,214.0,145.0,172.54166666666666,162.05357142857142
2026-06-17 13:00:00,2026-06-17,13,2,6,141,159.0,147.0,149.0,170.25,162.13690476190476
2026-06-17 14:00:00,2026-06-17,14,2,6,127,141.0,169.0,161.0,170.0,162.08928571428572
2026-06-17 15:00:00,2026-06-17,15,2,6,200,127.0,203.0,204.0,168.25,161.88690476190476
2026-06-17 16:00:00,2026-06-17,16,2,6,254,200.0,258.0,247.0,168.125,161.86309523809524
2026-06-17 17:00:00,2026-06-17,17,2,6,403,254.0,464.0,441.0,167.95833333333334,161.9047619047619
2026-06-17 18:00:00,2026-06-17,18,2,6,417,403.0,429.0,423.0,165.41666666666666,161.67857142857142
2026-06-17 19:00:00,2026-06-17,19,2,6,293,417.0,363.0,343.0,164.91666666666666,161.64285714285714
2026-06-17 20:00:00,2026-06-17,20,2,6,207,293.0,258.0,264.0,162.0,161.3452380952381
2026-06-17 21:00:00,2026-06-17,21,2,6,173,207.0,144.0,115.0,159.875,161.00595238095238
2026-06-17 22:00:00,2026-06-17,22,2,6,102,173.0,100.0,133.0,161.08333333333334,161.35119047619048
2026-06-17 23:00:00,2026-06-17,23,2,6,53,102.0,56.0,86.0,161.16666666666666,161.16666666666666
2026-06-18 00:00:00,2026-06-18,0,3,6,37,53.0,28.0,86.0,161.04166666666666,160.9702380952381
2026-06-18 01:00:00,2026-06-18,1,3,6,13,37.0,23.0,28.0,161.41666666666666,160.67857142857142
2026-06-18 02:00:00,2026-06-18,2,3,6,7,13.0,7.0,20.0,161.0,160.58928571428572
2026-06-18 03:00:00,2026-06-18,3,3,6,5,7.0,3.0,9.0,161.0,160.51190476190476
2026-06-18 04:00:00,2026-06-18,4,3,6,19,5.0,14.0,18.0,161.08333333333334,160.48809523809524
2026-06-18 05:00:00,2026-06-18,5,3,6,72,19.0,54.0,43.0,161.29166666666666,160.49404761904762
2026-06-18 06:00:00,2026-06-18,6,3,6,187,72.0,174.0,129.0,162.04166666666666,160.66666666666666
2026-06-18 07:00:00,2026-06-18,7,3,6,236,187.0,254.0,269.0,162.58333333333334,161.01190476190476
2026-06-18 08:00:00,2026-06-18,8,3,6,312,236.0,358.0,329.0,161.83333333333334,160.8154761904762
2026-06-18 09:00:00,2026-06-18,9,3,6,168,312.0,157.0,153.0,159.91666666666666,160.71428571428572
2026-06-18 10:00:00,2026-06-18,10,3,6,109,168.0,132.0,129.0,160.375,160.80357142857142
2026-06-18 11:00:00,2026-06-18,11,3,6,153,109.0,132.0,136.0,159.41666666666666,160.6845238095238
2026-06-18 12:00:00,2026-06-18,12,3,6,214,153.0,159.0,141.0,160.29166666666666,160.78571428571428
2026-06-18 13:00:00,2026-06-18,13,3,6,198,214.0,141.0,143.0,162.58333333333334,161.2202380952381
2026-06-18 14:00:00,2026-06-18,14,3,6,189,198.0,127.0,149.0,164.95833333333334,161.54761904761904
2026-06-18 15:00:00,2026-06-18,15,3,6,227,189.0,200.0,166.0,167.54166666666666,161.78571428571428
2026-06-18 16:00:00,2026-06-18,16,3,6,283,227.0,254.0,258.0,168.66666666666666,162.14880952380952
2026-06-18 17:00:00,2026-06-18,17,3,6,432,283.0,403.0,427.0,169.875,162.29761904761904
2026-06-18 18:00:00,2026-06-18,18,3,6,367,432.0,417.0,407.0,171.08333333333334,162.32738095238096
2026-06-18 19:00:00,2026-06-18,19,3,6,237,367.0,293.0,273.0,169.0,162.08928571428572
2026-06-18 20:00:00,2026-06-18,20,3,6,231,237.0,207.0,212.0,166.66666666666666,161.875
2026-06-18 21:00:00,2026-06-18,21,3,6,195,231.0,173.0,165.0,167.66666666666666,161.98809523809524
2026-06-18 22:00:00,2026-06-18,22,3,6,128,195.0,102.0,117.0,168.58333333333334,162.16666666666666
2026-06-18 23:00:00,2026-06-18,23,3,6,99,128.0,53.0,57.0,169.66666666666666,162.23214285714286
2026-06-19 00:00:00,2026-06-19,0,4,6,60,99.0,37.0,15.0,171.58333333333334,162.48214285714286
2026-06-19 01:00:00,2026-06-19,1,4,6,27,60.0,13.0,16.0,172.54166666666666,162.75
2026-06-19 02:00:00,2026-06-19,2,4,6,24,27.0,7.0,13.0,173.125,162.8154761904762
2026-06-19 03:00:00,2026-06-19,3,4,6,10,24.0,5.0,11.0,173.83333333333334,162.88095238095238
2026-06-19 04:00:00,2026-06-19,4,4,6,14,10.0,19.0,20.0,174.04166666666666,162.875
2026-06-19 05:00:00,2026-06-19,5,4,6,25,14.0,72.0,35.0,173.83333333333334,162.83928571428572
2026-06-19 06:00:00,2026-06-19,6,4,6,70,25.0,187.0,118.0,171.875,162.7797619047619
2026-06-19 07:00:00,2026-06-19,7,4,6,116,70.0,236.0,210.0,167.0,162.49404761904762
2026-06-19 08:00:00,2026-06-19,8,4,6,156,116.0,312.0,234.0,162.0,161.9345238095238
2026-06-19 09:00:00,2026-06-19,9,4,6,167,156.0,168.0,153.0,155.5,161.4702380952381
2026-06-19 10:00:00,2026-06-19,10,4,6,192,167.0,109.0,154.0,155.45833333333334,161.55357142857142
2026-06-19 11:00:00,2026-06-19,11,4,6,258,192.0,153.0,168.0,158.91666666666666,161.7797619047619
2026-06-19 12:00:00,2026-06-19,12,4,6,271,258.0,214.0,173.0,163.29166666666666,162.3154761904762
2026-06-19 13:00:00,2026-06-19,13,4,6,300,271.0,198.0,211.0,165.66666666666666,162.89880952380952
2026-06-19 14:00:00,2026-06-19,14,4,6,393,300.0,189.0,228.0,169.91666666666666,163.42857142857142
2026-06-19 15:00:00,2026-06-19,15,4,6,254,393.0,227.0,266.0,178.41666666666666,164.41071428571428
2026-06-19 16:00:00,2026-06-19,16,4,6,230,254.0,283.0,307.0,179.54166666666666,164.33928571428572
2026-06-19 17:00:00,2026-06-19,17,4,6,370,230.0,432.0,369.0,177.33333333333334,163.88095238095238
2026-06-19 18:00:00,2026-06-19,18,4,6,226,370.0,367.0,329.0,174.75,163.88690476190476
2026-06-19 19:00:00,2026-06-19,19,4,6,216,226.0,237.0,158.0,168.875,163.27380952380952
2026-06-19 20:00:00,2026-06-19,20,4,6,205,216.0,231.0,222.0,168.0,163.61904761904762
2026-06-19 21:00:00,2026-06-19,21,4,6,150,205.0,195.0,164.0,166.91666666666666,163.51785714285714
2026-06-19 22:00:00,2026-06-19,22,4,6,156,150.0,128.0,118.0,165.04166666666666,163.4345238095238
2026-06-19 23:00:00,2026-06-19,23,4,6,107,156.0,99.0,186.0,166.20833333333334,163.66071428571428
2026-06-20 00:00:00,2026-06-20,0,5,6,83,107.0,60.0,87.0,166.54166666666666,163.1904761904762
2026-06-20 01:00:00,2026-06-20,1,5,6,41,83.0,27.0,58.0,167.5,163.16666666666666
2026-06-20 02:00:00,2026-06-20,2,5,6,47,41.0,24.0,60.0,168.08333333333334,163.0654761904762
2026-06-20 03:00:00,2026-06-20,3,5,6,29,47.0,10.0,26.0,169.04166666666666,162.98809523809524
2026-06-20 04:00:00,2026-06-20,4,5,6,14,29.0,14.0,12.0,169.83333333333334,163.00595238095238
2026-06-20 05:00:00,2026-06-20,5,5,6,21,14.0,25.0,23.0,169.83333333333334,163.01785714285714
2026-06-20 06:00:00,2026-06-20,6,5,6,53,21.0,70.0,37.0,169.66666666666666,163.00595238095238
2026-06-20 07:00:00,2026-06-20,7,5,6,59,53.0,116.0,77.0,168.95833333333334,163.10119047619048
2026-06-20 08:00:00,2026-06-20,8,5,6,118,59.0,156.0,162.0,166.58333333333334,162.99404761904762
2026-06-20 09:00:00,2026-06-20,9,5,6,157,118.0,167.0,189.0,165.0,162.73214285714286
2026-06-20 10:00:00,2026-06-20,10,5,6,195,157.0,192.0,243.0,164.58333333333334,162.54166666666666
2026-06-20 11:00:00,2026-06-20,11,5,6,259,195.0,258.0,269.0,164.70833333333334,162.25595238095238
2026-06-20 12:00:00,2026-06-20,12,5,6,246,259.0,271.0,279.0,164.75,162.19642857142858
2026-06-20 13:00:00,2026-06-20,13,5,6,186,246.0,300.0,289.0,163.70833333333334,162.0
2026-06-20 14:00:00,2026-06-20,14,5,6,247,186.0,393.0,283.0,158.95833333333334,161.38690476190476
2026-06-20 15:00:00,2026-06-20,15,5,6,237,247.0,254.0,296.0,152.875,161.17261904761904
2026-06-20 16:00:00,2026-06-20,16,5,6,205,237.0,230.0,270.0,152.16666666666666,160.82142857142858
2026-06-20 17:00:00,2026-06-20,17,5,6,233,205.0,370.0,291.0,151.125,160.4345238095238
2026-06-20 18:00:00,2026-06-20,18,5,6,224,233.0,226.0,274.0,145.41666666666666,160.08928571428572
2026-06-20 19:00:00,2026-06-20,19,5,6,190,224.0,216.0,279.0,145.33333333333334,159.79166666666666
2026-06-20 20:00:00,2026-06-20,20,5,6,161,190.0,205.0,261.0,144.25,159.26190476190476
2026-06-20 21:00:00,2026-06-20,21,5,6,148,161.0,150.0,147.0,142.41666666666666,158.66666666666666
2026-06-20 22:00:00,2026-06-20,22,5,6,121,148.0,156.0,104.0,142.33333333333334,158.67261904761904
2026-06-20 23:00:00,2026-06-20,23,5,6,91,121.0,107.0,136.0,140.875,158.77380952380952
2026-06-21 00:00:00,2026-06-21,0,6,6,76,91.0,83.0,183.0,140.20833333333334,158.50595238095238
2026-06-21 01:00:00,2026-06-21,1,6,6,63,76.0,41.0,135.0,139.91666666666666,157.86904761904762
2026-06-21 02:00:00,2026-06-21,2,6,6,28,63.0,47.0,166.0,140.83333333333334,157.4404761904762
2026-06-21 03:00:00,2026-06-21,3,6,6,28,28.0,29.0,72.0,140.04166666666666,156.61904761904762
2026-06-21 04:00:00,2026-06-21,4,6,6,17,28.0,14.0,22.0,140.0,156.35714285714286
2026-06-21 05:00:00,2026-06-21,5,6,6,17,17.0,21.0,20.0,140.125,156.32738095238096
2026-06-21 06:00:00,2026-06-21,6,6,6,30,17.0,53.0,23.0,139.95833333333334,156.3095238095238
2026-06-21 07:00:00,2026-06-21,7,6,6,60,30.0,59.0,58.0,139.0,156.35119047619048
2026-06-21 08:00:00,2026-06-21,8,6,6,82,60.0,118.0,85.0,139.04166666666666,156.36309523809524
2026-06-21 09:00:00,2026-06-21,9,6,6,138,82.0,157.0,142.0,137.54166666666666,156.3452380952381
2026-06-21 10:00:00,2026-06-21,10,6,6,198,138.0,195.0,168.0,136.75,156.32142857142858
2026-06-21 11:00:00,2026-06-21,11,6,6,255,198.0,259.0,227.0,136.875,156.5
2026-06-21 12:00:00,2026-06-21,12,6,6,217,255.0,246.0,274.0,136.70833333333334,156.66666666666666
2026-06-21 13:00:00,2026-06-21,13,6,6,182,217.0,186.0,234.0,135.5,156.32738095238096
2026-06-21 14:00:00,2026-06-21,14,6,6,210,182.0,247.0,228.0,135.33333333333334,156.01785714285714
2026-06-21 15:00:00,2026-06-21,15,6,6,218,210.0,237.0,227.0,133.79166666666666,155.91071428571428
2026-06-21 16:00:00,2026-06-21,16,6,6,213,218.0,205.0,230.0,133.0,155.85714285714286
2026-06-21 17:00:00,2026-06-21,17,6,6,233,213.0,233.0,277.0,133.33333333333334,155.75595238095238
2026-06-21 18:00:00,2026-06-21,18,6,6,214,233.0,224.0,248.0,133.33333333333334,155.49404761904762
2026-06-21 19:00:00,2026-06-21,19,6,6,192,214.0,190.0,198.0,132.91666666666666,155.29166666666666
2026-06-21 20:00:00,2026-06-21,20,6,6,167,192.0,161.0,194.0,133.0,155.25595238095238
2026-06-21 21:00:00,2026-06-21,21,6,6,106,167.0,148.0,107.0,133.25,155.0952380952381
2026-06-21 22:00:00,2026-06-21,22,6,6,83,106.0,121.0,88.0,131.5,155.08928571428572
2026-06-21 23:00:00,2026-06-21,23,6,6,49,83.0,91.0,24.0,129.91666666666666,155.0595238095238
2026-06-22 00:00:00,2026-06-22,0,0,6,27,49.0,76.0,10.0,128.16666666666666,155.20833333333334
2026-06-22 01:00:00,2026-06-22,1,0,6,21,27.0,63.0,15.0,126.125,155.3095238095238
2026-06-22 02:00:00,2026-06-22,2,0,6,10,21.0,28.0,11.0,124.375,155.3452380952381
2026-06-22 03:00:00,2026-06-22,3,0,6,14,10.0,28.0,3.0,123.625,155.33928571428572
2026-06-22 04:00:00,2026-06-22,4,0,6,18,14.0,17.0,16.0,123.04166666666667,155.4047619047619
2026-06-22 05:00:00,2026-06-22,5,0,6,44,18.0,17.0,47.0,123.08333333333333,155.41666666666666
2026-06-22 06:00:00,2026-06-22,6,0,6,119,44.0,30.0,127.0,124.20833333333333,155.39880952380952
2026-06-22 07:00:00,2026-06-22,7,0,6,205,119.0,60.0,207.0,127.91666666666667,155.35119047619048
2026-06-22 08:00:00,2026-06-22,8,0,6,232,205.0,82.0,247.0,133.95833333333334,155.33928571428572
2026-06-22 09:00:00,2026-06-22,9,0,6,111,232.0,138.0,135.0,140.20833333333334,155.25
2026-06-22 10:00:00,2026-06-22,10,0,6,106,111.0,198.0,121.0,139.08333333333334,155.10714285714286
2026-06-22 11:00:00,2026-06-22,11,0,6,125,106.0,255.0,115.0,135.25,155.01785714285714
2026-06-22 12:00:00,2026-06-22,12,0,6,146,125.0,217.0,126.0,129.83333333333334,155.07738095238096
2026-06-22 13:00:00,2026-06-22,13,0,6,136,146.0,182.0,133.0,126.875,155.19642857142858
2026-06-22 14:00:00,2026-06-22,14,0,6,128,136.0,210.0,156.0,124.95833333333333,155.21428571428572
2026-06-22 15:00:00,2026-06-22,15,0,6,106,128.0,218.0,192.0,121.54166666666667,155.04761904761904
2026-06-22 16:00:00,2026-06-22,16,0,6,59,106.0,213.0,257.0,116.875,154.53571428571428
2026-06-22 17:00:00,2026-06-22,17,0,6,146,59.0,233.0,412.0,110.45833333333333,153.35714285714286
2026-06-22 18:00:00,2026-06-22,18,0,6,128,146.0,214.0,439.0,106.83333333333333,151.77380952380952
2026-06-22 19:00:00,2026-06-22,19,0,6,109,128.0,192.0,305.0,103.25,149.92261904761904
2026-06-22 20:00:00,2026-06-22,20,0,6,93,109.0,167.0,200.0,99.79166666666667,148.75595238095238
2026-06-22 21:00:00,2026-06-22,21,0,6,64,93.0,106.0,118.0,96.70833333333333,148.11904761904762
2026-06-22 22:00:00,2026-06-22,22,0,6,28,64.0,83.0,88.0,94.95833333333333,147.79761904761904
2026-06-22 23:00:00,2026-06-22,23,0,6,33,28.0,49.0,52.0,92.66666666666667,147.4404761904762
2026-06-23 00:00:00,2026-06-23,0,1,6,14,33.0,27.0,37.0,92.0,147.32738095238096
2026-06-23 01:00:00,2026-06-23,1,1,6,7,14.0,21.0,10.0,91.45833333333333,147.1904761904762
2026-06-23 02:00:00,2026-06-23,2,1,6,2,7.0,10.0,5.0,90.875,147.17261904761904
2026-06-23 03:00:00,2026-06-23,3,1,6,9,2.0,14.0,2.0,90.54166666666667,147.1547619047619
2026-06-23 04:00:00,2026-06-23,4,1,6,16,9.0,18.0,17.0,90.33333333333333,147.19642857142858
2026-06-23 05:00:00,2026-06-23,5,1,6,38,16.0,44.0,60.0,90.25,147.1904761904762
2026-06-23 06:00:00,2026-06-23,6,1,6,130,38.0,119.0,155.0,90.0,147.0595238095238
2026-06-23 07:00:00,2026-06-23,7,1,6,197,130.0,205.0,268.0,90.45833333333333,146.91071428571428
2026-06-23 08:00:00,2026-06-23,8,1,6,238,197.0,232.0,301.0,90.125,146.48809523809524
2026-06-23 09:00:00,2026-06-23,9,1,6,104,238.0,111.0,173.0,90.375,146.11309523809524
2026-06-23 10:00:00,2026-06-23,10,1,6,95,104.0,106.0,153.0,90.08333333333333,145.70238095238096
2026-06-23 11:00:00,2026-06-23,11,1,6,96,95.0,125.0,136.0,89.625,145.35714285714286
2026-06-23 12:00:00,2026-06-23,12,1,6,108,96.0,146.0,214.0,88.41666666666667,145.11904761904762
2026-06-23 13:00:00,2026-06-23,13,1,6,100,108.0,136.0,147.0,86.83333333333333,144.48809523809524
2026-06-23 14:00:00,2026-06-23,14,1,6,99,100.0,128.0,169.0,85.33333333333333,144.20833333333334
2026-06-23 15:00:00,2026-06-23,15,1,6,141,99.0,106.0,203.0,84.125,143.79166666666666
2026-06-23 16:00:00,2026-06-23,16,1,6,213,141.0,59.0,258.0,85.58333333333333,143.42261904761904
2026-06-23 17:00:00,2026-06-23,17,1,6,189,213.0,146.0,464.0,92.0,143.1547619047619
2026-06-23 18:00:00,2026-06-23,18,1,6,260,189.0,128.0,429.0,93.79166666666667,141.51785714285714
2026-06-23 19:00:00,2026-06-23,19,1,6,235,260.0,109.0,363.0,99.29166666666667,140.51190476190476
2026-06-23 20:00:00,2026-06-23,20,1,6,204,235.0,93.0,258.0,104.54166666666667,139.75
2026-06-23 21:00:00,2026-06-23,21,1,6,145,204.0,64.0,144.0,109.16666666666667,139.42857142857142
2026-06-23 22:00:00,2026-06-23,22,1,6,99,145.0,28.0,100.0,112.54166666666667,139.4345238095238
2026-06-23 23:00:00,2026-06-23,23,1,6,42,99.0,33.0,56.0,115.5,139.42857142857142
2026-06-24 00:00:00,2026-06-24,0,2,6,30,42.0,14.0,28.0,115.875,139.3452380952381
2026-06-24 01:00:00,2026-06-24,1,2,6,11,30.0,7.0,23.0,116.54166666666667,139.35714285714286
2026-06-24 02:00:00,2026-06-24,2,2,6,10,11.0,2.0,7.0,116.70833333333333,139.28571428571428
2026-06-24 03:00:00,2026-06-24,3,2,6,2,10.0,9.0,3.0,117.04166666666667,139.30357142857142
2026-06-24 04:00:00,2026-06-24,4,2,6,11,2.0,16.0,14.0,116.75,139.29761904761904
2026-06-24 05:00:00,2026-06-24,5,2,6,52,11.0,38.0,54.0,116.54166666666667,139.2797619047619
2026-06-24 06:00:00,2026-06-24,6,2,6,130,52.0,130.0,174.0,117.125,139.26785714285714
2026-06-24 07:00:00,2026-06-24,7,2,6,247,130.0,197.0,254.0,117.125,139.00595238095238
2026-06-24 08:00:00,2026-06-24,8,2,6,311,247.0,238.0,358.0,119.20833333333333,138.96428571428572
2026-06-24 09:00:00,2026-06-24,9,2,6,144,311.0,104.0,157.0,122.25,138.6845238095238
2026-06-24 10:00:00,2026-06-24,10,2,6,121,144.0,95.0,132.0,123.91666666666667,138.60714285714286
2026-06-24 11:00:00,2026-06-24,11,2,6,142,121.0,96.0,132.0,125.0,138.54166666666666
2026-06-24 12:00:00,2026-06-24,12,2,6,195,142.0,108.0,159.0,126.91666666666667,138.60119047619048
2026-06-24 13:00:00,2026-06-24,13,2,6,160,195.0,100.0,141.0,130.54166666666666,138.8154761904762
2026-06-24 14:00:00,2026-06-24,14,2,6,136,160.0,99.0,127.0,133.04166666666666,138.92857142857142
2026-06-24 15:00:00,2026-06-24,15,2,6,169,136.0,141.0,200.0,134.58333333333334,138.98214285714286
2026-06-24 16:00:00,2026-06-24,16,2,6,265,169.0,213.0,254.0,135.75,138.79761904761904
2026-06-24 17:00:00,2026-06-24,17,2,6,438,265.0,189.0,403.0,137.91666666666666,138.86309523809524
2026-06-24 18:00:00,2026-06-24,18,2,6,413,438.0,260.0,417.0,148.29166666666666,139.07142857142858
2026-06-24 19:00:00,2026-06-24,19,2,6,323,413.0,235.0,293.0,154.66666666666666,139.04761904761904
2026-06-24 20:00:00,2026-06-24,20,2,6,226,323.0,204.0,207.0,158.33333333333334,139.22619047619048
2026-06-24 21:00:00,2026-06-24,21,2,6,209,226.0,145.0,173.0,159.25,139.33928571428572
2026-06-24 22:00:00,2026-06-24,22,2,6,173,209.0,99.0,102.0,161.91666666666666,139.55357142857142
2026-06-24 23:00:00,2026-06-24,23,2,6,74,173.0,42.0,53.0,165.0,139.97619047619048
2026-06-25 00:00:00,2026-06-25,0,3,6,37,74.0,30.0,37.0,166.33333333333334,140.10119047619048
2026-06-25 01:00:00,2026-06-25,1,3,6,13,37.0,11.0,13.0,166.625,140.10119047619048
2026-06-25 02:00:00,2026-06-25,2,3,6,11,13.0,10.0,7.0,166.70833333333334,140.10119047619048
2026-06-25 03:00:00,2026-06-25,3,3,6,8,11.0,2.0,5.0,166.75,140.125
2026-06-25 04:00:00,2026-06-25,4,3,6,18,8.0,11.0,19.0,167.0,140.14285714285714
2026-06-25 05:00:00,2026-06-25,5,3,6,46,18.0,52.0,72.0,167.29166666666666,140.13690476190476
2026-06-25 06:00:00,2026-06-25,6,3,6,131,46.0,130.0,187.0,167.04166666666666,139.98214285714286
2026-06-25 07:00:00,2026-06-25,7,3,6,236,131.0,247.0,236.0,167.08333333333334,139.64880952380952
2026-06-25 08:00:00,2026-06-25,8,3,6,259,236.0,311.0,312.0,166.625,139.64880952380952
2026-06-25 09:00:00,2026-06-25,9,3,6,164,259.0,144.0,168.0,164.45833333333334,139.33333333333334
2026-06-25 10:00:00,2026-06-25,10,3,6,126,164.0,121.0,109.0,165.29166666666666,139.3095238095238
2026-06-25 11:00:00,2026-06-25,11,3,6,163,126.0,142.0,153.0,165.5,139.41071428571428
2026-06-25 12:00:00,2026-06-25,12,3,6,171,163.0,195.0,214.0,166.375,139.4702380952381
2026-06-25 13:00:00,2026-06-25,13,3,6,195,171.0,160.0,198.0,165.375,139.21428571428572
2026-06-25 14:00:00,2026-06-25,14,3,6,179,195.0,136.0,189.0,166.83333333333334,139.19642857142858
2026-06-25 15:00:00,2026-06-25,15,3,6,169,179.0,169.0,227.0,168.625,139.13690476190476
2026-06-25 16:00:00,2026-06-25,16,3,6,257,169.0,265.0,283.0,168.625,138.79166666666666
2026-06-25 17:00:00,2026-06-25,17,3,6,419,257.0,438.0,432.0,168.29166666666666,138.63690476190476
2026-06-25 18:00:00,2026-06-25,18,3,6,370,419.0,413.0,367.0,167.5,138.5595238095238
2026-06-25 19:00:00,2026-06-25,19,3,6,312,370.0,323.0,237.0,165.70833333333334,138.57738095238096
2026-06-25 20:00:00,2026-06-25,20,3,6,245,312.0,226.0,231.0,165.25,139.02380952380952
2026-06-25 21:00:00,2026-06-25,21,3,6,220,245.0,209.0,195.0,166.04166666666666,139.10714285714286
2026-06-25 22:00:00,2026-06-25,22,3,6,129,220.0,173.0,128.0,166.5,139.25595238095238
2026-06-25 23:00:00,2026-06-25,23,3,6,91,129.0,74.0,99.0,164.66666666666666,139.26190476190476
2026-06-26 00:00:00,2026-06-26,0,4,6,95,91.0,37.0,60.0,165.375,139.21428571428572
2026-06-26 01:00:00,2026-06-26,1,4,6,21,95.0,13.0,27.0,167.79166666666666,139.42261904761904
2026-06-26 02:00:00,2026-06-26,2,4,6,22,21.0,11.0,24.0,168.125,139.38690476190476
2026-06-26 03:00:00,2026-06-26,3,4,6,6,22.0,8.0,10.0,168.58333333333334,139.375
2026-06-26 04:00:00,2026-06-26,4,4,6,4,6.0,18.0,14.0,168.5,139.35119047619048
2026-06-26 05:00:00,2026-06-26,5,4,6,40,4.0,46.0,25.0,167.91666666666666,139.29166666666666
2026-06-26 06:00:00,2026-06-26,6,4,6,106,40.0,131.0,70.0,167.66666666666666,139.38095238095238
2026-06-26 07:00:00,2026-06-26,7,4,6,169,106.0,236.0,116.0,166.625,139.5952380952381
2026-06-26 08:00:00,2026-06-26,8,4,6,248,169.0,259.0,156.0,163.83333333333334,139.91071428571428
2026-06-26 09:00:00,2026-06-26,9,4,6,168,248.0,164.0,167.0,163.375,140.45833333333334
2026-06-26 10:00:00,2026-06-26,10,4,6,144,168.0,126.0,192.0,163.54166666666666,140.46428571428572
2026-06-26 11:00:00,2026-06-26,11,4,6,152,144.0,163.0,258.0,164.29166666666666,140.17857142857142
2026-06-26 12:00:00,2026-06-26,12,4,6,174,152.0,171.0,271.0,163.83333333333334,139.54761904761904
2026-06-26 13:00:00,2026-06-26,13,4,6,229,174.0,195.0,300.0,163.95833333333334,138.9702380952381
2026-06-26 14:00:00,2026-06-26,14,4,6,247,229.0,179.0,393.0,165.375,138.54761904761904
2026-06-26 15:00:00,2026-06-26,15,4,6,230,247.0,169.0,254.0,168.20833333333334,137.67857142857142
2026-06-26 16:00:00,2026-06-26,16,4,6,295,230.0,257.0,230.0,170.75,137.53571428571428
2026-06-26 17:00:00,2026-06-26,17,4,6,388,295.0,419.0,370.0,172.33333333333334,137.92261904761904
2026-06-26 18:00:00,2026-06-26,18,4,6,328,388.0,370.0,226.0,171.04166666666666,138.0297619047619
2026-06-26 19:00:00,2026-06-26,19,4,6,261,328.0,312.0,216.0,169.29166666666666,138.63690476190476
2026-06-26 20:00:00,2026-06-26,20,4,6,217,261.0,245.0,205.0,167.16666666666666,138.9047619047619
2026-06-26 21:00:00,2026-06-26,21,4,6,181,217.0,220.0,150.0,166.0,138.97619047619048
2026-06-26 22:00:00,2026-06-26,22,4,6,172,181.0,129.0,156.0,164.375,139.16071428571428
2026-06-26 23:00:00,2026-06-26,23,4,6,116,172.0,91.0,107.0,166.16666666666666,139.25595238095238
2026-06-27 00:00:00,2026-06-27,0,5,6,82,116.0,95.0,83.0,167.20833333333334,139.3095238095238
2026-06-27 01:00:00,2026-06-27,1,5,6,67,82.0,21.0,41.0,166.66666666666666,139.30357142857142
2026-06-27 02:00:00,2026-06-27,2,5,6,25,67.0,22.0,47.0,168.58333333333334,139.45833333333334
2026-06-27 03:00:00,2026-06-27,3,5,6,25,25.0,6.0,29.0,168.70833333333334,139.32738095238096
2026-06-27 04:00:00,2026-06-27,4,5,6,12,25.0,4.0,14.0,169.5,139.30357142857142
2026-06-27 05:00:00,2026-06-27,5,5,6,22,12.0,40.0,21.0,169.83333333333334,139.29166666666666
2026-06-27 06:00:00,2026-06-27,6,5,6,50,22.0,106.0,53.0,169.08333333333334,139.29761904761904
2026-06-27 07:00:00,2026-06-27,7,5,6,64,50.0,169.0,59.0,166.75,139.2797619047619
2026-06-27 08:00:00,2026-06-27,8,5,6,138,64.0,248.0,118.0,162.375,139.3095238095238
2026-06-27 09:00:00,2026-06-27,9,5,6,162,138.0,168.0,157.0,157.79166666666666,139.42857142857142
2026-06-27 10:00:00,2026-06-27,10,5,6,204,162.0,144.0,195.0,157.54166666666666,139.45833333333334
2026-06-27 11:00:00,2026-06-27,11,5,6,260,204.0,152.0,259.0,160.04166666666666,139.51190476190476
2026-06-27 12:00:00,2026-06-27,12,5,6,198,260.0,174.0,246.0,164.54166666666666,139.51785714285714
2026-06-27 13:00:00,2026-06-27,13,5,6,200,198.0,229.0,186.0,165.54166666666666,139.23214285714286
2026-06-27 14:00:00,2026-06-27,14,5,6,126,200.0,247.0,247.0,164.33333333333334,139.3154761904762
2026-06-27 15:00:00,2026-06-27,15,5,6,123,126.0,230.0,237.0,159.29166666666666,138.5952380952381
2026-06-27 16:00:00,2026-06-27,16,5,6,148,123.0,295.0,205.0,154.83333333333334,137.91666666666666
2026-06-27 17:00:00,2026-06-27,17,5,6,105,148.0,388.0,233.0,148.70833333333334,137.57738095238096
2026-06-27 18:00:00,2026-06-27,18,5,6,170,105.0,328.0,224.0,136.91666666666666,136.8154761904762
2026-06-27 19:00:00,2026-06-27,19,5,6,185,170.0,261.0,190.0,130.33333333333334,136.49404761904762
2026-06-27 20:00:00,2026-06-27,20,5,6,160,185.0,217.0,161.0,127.16666666666667,136.46428571428572
2026-06-27 21:00:00,2026-06-27,21,5,6,115,160.0,181.0,148.0,124.79166666666667,136.45833333333334
2026-06-27 22:00:00,2026-06-27,22,5,6,144,115.0,172.0,121.0,122.04166666666667,136.26190476190476
2026-06-27 23:00:00,2026-06-27,23,5,6,101,144.0,116.0,91.0,120.875,136.39880952380952
2026-06-28 00:00:00,2026-06-28,0,6,6,87,101.0,82.0,76.0,120.25,136.45833333333334
2026-06-28 01:00:00,2026-06-28,1,6,6,70,87.0,67.0,63.0,120.45833333333333,136.52380952380952
2026-06-28 02:00:00,2026-06-28,2,6,6,51,70.0,25.0,28.0,120.58333333333333,136.5654761904762
2026-06-28 03:00:00,2026-06-28,3,6,6,33,51.0,25.0,28.0,121.66666666666667,136.70238095238096
2026-06-28 04:00:00,2026-06-28,4,6,6,17,33.0,12.0,17.0,122.0,136.73214285714286
2026-06-28 05:00:00,2026-06-28,5,6,6,20,17.0,22.0,17.0,122.20833333333333,136.73214285714286
2026-06-28 06:00:00,2026-06-28,6,6,6,32,20.0,50.0,30.0,122.125,136.75
2026-06-28 07:00:00,2026-06-28,7,6,6,55,32.0,64.0,60.0,121.375,136.76190476190476
2026-06-28 08:00:00,2026-06-28,8,6,6,127,55.0,138.0,82.0,121.0,136.73214285714286
2026-06-28 09:00:00,2026-06-28,9,6,6,142,127.0,162.0,138.0,120.54166666666667,137.0
2026-06-28 10:00:00,2026-06-28,10,6,6,205,142.0,204.0,198.0,119.70833333333333,137.02380952380952
2026-06-28 11:00:00,2026-06-28,11,6,6,231,205.0,260.0,255.0,119.75,137.0654761904762
2026-06-28 12:00:00,2026-06-28,12,6,6,289,231.0,198.0,217.0,118.54166666666667,136.92261904761904
2026-06-28 13:00:00,2026-06-28,13,6,6,226,289.0,200.0,182.0,122.33333333333333,137.35119047619048
2026-06-28 14:00:00,2026-06-28,14,6,6,243,226.0,126.0,210.0,123.41666666666667,137.61309523809524
2026-06-28 15:00:00,2026-06-28,15,6,6,235,243.0,123.0,218.0,128.29166666666666,137.8095238095238
2026-06-28 16:00:00,2026-06-28,16,6,6,212,235.0,148.0,213.0,132.95833333333334,137.91071428571428
2026-06-28 17:00:00,2026-06-28,17,6,6,235,212.0,105.0,233.0,135.625,137.9047619047619
2026-06-28 18:00:00,2026-06-28,18,6,6,255,235.0,170.0,214.0,141.04166666666666,137.91666666666666
2026-06-28 19:00:00,2026-06-28,19,6,6,205,255.0,185.0,192.0,144.58333333333334,138.16071428571428
2026-06-28 20:00:00,2026-06-28,20,6,6,198,205.0,160.0,167.0,145.41666666666666,138.23809523809524
2026-06-28 21:00:00,2026-06-28,21,6,6,121,198.0,115.0,106.0,147.0,138.42261904761904
2026-06-28 22:00:00,2026-06-28,22,6,6,83,121.0,144.0,83.0,147.25,138.51190476190476
2026-06-28 23:00:00,2026-06-28,23,6,6,67,83.0,101.0,49.0,144.70833333333334,138.51190476190476
2026-06-29 00:00:00,2026-06-29,0,0,6,32,67.0,87.0,27.0,143.29166666666666,138.61904761904762
2026-06-29 01:00:00,2026-06-29,1,0,6,13,32.0,70.0,21.0,141.0,138.64880952380952
2026-06-29 02:00:00,2026-06-29,2,0,6,8,13.0,51.0,10.0,138.625,138.60119047619048
2026-06-29 03:00:00,2026-06-29,3,0,6,6,8.0,33.0,14.0,136.83333333333334,138.58928571428572
2026-06-29 04:00:00,2026-06-29,4,0,6,15,6.0,17.0,18.0,135.70833333333334,138.54166666666666
2026-06-29 05:00:00,2026-06-29,5,0,6,38,15.0,20.0,44.0,135.625,138.52380952380952
2026-06-29 06:00:00,2026-06-29,6,0,6,112,38.0,32.0,119.0,136.375,138.48809523809524
2026-06-29 07:00:00,2026-06-29,7,0,6,205,112.0,55.0,205.0,139.70833333333334,138.44642857142858
2026-06-29 08:00:00,2026-06-29,8,0,6,229,205.0,127.0,232.0,145.95833333333334,138.44642857142858
2026-06-29 09:00:00,2026-06-29,9,0,6,146,229.0,142.0,111.0,150.20833333333334,138.42857142857142
2026-06-29 10:00:00,2026-06-29,10,0,6,121,146.0,205.0,106.0,150.375,138.63690476190476
2026-06-29 11:00:00,2026-06-29,11,0,6,169,121.0,231.0,125.0,146.875,138.72619047619048
2026-06-29 12:00:00,2026-06-29,12,0,6,153,169.0,289.0,146.0,144.29166666666666,138.98809523809524
2026-06-29 13:00:00,2026-06-29,13,0,6,133,153.0,226.0,136.0,138.625,139.0297619047619
2026-06-29 14:00:00,2026-06-29,14,0,6,160,133.0,243.0,128.0,134.75,139.01190476190476
2026-06-29 15:00:00,2026-06-29,15,0,6,163,160.0,235.0,106.0,131.29166666666666,139.20238095238096
2026-06-29 16:00:00,2026-06-29,16,0,6,282,163.0,212.0,59.0,128.29166666666666,139.54166666666666
2026-06-29 17:00:00,2026-06-29,17,0,6,395,282.0,235.0,146.0,131.20833333333334,140.86904761904762
2026-06-29 18:00:00,2026-06-29,18,0,6,381,395.0,255.0,128.0,137.875,142.35119047619048
2026-06-29 19:00:00,2026-06-29,19,0,6,284,381.0,205.0,109.0,143.125,143.85714285714286
2026-06-29 20:00:00,2026-06-29,20,0,6,253,284.0,198.0,93.0,146.41666666666666,144.89880952380952
2026-06-29 21:00:00,2026-06-29,21,0,6,183,253.0,121.0,64.0,148.70833333333334,145.85119047619048
2026-06-29 22:00:00,2026-06-29,22,0,6,101,183.0,83.0,28.0,151.29166666666666,146.5595238095238
2026-06-29 23:00:00,2026-06-29,23,0,6,72,101.0,67.0,33.0,152.04166666666666,146.99404761904762
2026-06-30 00:00:00,2026-06-30,0,1,6,33,72.0,32.0,14.0,152.25,147.22619047619048
2026-06-30 01:00:00,2026-06-30,1,1,6,15,33.0,13.0,7.0,152.29166666666666,147.33928571428572
2026-06-30 02:00:00,2026-06-30,2,1,6,3,15.0,8.0,2.0,152.375,147.38690476190476
2026-06-30 03:00:00,2026-06-30,3,1,6,2,3.0,6.0,9.0,152.16666666666666,147.39285714285714
2026-06-30 04:00:00,2026-06-30,4,1,6,17,2.0,15.0,16.0,152.0,147.35119047619048
2026-06-30 05:00:00,2026-06-30,5,1,6,38,17.0,38.0,38.0,152.08333333333334,147.35714285714286
2026-06-30 06:00:00,2026-06-30,6,1,6,133,38.0,112.0,130.0,152.08333333333334,147.35714285714286
2026-06-30 07:00:00,2026-06-30,7,1,6,254,133.0,205.0,197.0,152.95833333333334,147.375
2026-06-30 08:00:00,2026-06-30,8,1,6,313,254.0,229.0,238.0,155.0,147.71428571428572
2026-06-30 09:00:00,2026-06-30,9,1,6,160,313.0,146.0,104.0,158.5,148.16071428571428
2026-06-30 10:00:00,2026-06-30,10,1,6,121,160.0,121.0,95.0,159.08333333333334,148.49404761904762
2026-06-30 11:00:00,2026-06-30,11,1,6,130,121.0,169.0,96.0,159.08333333333334,148.64880952380952
2026-06-30 12:00:00,2026-06-30,12,1,6,159,130.0,153.0,108.0,157.45833333333334,148.85119047619048
2026-06-30 13:00:00,2026-06-30,13,1,6,155,159.0,133.0,100.0,157.70833333333334,149.1547619047619
2026-06-30 14:00:00,2026-06-30,14,1,6,166,155.0,160.0,99.0,158.625,149.48214285714286
2026-06-30 15:00:00,2026-06-30,15,1,6,160,166.0,163.0,141.0,158.875,149.88095238095238
2026-06-30 16:00:00,2026-06-30,16,1,6,272,160.0,282.0,213.0,158.75,149.99404761904762
2026-06-30 17:00:00,2026-06-30,17,1,6,418,272.0,395.0,189.0,158.33333333333334,150.3452380952381
2026-06-30 18:00:00,2026-06-30,18,1,6,421,418.0,381.0,260.0,159.29166666666666,151.70833333333334
2026-06-30 19:00:00,2026-06-30,19,1,6,349,421.0,284.0,235.0,160.95833333333334,152.66666666666666
2026-06-30 20:00:00,2026-06-30,20,1,6,236,349.0,253.0,204.0,163.66666666666666,153.3452380952381
2026-06-30 21:00:00,2026-06-30,21,1,6,174,236.0,183.0,145.0,162.95833333333334,153.53571428571428
2026-06-30 22:00:00,2026-06-30,22,1,6,86,174.0,101.0,99.0,162.58333333333334,153.70833333333334
2026-06-30 23:00:00,2026-06-30,23,1,6,49,86.0,72.0,42.0,161.95833333333334,153.63095238095238
