datetime,date,hour,day_of_week,month,total_trips,predicted_demand,model_name,error,absolute_error
2026-01-08 00:00:00,2026-01-08,0,3,1,11,13.747637961401914,Random Forest,-2.7476379614019137,2.7476379614019137
2026-01-08 01:00:00,2026-01-08,1,3,1,4,6.0840438862608,Random Forest,-2.0840438862608,2.0840438862608
2026-01-08 02:00:00,2026-01-08,2,3,1,2,4.431205506651159,Random Forest,-2.4312055066511586,2.4312055066511586
2026-01-08 03:00:00,2026-01-08,3,3,1,2,3.9182426416176437,Random Forest,-1.9182426416176437,1.9182426416176437
2026-01-08 04:00:00,2026-01-08,4,3,1,9,10.520978140779068,Random Forest,-1.520978140779068,1.520978140779068
2026-01-08 05:00:00,2026-01-08,5,3,1,32,27.99470976082741,Random Forest,4.0052902391725915,4.0052902391725915
2026-01-08 06:00:00,2026-01-08,6,3,1,103,82.7492837301587,Random Forest,20.250716269841305,20.250716269841305
2026-01-08 07:00:00,2026-01-08,7,3,1,181,150.4747083333334,Random Forest,30.52529166666659,30.52529166666659
2026-01-08 08:00:00,2026-01-08,8,3,1,231,222.25332341269845,Random Forest,8.74667658730155,8.74667658730155
2026-01-08 09:00:00,2026-01-08,9,3,1,99,101.81710939046332,Random Forest,-2.8171093904633153,2.8171093904633153
2026-01-08 10:00:00,2026-01-08,10,3,1,78,75.35459583472087,Random Forest,2.645404165279132,2.645404165279132
2026-01-08 11:00:00,2026-01-08,11,3,1,68,76.42859753343834,Random Forest,-8.428597533438335,8.428597533438335
2026-01-08 12:00:00,2026-01-08,12,3,1,88,83.5406510606171,Random Forest,4.459348939382906,4.459348939382906
2026-01-08 13:00:00,2026-01-08,13,3,1,104,97.32979842090823,Random Forest,6.670201579091767,6.670201579091767
2026-01-08 14:00:00,2026-01-08,14,3,1,108,97.78929094516594,Random Forest,10.210709054834055,10.210709054834055
2026-01-08 15:00:00,2026-01-08,15,3,1,151,138.15105654761905,Random Forest,12.84894345238095,12.84894345238095
2026-01-08 16:00:00,2026-01-08,16,3,1,182,165.48663264221162,Random Forest,16.513367357788383,16.513367357788383
2026-01-08 17:00:00,2026-01-08,17,3,1,278,249.32695292207788,Random Forest,28.67304707792212,28.67304707792212
2026-01-08 18:00:00,2026-01-08,18,3,1,238,231.11235714285704,Random Forest,6.887642857142964,6.887642857142964
2026-01-08 19:00:00,2026-01-08,19,3,1,165,160.8721281328321,Random Forest,4.127871867167897,4.127871867167897
2026-01-08 20:00:00,2026-01-08,20,3,1,101,107.2800001803752,Random Forest,-6.280000180375197,6.280000180375197
2026-01-08 21:00:00,2026-01-08,21,3,1,58,65.09075355200359,Random Forest,-7.090753552003591,7.090753552003591
2026-01-08 22:00:00,2026-01-08,22,3,1,44,43.918677281052275,Random Forest,0.08132271894772458,0.08132271894772458
2026-01-08 23:00:00,2026-01-08,23,3,1,25,26.752442279942308,Random Forest,-1.7524422799423078,1.7524422799423078
2026-01-09 00:00:00,2026-01-09,0,4,1,13,13.684158260547203,Random Forest,-0.6841582605472034,0.6841582605472034
2026-01-09 01:00:00,2026-01-09,1,4,1,7,6.1968456539074275,Random Forest,0.8031543460925725,0.8031543460925725
2026-01-09 02:00:00,2026-01-09,2,4,1,10,6.148055196007818,Random Forest,3.8519448039921818,3.8519448039921818
2026-01-09 03:00:00,2026-01-09,3,4,1,5,5.2518604674566225,Random Forest,-0.2518604674566225,0.2518604674566225
2026-01-09 04:00:00,2026-01-09,4,4,1,10,8.306705389113906,Random Forest,1.6932946108860936,1.6932946108860936
2026-01-09 05:00:00,2026-01-09,5,4,1,32,28.235096984714627,Random Forest,3.7649030152853733,3.7649030152853733
2026-01-09 06:00:00,2026-01-09,6,4,1,90,79.09594264069261,Random Forest,10.904057359307387,10.904057359307387
2026-01-09 07:00:00,2026-01-09,7,4,1,137,142.41845699917903,Random Forest,-5.418456999179028,5.418456999179028
2026-01-09 08:00:00,2026-01-09,8,4,1,185,175.54465764790766,Random Forest,9.455342352092345,9.455342352092345
2026-01-09 09:00:00,2026-01-09,9,4,1,105,106.49681032841421,Random Forest,-1.4968103284142131,1.4968103284142131
2026-01-09 10:00:00,2026-01-09,10,4,1,73,85.26743073593076,Random Forest,-12.267430735930759,12.267430735930759
2026-01-09 11:00:00,2026-01-09,11,4,1,92,85.60024570836282,Random Forest,6.39975429163718,6.39975429163718
2026-01-09 12:00:00,2026-01-09,12,4,1,107,100.91245190415052,Random Forest,6.087548095849485,6.087548095849485
2026-01-09 13:00:00,2026-01-09,13,4,1,96,99.81366947789338,Random Forest,-3.8136694778933844,3.8136694778933844
2026-01-09 14:00:00,2026-01-09,14,4,1,116,102.330461817095,Random Forest,13.669538182905,13.669538182905
2026-01-09 15:00:00,2026-01-09,15,4,1,163,148.65352380952382,Random Forest,14.346476190476182,14.346476190476182
2026-01-09 16:00:00,2026-01-09,16,4,1,187,188.7328820623821,Random Forest,-1.7328820623820889,1.7328820623820889
2026-01-09 17:00:00,2026-01-09,17,4,1,214,228.42841666666666,Random Forest,-14.428416666666664,14.428416666666664
2026-01-09 18:00:00,2026-01-09,18,4,1,147,165.4868122294372,Random Forest,-18.48681222943719,18.48681222943719
2026-01-09 19:00:00,2026-01-09,19,4,1,95,104.15887337662339,Random Forest,-9.15887337662339,9.15887337662339
2026-01-09 20:00:00,2026-01-09,20,4,1,82,76.3114966977467,Random Forest,5.688503302253295,5.688503302253295
2026-01-09 21:00:00,2026-01-09,21,4,1,56,55.6592340853591,Random Forest,0.34076591464089745,0.34076591464089745
2026-01-09 22:00:00,2026-01-09,22,4,1,56,49.48105624930625,Random Forest,6.518943750693751,6.518943750693751
2026-01-09 23:00:00,2026-01-09,23,4,1,38,37.71331836219337,Random Forest,0.28668163780663036,0.28668163780663036
2026-01-10 00:00:00,2026-01-10,0,5,1,29,23.79252074314576,Random Forest,5.2074792568542385,5.2074792568542385
2026-01-10 01:00:00,2026-01-10,1,5,1,26,20.862772727272723,Random Forest,5.1372272727272765,5.1372272727272765
2026-01-10 02:00:00,2026-01-10,2,5,1,15,15.932096326566155,Random Forest,-0.932096326566155,0.932096326566155
2026-01-10 03:00:00,2026-01-10,3,5,1,6,6.834451093203895,Random Forest,-0.8344510932038949,0.8344510932038949
2026-01-10 04:00:00,2026-01-10,4,5,1,6,6.62151596970978,Random Forest,-0.6215159697097796,0.6215159697097796
2026-01-10 05:00:00,2026-01-10,5,5,1,5,8.076523873185637,Random Forest,-3.0765238731856375,3.0765238731856375
2026-01-10 06:00:00,2026-01-10,6,5,1,15,13.669655372405371,Random Forest,1.330344627594629,1.330344627594629
2026-01-10 07:00:00,2026-01-10,7,5,1,49,39.190291149442224,Random Forest,9.809708850557776,9.809708850557776
2026-01-10 08:00:00,2026-01-10,8,5,1,73,68.19814066489066,Random Forest,4.8018593351093415,4.8018593351093415
2026-01-10 09:00:00,2026-01-10,9,5,1,93,88.72229844778148,Random Forest,4.277701552218517,4.277701552218517
2026-01-10 10:00:00,2026-01-10,10,5,1,142,114.92765331872748,Random Forest,27.07234668127252,27.07234668127252
2026-01-10 11:00:00,2026-01-10,11,5,1,164,145.6098187229437,Random Forest,18.390181277056314,18.390181277056314
2026-01-10 12:00:00,2026-01-10,12,5,1,151,150.51973293650798,Random Forest,0.48026706349202186,0.48026706349202186
2026-01-10 13:00:00,2026-01-10,13,5,1,99,118.24723721001224,Random Forest,-19.247237210012244,19.247237210012244
2026-01-10 14:00:00,2026-01-10,14,5,1,76,91.21182706463357,Random Forest,-15.211827064633567,15.211827064633567
2026-01-10 15:00:00,2026-01-10,15,5,1,35,67.76688293650793,Random Forest,-32.766882936507926,32.766882936507926
2026-01-10 16:00:00,2026-01-10,16,5,1,40,36.65340981240983,Random Forest,3.3465901875901665,3.3465901875901665
2026-01-10 17:00:00,2026-01-10,17,5,1,29,34.08061345598845,Random Forest,-5.080613455988448,5.080613455988448
2026-01-10 18:00:00,2026-01-10,18,5,1,36,33.57270707070708,Random Forest,2.4272929292929177,2.4272929292929177
2026-01-10 19:00:00,2026-01-10,19,5,1,23,26.386919733044746,Random Forest,-3.3869197330447456,3.3869197330447456
2026-01-10 20:00:00,2026-01-10,20,5,1,19,20.022042568542567,Random Forest,-1.0220425685425667,1.0220425685425667
2026-01-10 21:00:00,2026-01-10,21,5,1,20,20.987894841269835,Random Forest,-0.987894841269835,0.987894841269835
2026-01-10 22:00:00,2026-01-10,22,5,1,17,17.960130952380954,Random Forest,-0.960130952380954,0.960130952380954
2026-01-10 23:00:00,2026-01-10,23,5,1,30,23.054569444444436,Random Forest,6.945430555555564,6.945430555555564
2026-01-11 00:00:00,2026-01-11,0,6,1,23,22.226972222222226,Random Forest,0.7730277777777737,0.7730277777777737
2026-01-11 01:00:00,2026-01-11,1,6,1,14,13.703382575757587,Random Forest,0.2966174242424131,0.2966174242424131
2026-01-11 02:00:00,2026-01-11,2,6,1,15,13.54348573715557,Random Forest,1.4565142628444292,1.4565142628444292
2026-01-11 03:00:00,2026-01-11,3,6,1,12,9.26827528871279,Random Forest,2.7317247112872103,2.7317247112872103
2026-01-11 04:00:00,2026-01-11,4,6,1,4,6.896426451944595,Random Forest,-2.8964264519445946,2.8964264519445946
2026-01-11 05:00:00,2026-01-11,5,6,1,6,6.9179487958705455,Random Forest,-0.9179487958705455,0.9179487958705455
2026-01-11 06:00:00,2026-01-11,6,6,1,17,12.691231694645321,Random Forest,4.308768305354679,4.308768305354679
2026-01-11 07:00:00,2026-01-11,7,6,1,26,26.735477398205663,Random Forest,-0.7354773982056635,0.7354773982056635
2026-01-11 08:00:00,2026-01-11,8,6,1,56,53.174861291486295,Random Forest,2.8251387085137054,2.8251387085137054
2026-01-11 09:00:00,2026-01-11,9,6,1,93,83.03457129026887,Random Forest,9.965428709731128,9.965428709731128
2026-01-11 10:00:00,2026-01-11,10,6,1,121,104.54795652958157,Random Forest,16.45204347041843,16.45204347041843
2026-01-11 11:00:00,2026-01-11,11,6,1,138,133.08417170329662,Random Forest,4.915828296703381,4.915828296703381
2026-01-11 12:00:00,2026-01-11,12,6,1,131,137.19920164557666,Random Forest,-6.1992016455766645,6.1992016455766645
2026-01-11 13:00:00,2026-01-11,13,6,1,130,123.22155634920635,Random Forest,6.778443650793648,6.778443650793648
2026-01-11 14:00:00,2026-01-11,14,6,1,107,112.34935389610395,Random Forest,-5.349353896103949,5.349353896103949
2026-01-11 15:00:00,2026-01-11,15,6,1,113,115.78200939849624,Random Forest,-2.7820093984962426,2.7820093984962426
2026-01-11 16:00:00,2026-01-11,16,6,1,128,121.2693618326119,Random Forest,6.7306381673880935,6.7306381673880935
2026-01-11 17:00:00,2026-01-11,17,6,1,107,112.48135389610393,Random Forest,-5.481353896103926,5.481353896103926
2026-01-11 18:00:00,2026-01-11,18,6,1,90,90.49255926018428,Random Forest,-0.4925592601842794,0.4925592601842794
2026-01-11 19:00:00,2026-01-11,19,6,1,61,60.15882774170277,Random Forest,0.8411722582972274,0.8411722582972274
2026-01-11 20:00:00,2026-01-11,20,6,1,40,41.73711111111112,Random Forest,-1.737111111111119,1.737111111111119
2026-01-11 21:00:00,2026-01-11,21,6,1,39,34.2642958152958,Random Forest,4.735704184704197,4.735704184704197
2026-01-11 22:00:00,2026-01-11,22,6,1,23,24.606491973304465,Random Forest,-1.6064919733044647,1.6064919733044647
2026-01-11 23:00:00,2026-01-11,23,6,1,15,16.493455663780658,Random Forest,-1.493455663780658,1.493455663780658
2026-01-12 00:00:00,2026-01-12,0,0,1,6,6.450001805779437,Random Forest,-0.45000180577943727,0.45000180577943727
2026-01-12 01:00:00,2026-01-12,1,0,1,1,2.690433096560598,Random Forest,-1.6904330965605978,1.6904330965605978
2026-01-12 02:00:00,2026-01-12,2,0,1,5,3.6938183128275246,Random Forest,1.3061816871724754,1.3061816871724754
2026-01-12 03:00:00,2026-01-12,3,0,1,2,2.386081328181994,Random Forest,-0.3860813281819939,0.3860813281819939
2026-01-12 04:00:00,2026-01-12,4,0,1,13,11.633267644186473,Random Forest,1.366732355813527,1.366732355813527
2026-01-12 05:00:00,2026-01-12,5,0,1,33,30.8640813402284,Random Forest,2.135918659771601,2.135918659771601
2026-01-12 06:00:00,2026-01-12,6,0,1,90,78.26980681818182,Random Forest,11.73019318181818,11.73019318181818
2026-01-12 07:00:00,2026-01-12,7,0,1,127,164.05999404761903,Random Forest,-37.05999404761903,37.05999404761903
2026-01-12 08:00:00,2026-01-12,8,0,1,160,162.12088888888889,Random Forest,-2.120888888888885,2.120888888888885
2026-01-12 09:00:00,2026-01-12,9,0,1,94,98.82709747474746,Random Forest,-4.827097474747461,4.827097474747461
2026-01-12 10:00:00,2026-01-12,10,0,1,60,78.63164627203133,Random Forest,-18.631646272031333,18.631646272031333
2026-01-12 11:00:00,2026-01-12,11,0,1,62,64.54887466781587,Random Forest,-2.5488746678158662,2.5488746678158662
2026-01-12 12:00:00,2026-01-12,12,0,1,79,72.75080399356776,Random Forest,6.249196006432243,6.249196006432243
2026-01-12 13:00:00,2026-01-12,13,0,1,71,81.12552078081886,Random Forest,-10.12552078081886,10.12552078081886
2026-01-12 14:00:00,2026-01-12,14,0,1,90,86.26900724814568,Random Forest,3.7309927518543162,3.7309927518543162
2026-01-12 15:00:00,2026-01-12,15,0,1,123,118.4268866217249,Random Forest,4.573113378275096,4.573113378275096
2026-01-12 16:00:00,2026-01-12,16,0,1,159,157.64103968253977,Random Forest,1.3589603174602303,1.3589603174602303
2026-01-12 17:00:00,2026-01-12,17,0,1,241,218.38135497835498,Random Forest,22.618645021645023,22.618645021645023
2026-01-12 18:00:00,2026-01-12,18,0,1,215,224.9648151154402,Random Forest,-9.964815115440189,9.964815115440189
2026-01-12 19:00:00,2026-01-12,19,0,1,143,140.14345833333334,Random Forest,2.856541666666658,2.856541666666658
2026-01-12 20:00:00,2026-01-12,20,0,1,80,86.1019159035409,Random Forest,-6.101915903540899,6.101915903540899
2026-01-12 21:00:00,2026-01-12,21,0,1,47,51.677161255411235,Random Forest,-4.677161255411235,4.677161255411235
2026-01-12 22:00:00,2026-01-12,22,0,1,57,43.64145955433456,Random Forest,13.35854044566544,13.35854044566544
2026-01-12 23:00:00,2026-01-12,23,0,1,23,26.19336093073593,Random Forest,-3.193360930735931,3.193360930735931
2026-01-13 00:00:00,2026-01-13,0,1,1,13,13.071798669467785,Random Forest,-0.07179866946778546,0.07179866946778546
2026-01-13 01:00:00,2026-01-13,1,1,1,7,6.214795494002657,Random Forest,0.7852045059973429,0.7852045059973429
2026-01-13 02:00:00,2026-01-13,2,1,1,6,4.730268753748655,Random Forest,1.2697312462513448,1.2697312462513448
2026-01-13 03:00:00,2026-01-13,3,1,1,3,2.8826398226465257,Random Forest,0.11736017735347426,0.11736017735347426
2026-01-13 04:00:00,2026-01-13,4,1,1,15,14.306978994942181,Random Forest,0.6930210050578189,0.6930210050578189
2026-01-13 05:00:00,2026-01-13,5,1,1,40,37.68675167870615,Random Forest,2.313248321293848,2.313248321293848
2026-01-13 06:00:00,2026-01-13,6,1,1,95,92.16456349206346,Random Forest,2.835436507936535,2.835436507936535
2026-01-13 07:00:00,2026-01-13,7,1,1,190,189.4653051948052,Random Forest,0.5346948051947891,0.5346948051947891
2026-01-13 08:00:00,2026-01-13,8,1,1,225,228.78938293650793,Random Forest,-3.789382936507934,3.789382936507934
2026-01-13 09:00:00,2026-01-13,9,1,1,96,98.42210109320506,Random Forest,-2.4221010932050575,2.4221010932050575
2026-01-13 10:00:00,2026-01-13,10,1,1,67,72.1476089038885,Random Forest,-5.1476089038884965,5.1476089038884965
2026-01-13 11:00:00,2026-01-13,11,1,1,82,77.63981878172999,Random Forest,4.360181218270014,4.360181218270014
2026-01-13 12:00:00,2026-01-13,12,1,1,86,85.22924401718642,Random Forest,0.7707559828135828,0.7707559828135828
2026-01-13 13:00:00,2026-01-13,13,1,1,86,85.7859819874931,Random Forest,0.214018012506898,0.214018012506898
2026-01-13 14:00:00,2026-01-13,14,1,1,112,101.70887684014646,Random Forest,10.29112315985354,10.29112315985354
2026-01-13 15:00:00,2026-01-13,15,1,1,137,133.8949252762927,Random Forest,3.105074723707304,3.105074723707304
2026-01-13 16:00:00,2026-01-13,16,1,1,181,177.43882188644702,Random Forest,3.561178113552984,3.561178113552984
2026-01-13 17:00:00,2026-01-13,17,1,1,273,261.8786083638583,Random Forest,11.12139163614171,11.12139163614171
2026-01-13 18:00:00,2026-01-13,18,1,1,287,262.6578207070706,Random Forest,24.342179292929416,24.342179292929416
2026-01-13 19:00:00,2026-01-13,19,1,1,149,161.69847817460314,Random Forest,-12.698478174603139,12.698478174603139
2026-01-13 20:00:00,2026-01-13,20,1,1,90,96.63152922077924,Random Forest,-6.6315292207792425,6.6315292207792425
2026-01-13 21:00:00,2026-01-13,21,1,1,63,61.66910948773446,Random Forest,1.3308905122655403,1.3308905122655403
2026-01-13 22:00:00,2026-01-13,22,1,1,51,47.520849747474756,Random Forest,3.479150252525244,3.479150252525244
2026-01-13 23:00:00,2026-01-13,23,1,1,27,28.116173298923307,Random Forest,-1.1161732989233073,1.1161732989233073
2026-01-14 00:00:00,2026-01-14,0,2,1,16,14.684440662785487,Random Forest,1.3155593372145127,1.3155593372145127
2026-01-14 01:00:00,2026-01-14,1,2,1,6,6.119779022615021,Random Forest,-0.11977902261502127,0.11977902261502127
2026-01-14 02:00:00,2026-01-14,2,2,1,2,3.346100312156044,Random Forest,-1.346100312156044,1.346100312156044
2026-01-14 03:00:00,2026-01-14,3,2,1,1,1.6084372930019386,Random Forest,-0.6084372930019386,0.6084372930019386
2026-01-14 04:00:00,2026-01-14,4,2,1,14,12.226809591138542,Random Forest,1.773190408861458,1.773190408861458
2026-01-14 05:00:00,2026-01-14,5,2,1,38,36.8548916195918,Random Forest,1.1451083804082032,1.1451083804082032
2026-01-14 06:00:00,2026-01-14,6,2,1,98,96.19485579698078,Random Forest,1.8051442030192248,1.8051442030192248
2026-01-14 07:00:00,2026-01-14,7,2,1,215,203.5231147186147,Random Forest,11.476885281385307,11.476885281385307
2026-01-14 08:00:00,2026-01-14,8,2,1,252,251.71961147186158,Random Forest,0.28038852813841686,0.28038852813841686
2026-01-14 09:00:00,2026-01-14,9,2,1,98,104.7388648572188,Random Forest,-6.7388648572188,6.7388648572188
2026-01-14 10:00:00,2026-01-14,10,2,1,75,78.51129344380163,Random Forest,-3.511293443801634,3.511293443801634
2026-01-14 11:00:00,2026-01-14,11,2,1,87,88.28306167357643,Random Forest,-1.2830616735764266,1.2830616735764266
2026-01-14 12:00:00,2026-01-14,12,2,1,84,86.81304075759545,Random Forest,-2.813040757595445,2.813040757595445
2026-01-14 13:00:00,2026-01-14,13,2,1,79,84.23287013881367,Random Forest,-5.2328701388136665,5.2328701388136665
2026-01-14 14:00:00,2026-01-14,14,2,1,96,95.01102144313636,Random Forest,0.9889785568636427,0.9889785568636427
2026-01-14 15:00:00,2026-01-14,15,2,1,127,131.91069016208883,Random Forest,-4.910690162088827,4.910690162088827
2026-01-14 16:00:00,2026-01-14,16,2,1,194,186.59476316738812,Random Forest,7.405236832611877,7.405236832611877
2026-01-14 17:00:00,2026-01-14,17,2,1,276,271.74871207958694,Random Forest,4.251287920413063,4.251287920413063
2026-01-14 18:00:00,2026-01-14,18,2,1,215,255.23721158008667,Random Forest,-40.237211580086665,40.237211580086665
2026-01-14 19:00:00,2026-01-14,19,2,1,136,142.4869072871573,Random Forest,-6.486907287157294,6.486907287157294
2026-01-14 20:00:00,2026-01-14,20,2,1,103,96.87098279354744,Random Forest,6.129017206452559,6.129017206452559
2026-01-14 21:00:00,2026-01-14,21,2,1,89,81.09931794594294,Random Forest,7.900682054057057,7.900682054057057
2026-01-14 22:00:00,2026-01-14,22,2,1,55,60.937621392496375,Random Forest,-5.937621392496375,5.937621392496375
2026-01-14 23:00:00,2026-01-14,23,2,1,28,30.422284049284045,Random Forest,-2.4222840492840447,2.4222840492840447
2026-01-15 00:00:00,2026-01-15,0,3,1,9,11.63172546897547,Random Forest,-2.6317254689754694,2.6317254689754694
2026-01-15 01:00:00,2026-01-15,1,3,1,7,5.752711375943892,Random Forest,1.2472886240561083,1.2472886240561083
2026-01-15 02:00:00,2026-01-15,2,3,1,4,4.377001372749063,Random Forest,-0.37700137274906265,0.37700137274906265
2026-01-15 03:00:00,2026-01-15,3,3,1,3,2.7067579940550206,Random Forest,0.2932420059449794,0.2932420059449794
2026-01-15 04:00:00,2026-01-15,4,3,1,12,10.817699579780543,Random Forest,1.1823004202194571,1.1823004202194571
2026-01-15 05:00:00,2026-01-15,5,3,1,35,34.23920159425765,Random Forest,0.7607984057423494,0.7607984057423494
2026-01-15 06:00:00,2026-01-15,6,3,1,84,89.34908333333334,Random Forest,-5.34908333333334,5.34908333333334
2026-01-15 07:00:00,2026-01-15,7,3,1,177,177.85070238095238,Random Forest,-0.8507023809523844,0.8507023809523844
2026-01-15 08:00:00,2026-01-15,8,3,1,263,243.18381150793653,Random Forest,19.816188492063475,19.816188492063475
2026-01-15 09:00:00,2026-01-15,9,3,1,120,113.04807918470418,Random Forest,6.951920815295821,6.951920815295821
2026-01-15 10:00:00,2026-01-15,10,3,1,67,78.61614639527141,Random Forest,-11.616146395271414,11.616146395271414
2026-01-15 11:00:00,2026-01-15,11,3,1,83,83.04391070762944,Random Forest,-0.043910707629436274,0.043910707629436274
2026-01-15 12:00:00,2026-01-15,12,3,1,69,82.04089389851816,Random Forest,-13.040893898518163,13.040893898518163
2026-01-15 13:00:00,2026-01-15,13,3,1,62,70.60345890014125,Random Forest,-8.603458900141248,8.603458900141248
2026-01-15 14:00:00,2026-01-15,14,3,1,81,81.02923220787932,Random Forest,-0.029232207879317684,0.029232207879317684
2026-01-15 15:00:00,2026-01-15,15,3,1,121,115.2101447762527,Random Forest,5.7898552237472956,5.7898552237472956
2026-01-15 16:00:00,2026-01-15,16,3,1,153,157.08854166666666,Random Forest,-4.088541666666657,4.088541666666657
2026-01-15 17:00:00,2026-01-15,17,3,1,229,228.9936567460319,Random Forest,0.0063432539681116396,0.0063432539681116396
2026-01-15 18:00:00,2026-01-15,18,3,1,189,214.9630686813187,Random Forest,-25.963068681318703,25.963068681318703
2026-01-15 19:00:00,2026-01-15,19,3,1,134,148.83214448051945,Random Forest,-14.832144480519446,14.832144480519446
2026-01-15 20:00:00,2026-01-15,20,3,1,73,84.43876606583069,Random Forest,-11.438766065830691,11.438766065830691
2026-01-15 21:00:00,2026-01-15,21,3,1,63,58.712639652014694,Random Forest,4.287360347985306,4.287360347985306
2026-01-15 22:00:00,2026-01-15,22,3,1,37,42.86793903318903,Random Forest,-5.867939033189032,5.867939033189032
2026-01-15 23:00:00,2026-01-15,23,3,1,19,23.32532995841877,Random Forest,-4.32532995841877,4.32532995841877
2026-01-16 00:00:00,2026-01-16,0,4,1,13,12.866615607360814,Random Forest,0.13338439263918644,0.13338439263918644
2026-01-16 01:00:00,2026-01-16,1,4,1,2,4.8021372336061905,Random Forest,-2.8021372336061905,2.8021372336061905
2026-01-16 02:00:00,2026-01-16,2,4,1,4,4.640313143338145,Random Forest,-0.6403131433381448,0.6403131433381448
2026-01-16 03:00:00,2026-01-16,3,4,1,2,3.218892637415259,Random Forest,-1.218892637415259,1.218892637415259
2026-01-16 04:00:00,2026-01-16,4,4,1,9,9.384948656480349,Random Forest,-0.3849486564803488,0.3849486564803488
2026-01-16 05:00:00,2026-01-16,5,4,1,25,27.66600944093559,Random Forest,-2.6660094409355892,2.6660094409355892
2026-01-16 06:00:00,2026-01-16,6,4,1,79,72.6249193722944,Random Forest,6.3750806277056,6.3750806277056
2026-01-16 07:00:00,2026-01-16,7,4,1,120,134.91509325396825,Random Forest,-14.915093253968251,14.915093253968251
2026-01-16 08:00:00,2026-01-16,8,4,1,133,144.05264087301586,Random Forest,-11.05264087301586,11.05264087301586
2026-01-16 09:00:00,2026-01-16,9,4,1,78,98.353713023088,Random Forest,-20.353713023088005,20.353713023088005
2026-01-16 10:00:00,2026-01-16,10,4,1,79,77.41586458081304,Random Forest,1.584135419186964,1.584135419186964
2026-01-16 11:00:00,2026-01-16,11,4,1,90,87.18977536952644,Random Forest,2.810224630473556,2.810224630473556
2026-01-16 12:00:00,2026-01-16,12,4,1,88,92.58427557378356,Random Forest,-4.584275573783557,4.584275573783557
2026-01-16 13:00:00,2026-01-16,13,4,1,102,96.22267917936053,Random Forest,5.777320820639474,5.777320820639474
2026-01-16 14:00:00,2026-01-16,14,4,1,101,100.3325627177295,Random Forest,0.6674372822704981,0.6674372822704981
2026-01-16 15:00:00,2026-01-16,15,4,1,135,131.30120206685075,Random Forest,3.698797933149251,3.698797933149251
2026-01-16 16:00:00,2026-01-16,16,4,1,171,168.56918360805858,Random Forest,2.43081639194142,2.43081639194142
2026-01-16 17:00:00,2026-01-16,17,4,1,189,207.88260317460322,Random Forest,-18.88260317460322,18.88260317460322
2026-01-16 18:00:00,2026-01-16,18,4,1,154,163.52862770562768,Random Forest,-9.528627705627684,9.528627705627684
2026-01-16 19:00:00,2026-01-16,19,4,1,122,115.19390079365077,Random Forest,6.806099206349231,6.806099206349231
2026-01-16 20:00:00,2026-01-16,20,4,1,70,76.905226010101,Random Forest,-6.9052260101010035,6.9052260101010035
2026-01-16 21:00:00,2026-01-16,21,4,1,66,60.79674895937394,Random Forest,5.203251040626057,5.203251040626057
2026-01-16 22:00:00,2026-01-16,22,4,1,36,44.78523870573872,Random Forest,-8.78523870573872,8.78523870573872
2026-01-16 23:00:00,2026-01-16,23,4,1,39,34.717938492063496,Random Forest,4.282061507936504,4.282061507936504
2026-01-17 00:00:00,2026-01-17,0,5,1,18,25.025501984126986,Random Forest,-7.025501984126986,7.025501984126986
2026-01-17 01:00:00,2026-01-17,1,5,1,14,13.725782051282051,Random Forest,0.2742179487179488,0.2742179487179488
2026-01-17 02:00:00,2026-01-17,2,5,1,13,11.462800499652902,Random Forest,1.5371995003470982,1.5371995003470982
2026-01-17 03:00:00,2026-01-17,3,5,1,5,6.275272040739011,Random Forest,-1.2752720407390106,1.2752720407390106
2026-01-17 04:00:00,2026-01-17,4,5,1,6,6.485775785057833,Random Forest,-0.48577578505783325,0.48577578505783325
2026-01-17 05:00:00,2026-01-17,5,5,1,14,9.8056917140291,Random Forest,4.1943082859709,4.1943082859709
2026-01-17 06:00:00,2026-01-17,6,5,1,4,17.08959325396826,Random Forest,-13.08959325396826,13.08959325396826
2026-01-17 07:00:00,2026-01-17,7,5,1,39,30.950036435786437,Random Forest,8.049963564213563,8.049963564213563
2026-01-17 08:00:00,2026-01-17,8,5,1,62,63.74093921356418,Random Forest,-1.7409392135641824,1.7409392135641824
2026-01-17 09:00:00,2026-01-17,9,5,1,99,90.7745995310245,Random Forest,8.225400468975494,8.225400468975494
2026-01-17 10:00:00,2026-01-17,10,5,1,105,105.27035078573817,Random Forest,-0.2703507857381737,0.2703507857381737
2026-01-17 11:00:00,2026-01-17,11,5,1,91,94.21798839830231,Random Forest,-3.2179883983023103,3.2179883983023103
2026-01-17 12:00:00,2026-01-17,12,5,1,35,79.54171755712935,Random Forest,-44.541717557129346,44.541717557129346
2026-01-17 13:00:00,2026-01-17,13,5,1,30,35.22061742424242,Random Forest,-5.22061742424242,5.22061742424242
2026-01-17 14:00:00,2026-01-17,14,5,1,39,37.0030402930403,Random Forest,1.9969597069597,1.9969597069597
2026-01-17 15:00:00,2026-01-17,15,5,1,53,49.0521533189033,Random Forest,3.9478466810966992,3.9478466810966992
2026-01-17 16:00:00,2026-01-17,16,5,1,52,55.77501800976802,Random Forest,-3.7750180097680186,3.7750180097680186
2026-01-17 17:00:00,2026-01-17,17,5,1,49,56.5704426129426,Random Forest,-7.5704426129426,7.5704426129426
2026-01-17 18:00:00,2026-01-17,18,5,1,40,47.32564697802198,Random Forest,-7.325646978021979,7.325646978021979
2026-01-17 19:00:00,2026-01-17,19,5,1,32,34.26905942831677,Random Forest,-2.2690594283167727,2.2690594283167727
2026-01-17 20:00:00,2026-01-17,20,5,1,24,25.181930534334953,Random Forest,-1.1819305343349527,1.1819305343349527
2026-01-17 21:00:00,2026-01-17,21,5,1,32,25.470165584415582,Random Forest,6.529834415584418,6.529834415584418
2026-01-17 22:00:00,2026-01-17,22,5,1,35,29.607746106018165,Random Forest,5.3922538939818345,5.3922538939818345
2026-01-17 23:00:00,2026-01-17,23,5,1,30,28.257218629228646,Random Forest,1.742781370771354,1.742781370771354
2026-01-18 00:00:00,2026-01-18,0,6,1,20,21.98970526695527,Random Forest,-1.9897052669552693,1.9897052669552693
2026-01-18 01:00:00,2026-01-18,1,6,1,17,16.054497226412263,Random Forest,0.9455027735877373,0.9455027735877373
2026-01-18 02:00:00,2026-01-18,2,6,1,13,13.742968671633708,Random Forest,-0.742968671633708,0.742968671633708
2026-01-18 03:00:00,2026-01-18,3,6,1,10,9.57190039492671,Random Forest,0.4280996050732906,0.4280996050732906
2026-01-18 04:00:00,2026-01-18,4,6,1,6,6.793941620214479,Random Forest,-0.7939416202144791,0.7939416202144791
2026-01-18 05:00:00,2026-01-18,5,6,1,3,5.930068016950373,Random Forest,-2.930068016950373,2.930068016950373
2026-01-18 06:00:00,2026-01-18,6,6,1,5,5.913410860381448,Random Forest,-0.9134108603814477,0.9134108603814477
2026-01-18 07:00:00,2026-01-18,7,6,1,9,10.444861111111106,Random Forest,-1.4448611111111056,1.4448611111111056
2026-01-18 08:00:00,2026-01-18,8,6,1,18,18.03657831276911,Random Forest,-0.036578312769108834,0.036578312769108834
2026-01-18 09:00:00,2026-01-18,9,6,1,28,27.77271230158731,Random Forest,0.2272876984126917,0.2272876984126917
2026-01-18 10:00:00,2026-01-18,10,6,1,32,38.20528434065936,Random Forest,-6.205284340659361,6.205284340659361
2026-01-18 11:00:00,2026-01-18,11,6,1,58,48.91738293650792,Random Forest,9.08261706349208,9.08261706349208
2026-01-18 12:00:00,2026-01-18,12,6,1,52,53.262732142857146,Random Forest,-1.2627321428571463,1.2627321428571463
2026-01-18 13:00:00,2026-01-18,13,6,1,43,47.35851785714285,Random Forest,-4.35851785714285,4.35851785714285
2026-01-18 14:00:00,2026-01-18,14,6,1,49,45.392125541125544,Random Forest,3.6078744588744556,3.6078744588744556
2026-01-18 15:00:00,2026-01-18,15,6,1,39,47.02141278329515,Random Forest,-8.021412783295148,8.021412783295148
2026-01-18 16:00:00,2026-01-18,16,6,1,47,44.71313852813852,Random Forest,2.286861471861478,2.286861471861478
2026-01-18 17:00:00,2026-01-18,17,6,1,41,43.9389742063492,Random Forest,-2.938974206349201,2.938974206349201
2026-01-18 18:00:00,2026-01-18,18,6,1,15,29.45005114028485,Random Forest,-14.450051140284849,14.450051140284849
2026-01-18 19:00:00,2026-01-18,19,6,1,12,13.44920894383394,Random Forest,-1.4492089438339395,1.4492089438339395
2026-01-18 20:00:00,2026-01-18,20,6,1,19,15.792666049228547,Random Forest,3.207333950771453,3.207333950771453
2026-01-18 21:00:00,2026-01-18,21,6,1,11,14.722768467643466,Random Forest,-3.7227684676434656,3.7227684676434656
2026-01-18 22:00:00,2026-01-18,22,6,1,14,13.449744935619936,Random Forest,0.5502550643800639,0.5502550643800639
2026-01-18 23:00:00,2026-01-18,23,6,1,14,13.811405769230761,Random Forest,0.18859423076923854,0.18859423076923854
2026-01-19 00:00:00,2026-01-19,0,0,1,7,6.435512140437793,Random Forest,0.5644878595622069,0.5644878595622069
2026-01-19 01:00:00,2026-01-19,1,0,1,8,5.746160686054569,Random Forest,2.2538393139454307,2.2538393139454307
2026-01-19 02:00:00,2026-01-19,2,0,1,4,4.227792256767904,Random Forest,-0.22779225676790382,0.22779225676790382
2026-01-19 03:00:00,2026-01-19,3,0,1,0,0.7156022413576764,Random Forest,-0.7156022413576764,0.7156022413576764
2026-01-19 04:00:00,2026-01-19,4,0,1,2,3.116029609279609,Random Forest,-1.1160296092796091,1.1160296092796091
2026-01-19 05:00:00,2026-01-19,5,0,1,8,8.322601134976134,Random Forest,-0.32260113497613396,0.32260113497613396
2026-01-19 06:00:00,2026-01-19,6,0,1,13,13.82894008769009,Random Forest,-0.8289400876900892,0.8289400876900892
2026-01-19 07:00:00,2026-01-19,7,0,1,12,21.09391477068682,Random Forest,-9.093914770686819,9.093914770686819
2026-01-19 08:00:00,2026-01-19,8,0,1,37,29.75646971574177,Random Forest,7.243530284258231,7.243530284258231
2026-01-19 09:00:00,2026-01-19,9,0,1,44,44.59095562770563,Random Forest,-0.5909556277056325,0.5909556277056325
2026-01-19 10:00:00,2026-01-19,10,0,1,48,49.82039880952382,Random Forest,-1.820398809523823,1.820398809523823
2026-01-19 11:00:00,2026-01-19,11,0,1,73,66.16221825396826,Random Forest,6.837781746031737,6.837781746031737
2026-01-19 12:00:00,2026-01-19,12,0,1,76,75.35446076921446,Random Forest,0.6455392307855448,0.6455392307855448
2026-01-19 13:00:00,2026-01-19,13,0,1,66,72.82256035631036,Random Forest,-6.822560356310362,6.822560356310362
2026-01-19 14:00:00,2026-01-19,14,0,1,68,66.9497331728729,Random Forest,1.0502668271271034,1.0502668271271034
2026-01-19 15:00:00,2026-01-19,15,0,1,63,64.61801433982686,Random Forest,-1.618014339826857,1.618014339826857
2026-01-19 16:00:00,2026-01-19,16,0,1,76,71.71431690858164,Random Forest,4.285683091418363,4.285683091418363
2026-01-19 17:00:00,2026-01-19,17,0,1,69,75.91616531385282,Random Forest,-6.916165313852815,6.916165313852815
2026-01-19 18:00:00,2026-01-19,18,0,1,76,70.99918019480519,Random Forest,5.0008198051948085,5.0008198051948085
2026-01-19 19:00:00,2026-01-19,19,0,1,59,63.200311507936505,Random Forest,-4.2003115079365045,4.2003115079365045
2026-01-19 20:00:00,2026-01-19,20,0,1,53,50.10423412698413,Random Forest,2.8957658730158684,2.8957658730158684
2026-01-19 21:00:00,2026-01-19,21,0,1,34,35.25819570707072,Random Forest,-1.258195707070719,1.258195707070719
2026-01-19 22:00:00,2026-01-19,22,0,1,34,31.99027457264958,Random Forest,2.0097254273504213,2.0097254273504213
2026-01-19 23:00:00,2026-01-19,23,0,1,15,18.20787500000001,Random Forest,-3.2078750000000085,3.2078750000000085
2026-01-20 00:00:00,2026-01-20,0,1,1,14,10.269339749232008,Random Forest,3.7306602507679916,3.7306602507679916
2026-01-20 01:00:00,2026-01-20,1,1,1,4,5.100667571513958,Random Forest,-1.1006675715139584,1.1006675715139584
2026-01-20 02:00:00,2026-01-20,2,1,1,1,1.772516053391053,Random Forest,-0.7725160533910529,0.7725160533910529
2026-01-20 03:00:00,2026-01-20,3,1,1,1,1.0442895116853876,Random Forest,-0.04428951168538764,0.04428951168538764
2026-01-20 04:00:00,2026-01-20,4,1,1,7,8.489952380952381,Random Forest,-1.4899523809523814,1.4899523809523814
2026-01-20 05:00:00,2026-01-20,5,1,1,27,21.970986263736258,Random Forest,5.029013736263742,5.029013736263742
2026-01-20 06:00:00,2026-01-20,6,1,1,57,59.729307178932146,Random Forest,-2.729307178932146,2.729307178932146
2026-01-20 07:00:00,2026-01-20,7,1,1,94,98.93122997835499,Random Forest,-4.931229978354992,4.931229978354992
2026-01-20 08:00:00,2026-01-20,8,1,1,113,111.7184536815524,Random Forest,1.281546318447596,1.281546318447596
2026-01-20 09:00:00,2026-01-20,9,1,1,59,81.88601230348598,Random Forest,-22.886012303485984,22.886012303485984
2026-01-20 10:00:00,2026-01-20,10,1,1,42,54.67222168109668,Random Forest,-12.67222168109668,12.67222168109668
2026-01-20 11:00:00,2026-01-20,11,1,1,41,46.37213924963925,Random Forest,-5.372139249639247,5.372139249639247
2026-01-20 12:00:00,2026-01-20,12,1,1,51,48.155032106782116,Random Forest,2.844967893217884,2.844967893217884
2026-01-20 13:00:00,2026-01-20,13,1,1,35,52.306367509124875,Random Forest,-17.306367509124875,17.306367509124875
2026-01-20 14:00:00,2026-01-20,14,1,1,55,50.41165836940836,Random Forest,4.588341630591643,4.588341630591643
2026-01-20 15:00:00,2026-01-20,15,1,1,67,65.68982231983706,Random Forest,1.310177680162937,1.310177680162937
2026-01-20 16:00:00,2026-01-20,16,1,1,82,83.76352010122227,Random Forest,-1.7635201012222694,1.7635201012222694
2026-01-20 17:00:00,2026-01-20,17,1,1,166,128.9373968253968,Random Forest,37.0626031746032,37.0626031746032
2026-01-20 18:00:00,2026-01-20,18,1,1,154,181.3262923881673,Random Forest,-27.326292388167303,27.326292388167303
2026-01-20 19:00:00,2026-01-20,19,1,1,94,118.16215873015868,Random Forest,-24.16215873015868,24.16215873015868
2026-01-20 20:00:00,2026-01-20,20,1,1,82,76.03617887667886,Random Forest,5.963821123321139,5.963821123321139
2026-01-20 21:00:00,2026-01-20,21,1,1,28,43.004241341991346,Random Forest,-15.004241341991346,15.004241341991346
2026-01-20 22:00:00,2026-01-20,22,1,1,28,29.515615534224217,Random Forest,-1.5156155342242172,1.5156155342242172
2026-01-20 23:00:00,2026-01-20,23,1,1,16,18.50953968253969,Random Forest,-2.509539682539689,2.509539682539689
2026-01-21 00:00:00,2026-01-21,0,2,1,10,10.836037358502391,Random Forest,-0.8360373585023915,0.8360373585023915
2026-01-21 01:00:00,2026-01-21,1,2,1,3,4.365096940097697,Random Forest,-1.3650969400976969,1.3650969400976969
2026-01-21 02:00:00,2026-01-21,2,2,1,3,2.5795197323832006,Random Forest,0.42048026761679935,0.42048026761679935
2026-01-21 03:00:00,2026-01-21,3,2,1,0,0.9446456980750138,Random Forest,-0.9446456980750138,0.9446456980750138
2026-01-21 04:00:00,2026-01-21,4,2,1,12,10.82881250450391,Random Forest,1.1711874954960901,1.1711874954960901
2026-01-21 05:00:00,2026-01-21,5,2,1,32,30.854336572454546,Random Forest,1.145663427545454,1.145663427545454
2026-01-21 06:00:00,2026-01-21,6,2,1,75,70.33334217171716,Random Forest,4.666657828282837,4.666657828282837
2026-01-21 07:00:00,2026-01-21,7,2,1,131,136.80556709956716,Random Forest,-5.805567099567156,5.805567099567156
2026-01-21 08:00:00,2026-01-21,8,2,1,134,155.85629725829725,Random Forest,-21.856297258297246,21.856297258297246
2026-01-21 09:00:00,2026-01-21,9,2,1,59,75.42500162337664,Random Forest,-16.425001623376644,16.425001623376644
2026-01-21 10:00:00,2026-01-21,10,2,1,42,52.62574224386722,Random Forest,-10.625742243867222,10.625742243867222
2026-01-21 11:00:00,2026-01-21,11,2,1,44,45.97596031746032,Random Forest,-1.97596031746032,1.97596031746032
2026-01-21 12:00:00,2026-01-21,12,2,1,47,51.53955952380953,Random Forest,-4.53955952380953,4.53955952380953
2026-01-21 13:00:00,2026-01-21,13,2,1,70,58.95761706349207,Random Forest,11.042382936507927,11.042382936507927
2026-01-21 14:00:00,2026-01-21,14,2,1,72,75.1338031045752,Random Forest,-3.1338031045751933,3.1338031045751933
2026-01-21 15:00:00,2026-01-21,15,2,1,107,97.48243252907223,Random Forest,9.517567470927773,9.517567470927773
2026-01-21 16:00:00,2026-01-21,16,2,1,130,126.09200595238094,Random Forest,3.9079940476190558,3.9079940476190558
2026-01-21 17:00:00,2026-01-21,17,2,1,198,190.57952922077914,Random Forest,7.420470779220864,7.420470779220864
2026-01-21 18:00:00,2026-01-21,18,2,1,163,188.35357371794873,Random Forest,-25.353573717948734,25.353573717948734
2026-01-21 19:00:00,2026-01-21,19,2,1,98,103.29947046703295,Random Forest,-5.299470467032947,5.299470467032947
2026-01-21 20:00:00,2026-01-21,20,2,1,62,65.92142887667887,Random Forest,-3.921428876678874,3.921428876678874
2026-01-21 21:00:00,2026-01-21,21,2,1,43,48.68084145021645,Random Forest,-5.680841450216448,5.680841450216448
2026-01-21 22:00:00,2026-01-21,22,2,1,27,31.354673160173153,Random Forest,-4.354673160173153,4.354673160173153
2026-01-21 23:00:00,2026-01-21,23,2,1,24,22.884949603174586,Random Forest,1.1150503968254135,1.1150503968254135
2026-01-22 00:00:00,2026-01-22,0,3,1,4,8.146344017094016,Random Forest,-4.146344017094016,4.146344017094016
2026-01-22 01:00:00,2026-01-22,1,3,1,6,4.5243418040789605,Random Forest,1.4756581959210395,1.4756581959210395
2026-01-22 02:00:00,2026-01-22,2,3,1,3,3.096721237493471,Random Forest,-0.09672123749347117,0.09672123749347117
2026-01-22 03:00:00,2026-01-22,3,3,1,1,1.471721968420533,Random Forest,-0.47172196842053293,0.47172196842053293
2026-01-22 04:00:00,2026-01-22,4,3,1,8,8.691689839557993,Random Forest,-0.6916898395579931,0.6916898395579931
2026-01-22 05:00:00,2026-01-22,5,3,1,25,28.641960801240522,Random Forest,-3.641960801240522,3.641960801240522
2026-01-22 06:00:00,2026-01-22,6,3,1,59,60.84895238095236,Random Forest,-1.8489523809523618,1.8489523809523618
2026-01-22 07:00:00,2026-01-22,7,3,1,145,132.21018650793656,Random Forest,12.789813492063445,12.789813492063445
2026-01-22 08:00:00,2026-01-22,8,3,1,214,196.79725739538245,Random Forest,17.202742604617555,17.202742604617555
2026-01-22 09:00:00,2026-01-22,9,3,1,94,96.5927956349206,Random Forest,-2.5927956349206056,2.5927956349206056
2026-01-22 10:00:00,2026-01-22,10,3,1,55,61.03586534992788,Random Forest,-6.035865349927882,6.035865349927882
2026-01-22 11:00:00,2026-01-22,11,3,1,69,64.57591576479075,Random Forest,4.42408423520925,4.42408423520925
2026-01-22 12:00:00,2026-01-22,12,3,1,89,80.82109933833104,Random Forest,8.178900661668962,8.178900661668962
2026-01-22 13:00:00,2026-01-22,13,3,1,69,75.28895939995394,Random Forest,-6.288959399953939,6.288959399953939
2026-01-22 14:00:00,2026-01-22,14,3,1,64,72.92958005910215,Random Forest,-8.92958005910215,8.92958005910215
2026-01-22 15:00:00,2026-01-22,15,3,1,123,100.869571652204,Random Forest,22.130428347796,22.130428347796
2026-01-22 16:00:00,2026-01-22,16,3,1,160,155.96426495726502,Random Forest,4.035735042734984,4.035735042734984
2026-01-22 17:00:00,2026-01-22,17,3,1,229,222.02327579365075,Random Forest,6.976724206349246,6.976724206349246
2026-01-22 18:00:00,2026-01-22,18,3,1,230,220.59123426573427,Random Forest,9.408765734265728,9.408765734265728
2026-01-22 19:00:00,2026-01-22,19,3,1,138,140.80233134920636,Random Forest,-2.802331349206355,2.802331349206355
2026-01-22 20:00:00,2026-01-22,20,3,1,85,87.27865490065491,Random Forest,-2.2786549006549137,2.2786549006549137
2026-01-22 21:00:00,2026-01-22,21,3,1,73,65.96696428571433,Random Forest,7.033035714285674,7.033035714285674
2026-01-22 22:00:00,2026-01-22,22,3,1,42,45.87077182539682,Random Forest,-3.8707718253968224,3.8707718253968224
2026-01-22 23:00:00,2026-01-22,23,3,1,18,22.971554514929515,Random Forest,-4.971554514929515,4.971554514929515
2026-01-23 00:00:00,2026-01-23,0,4,1,15,13.555628654685002,Random Forest,1.4443713453149982,1.4443713453149982
2026-01-23 01:00:00,2026-01-23,1,4,1,7,6.210486214672345,Random Forest,0.7895137853276548,0.7895137853276548
2026-01-23 02:00:00,2026-01-23,2,4,1,2,4.020759420462138,Random Forest,-2.020759420462138,2.020759420462138
2026-01-23 03:00:00,2026-01-23,3,4,1,1,1.4609840880641745,Random Forest,-0.46098408806417446,0.46098408806417446
2026-01-23 04:00:00,2026-01-23,4,4,1,6,6.905097032620685,Random Forest,-0.9050970326206853,0.9050970326206853
2026-01-23 05:00:00,2026-01-23,5,4,1,28,24.2837523923445,Random Forest,3.7162476076555,3.7162476076555
2026-01-23 06:00:00,2026-01-23,6,4,1,66,64.33603950216451,Random Forest,1.6639604978354896,1.6639604978354896
2026-01-23 07:00:00,2026-01-23,7,4,1,119,128.0911329365079,Random Forest,-9.091132936507904,9.091132936507904
2026-01-23 08:00:00,2026-01-23,8,4,1,143,147.87553661616167,Random Forest,-4.875536616161668,4.875536616161668
2026-01-23 09:00:00,2026-01-23,9,4,1,106,105.4339376068376,Random Forest,0.5660623931623974,0.5660623931623974
2026-01-23 10:00:00,2026-01-23,10,4,1,68,81.93889424464423,Random Forest,-13.938894244644231,13.938894244644231
2026-01-23 11:00:00,2026-01-23,11,4,1,84,79.92396577034081,Random Forest,4.076034229659186,4.076034229659186
2026-01-23 12:00:00,2026-01-23,12,4,1,96,94.4550766357381,Random Forest,1.544923364261905,1.544923364261905
2026-01-23 13:00:00,2026-01-23,13,4,1,90,95.90585360977433,Random Forest,-5.905853609774326,5.905853609774326
2026-01-23 14:00:00,2026-01-23,14,4,1,99,97.59402756388725,Random Forest,1.405972436112748,1.405972436112748
2026-01-23 15:00:00,2026-01-23,15,4,1,139,135.115582297731,Random Forest,3.8844177022689905,3.8844177022689905
2026-01-23 16:00:00,2026-01-23,16,4,1,161,168.326307997558,Random Forest,-7.32630799755799,7.32630799755799
2026-01-23 17:00:00,2026-01-23,17,4,1,209,203.87341486291484,Random Forest,5.126585137085158,5.126585137085158
2026-01-23 18:00:00,2026-01-23,18,4,1,152,175.94165079365087,Random Forest,-23.941650793650865,23.941650793650865
2026-01-23 19:00:00,2026-01-23,19,4,1,93,104.65259343434343,Random Forest,-11.65259343434343,11.65259343434343
2026-01-23 20:00:00,2026-01-23,20,4,1,61,63.857627830502786,Random Forest,-2.8576278305027856,2.8576278305027856
2026-01-23 21:00:00,2026-01-23,21,4,1,47,48.91949007936505,Random Forest,-1.9194900793650476,1.9194900793650476
2026-01-23 22:00:00,2026-01-23,22,4,1,41,40.812833114984436,Random Forest,0.18716688501556433,0.18716688501556433
2026-01-23 23:00:00,2026-01-23,23,4,1,32,33.500235930735926,Random Forest,-1.5002359307359256,1.5002359307359256
2026-01-24 00:00:00,2026-01-24,0,5,1,11,15.956395202020206,Random Forest,-4.956395202020206,4.956395202020206
2026-01-24 01:00:00,2026-01-24,1,5,1,12,10.244969257795342,Random Forest,1.7550307422046583,1.7550307422046583
2026-01-24 02:00:00,2026-01-24,2,5,1,7,8.503132881007883,Random Forest,-1.5031328810078826,1.5031328810078826
2026-01-24 03:00:00,2026-01-24,3,5,1,5,5.143067105471967,Random Forest,-0.14306710547196744,0.14306710547196744
2026-01-24 04:00:00,2026-01-24,4,5,1,2,5.230964979033794,Random Forest,-3.2309649790337938,3.2309649790337938
2026-01-24 05:00:00,2026-01-24,5,5,1,8,10.040612291947813,Random Forest,-2.040612291947813,2.040612291947813
2026-01-24 06:00:00,2026-01-24,6,5,1,7,10.310376262626269,Random Forest,-3.310376262626269,3.310376262626269
2026-01-24 07:00:00,2026-01-24,7,5,1,27,29.597190476190463,Random Forest,-2.5971904761904625,2.5971904761904625
2026-01-24 08:00:00,2026-01-24,8,5,1,44,46.266756132756136,Random Forest,-2.266756132756136,2.266756132756136
2026-01-24 09:00:00,2026-01-24,9,5,1,67,67.79582738095237,Random Forest,-0.7958273809523746,0.7958273809523746
2026-01-24 10:00:00,2026-01-24,10,5,1,69,81.13654603729603,Random Forest,-12.136546037296029,12.136546037296029
2026-01-24 11:00:00,2026-01-24,11,5,1,85,83.26591850178808,Random Forest,1.7340814982119213,1.7340814982119213
2026-01-24 12:00:00,2026-01-24,12,5,1,80,82.6062397701855,Random Forest,-2.6062397701854962,2.6062397701854962
2026-01-24 13:00:00,2026-01-24,13,5,1,98,91.36702946828153,Random Forest,6.63297053171847,6.63297053171847
2026-01-24 14:00:00,2026-01-24,14,5,1,76,79.54977770290435,Random Forest,-3.5497777029043505,3.5497777029043505
2026-01-24 15:00:00,2026-01-24,15,5,1,98,88.86654032734481,Random Forest,9.133459672655192,9.133459672655192
2026-01-24 16:00:00,2026-01-24,16,5,1,68,85.18704657247561,Random Forest,-17.18704657247561,17.18704657247561
2026-01-24 17:00:00,2026-01-24,17,5,1,69,72.85447132847135,Random Forest,-3.854471328471348,3.854471328471348
2026-01-24 18:00:00,2026-01-24,18,5,1,62,64.80255730978901,Random Forest,-2.802557309789009,2.802557309789009
2026-01-24 19:00:00,2026-01-24,19,5,1,44,48.42090386002886,Random Forest,-4.420903860028858,4.420903860028858
2026-01-24 20:00:00,2026-01-24,20,5,1,28,32.33180916305916,Random Forest,-4.331809163059162,4.331809163059162
2026-01-24 21:00:00,2026-01-24,21,5,1,30,27.795483393240747,Random Forest,2.2045166067592525,2.2045166067592525
2026-01-24 22:00:00,2026-01-24,22,5,1,20,25.736101409460108,Random Forest,-5.736101409460108,5.736101409460108
2026-01-24 23:00:00,2026-01-24,23,5,1,25,22.169452380952375,Random Forest,2.830547619047625,2.830547619047625
2026-01-25 00:00:00,2026-01-25,0,6,1,22,18.727821583335533,Random Forest,3.2721784166644667,3.2721784166644667
2026-01-25 01:00:00,2026-01-25,1,6,1,13,15.471003142718182,Random Forest,-2.4710031427181818,2.4710031427181818
2026-01-25 02:00:00,2026-01-25,2,6,1,11,10.607938569915973,Random Forest,0.39206143008402705,0.39206143008402705
2026-01-25 03:00:00,2026-01-25,3,6,1,3,6.222790455362026,Random Forest,-3.222790455362026,3.222790455362026
2026-01-25 04:00:00,2026-01-25,4,6,1,2,3.8357378560981505,Random Forest,-1.8357378560981505,1.8357378560981505
2026-01-25 05:00:00,2026-01-25,5,6,1,6,5.361545545526123,Random Forest,0.6384544544738766,0.6384544544738766
2026-01-25 06:00:00,2026-01-25,6,6,1,4,5.404723082858072,Random Forest,-1.4047230828580721,1.4047230828580721
2026-01-25 07:00:00,2026-01-25,7,6,1,1,4.796728424353425,Random Forest,-3.796728424353425,3.796728424353425
2026-01-25 08:00:00,2026-01-25,8,6,1,4,5.212810786435788,Random Forest,-1.2128107864357878,1.2128107864357878
2026-01-25 09:00:00,2026-01-25,9,6,1,2,5.382823412698412,Random Forest,-3.3828234126984116,3.3828234126984116
2026-01-25 10:00:00,2026-01-25,10,6,1,3,3.1700634920634925,Random Forest,-0.17006349206349247,0.17006349206349247
2026-01-25 11:00:00,2026-01-25,11,6,1,2,3.622202380952382,Random Forest,-1.6222023809523818,1.6222023809523818
2026-01-25 12:00:00,2026-01-25,12,6,1,0,1.3580820707070709,Random Forest,-1.3580820707070709,1.3580820707070709
2026-01-25 13:00:00,2026-01-25,13,6,1,0,0.08875,Random Forest,-0.08875,0.08875
2026-01-25 14:00:00,2026-01-25,14,6,1,0,0.07208333333333333,Random Forest,-0.07208333333333333,0.07208333333333333
2026-01-25 15:00:00,2026-01-25,15,6,1,0,0.05416666666666667,Random Forest,-0.05416666666666667,0.05416666666666667
2026-01-25 16:00:00,2026-01-25,16,6,1,0,0.006666666666666666,Random Forest,-0.006666666666666666,0.006666666666666666
2026-01-25 17:00:00,2026-01-25,17,6,1,0,0.006666666666666666,Random Forest,-0.006666666666666666,0.006666666666666666
2026-01-25 18:00:00,2026-01-25,18,6,1,0,0.08166666666666668,Random Forest,-0.08166666666666668,0.08166666666666668
2026-01-25 19:00:00,2026-01-25,19,6,1,0,0.13216666666666665,Random Forest,-0.13216666666666665,0.13216666666666665
2026-01-25 20:00:00,2026-01-25,20,6,1,0,0.17149999999999999,Random Forest,-0.17149999999999999,0.17149999999999999
2026-01-25 21:00:00,2026-01-25,21,6,1,0,0.09583333333333334,Random Forest,-0.09583333333333334,0.09583333333333334
2026-01-25 22:00:00,2026-01-25,22,6,1,0,0.11139285714285714,Random Forest,-0.11139285714285714,0.11139285714285714
2026-01-25 23:00:00,2026-01-25,23,6,1,0,0.08572619047619048,Random Forest,-0.08572619047619048,0.08572619047619048
2026-01-26 00:00:00,2026-01-26,0,0,1,0,0.2832380952380953,Random Forest,-0.2832380952380953,0.2832380952380953
2026-01-26 01:00:00,2026-01-26,1,0,1,0,0.1609047619047619,Random Forest,-0.1609047619047619,0.1609047619047619
2026-01-26 02:00:00,2026-01-26,2,0,1,0,0.15303373015873015,Random Forest,-0.15303373015873015,0.15303373015873015
2026-01-26 03:00:00,2026-01-26,3,0,1,0,0.10812599206349206,Random Forest,-0.10812599206349206,0.10812599206349206
2026-01-26 04:00:00,2026-01-26,4,0,1,0,0.5333225108225108,Random Forest,-0.5333225108225108,0.5333225108225108
2026-01-26 05:00:00,2026-01-26,5,0,1,0,0.20550108225108224,Random Forest,-0.20550108225108224,0.20550108225108224
2026-01-26 06:00:00,2026-01-26,6,0,1,0,0.21963095238095234,Random Forest,-0.21963095238095234,0.21963095238095234
2026-01-26 07:00:00,2026-01-26,7,0,1,2,0.6548324314574314,Random Forest,1.3451675685425686,1.3451675685425686
2026-01-26 08:00:00,2026-01-26,8,0,1,1,4.604416666666666,Random Forest,-3.6044166666666664,3.6044166666666664
2026-01-26 09:00:00,2026-01-26,9,0,1,6,4.669047258297257,Random Forest,1.3309527417027427,1.3309527417027427
2026-01-26 10:00:00,2026-01-26,10,0,1,5,5.7447891691641715,Random Forest,-0.7447891691641715,0.7447891691641715
2026-01-26 11:00:00,2026-01-26,11,0,1,6,7.066412490287495,Random Forest,-1.0664124902874947,1.0664124902874947
2026-01-26 12:00:00,2026-01-26,12,0,1,6,7.926305347430352,Random Forest,-1.9263053474303522,1.9263053474303522
2026-01-26 13:00:00,2026-01-26,13,0,1,11,8.657253940503944,Random Forest,2.342746059496056,2.342746059496056
2026-01-26 14:00:00,2026-01-26,14,0,1,9,10.18084688922189,Random Forest,-1.1808468892218897,1.1808468892218897
2026-01-26 15:00:00,2026-01-26,15,0,1,7,9.883358072483071,Random Forest,-2.8833580724830714,2.8833580724830714
2026-01-26 16:00:00,2026-01-26,16,0,1,16,12.298354464979463,Random Forest,3.7016455350205373,3.7016455350205373
2026-01-26 17:00:00,2026-01-26,17,0,1,12,12.847638167388167,Random Forest,-0.8476381673881672,0.8476381673881672
2026-01-26 18:00:00,2026-01-26,18,0,1,17,14.715738997113997,Random Forest,2.2842610028860033,2.2842610028860033
2026-01-26 19:00:00,2026-01-26,19,0,1,7,10.658720057720059,Random Forest,-3.6587200577200587,3.6587200577200587
2026-01-26 20:00:00,2026-01-26,20,0,1,4,6.54383134920635,Random Forest,-2.54383134920635,2.54383134920635
2026-01-26 21:00:00,2026-01-26,21,0,1,4,4.906615800865801,Random Forest,-0.9066158008658007,0.9066158008658007
2026-01-26 22:00:00,2026-01-26,22,0,1,5,5.019794372294372,Random Forest,-0.01979437229437231,0.01979437229437231
2026-01-26 23:00:00,2026-01-26,23,0,1,4,5.043287157287158,Random Forest,-1.0432871572871578,1.0432871572871578
2026-01-27 00:00:00,2026-01-27,0,1,1,1,2.1041170634920636,Random Forest,-1.1041170634920636,1.1041170634920636
2026-01-27 01:00:00,2026-01-27,1,1,1,1,0.7461030122655121,Random Forest,0.2538969877344879,0.2538969877344879
2026-01-27 02:00:00,2026-01-27,2,1,1,1,0.6089926642801643,Random Forest,0.3910073357198357,0.3910073357198357
2026-01-27 03:00:00,2026-01-27,3,1,1,0,0.5020213439338438,Random Forest,-0.5020213439338438,0.5020213439338438
2026-01-27 04:00:00,2026-01-27,4,1,1,1,0.9356538600288603,Random Forest,0.0643461399711397,0.0643461399711397
2026-01-27 05:00:00,2026-01-27,5,1,1,8,5.78767857142857,Random Forest,2.21232142857143,2.21232142857143
2026-01-27 06:00:00,2026-01-27,6,1,1,13,11.674733946608944,Random Forest,1.325266053391056,1.325266053391056
2026-01-27 07:00:00,2026-01-27,7,1,1,18,17.50136652236651,Random Forest,0.49863347763349,0.49863347763349
2026-01-27 08:00:00,2026-01-27,8,1,1,31,27.28426388888888,Random Forest,3.71573611111112,3.71573611111112
2026-01-27 09:00:00,2026-01-27,9,1,1,17,25.974773809523803,Random Forest,-8.974773809523803,8.974773809523803
2026-01-27 10:00:00,2026-01-27,10,1,1,8,11.260058223209544,Random Forest,-3.260058223209544,3.260058223209544
2026-01-27 11:00:00,2026-01-27,11,1,1,11,10.911410329436647,Random Forest,0.0885896705633531,0.0885896705633531
2026-01-27 12:00:00,2026-01-27,12,1,1,10,10.867167377943693,Random Forest,-0.8671673779436926,0.8671673779436926
2026-01-27 13:00:00,2026-01-27,13,1,1,10,11.584298634372162,Random Forest,-1.5842986343721623,1.5842986343721623
2026-01-27 14:00:00,2026-01-27,14,1,1,11,11.204821014769545,Random Forest,-0.20482101476954462,0.20482101476954462
2026-01-27 15:00:00,2026-01-27,15,1,1,13,12.421352941176472,Random Forest,0.5786470588235275,0.5786470588235275
2026-01-27 16:00:00,2026-01-27,16,1,1,24,22.30556470163823,Random Forest,1.6944352983617712,1.6944352983617712
2026-01-27 17:00:00,2026-01-27,17,1,1,29,28.10652326839827,Random Forest,0.89347673160173,0.89347673160173
2026-01-27 18:00:00,2026-01-27,18,1,1,34,35.308407196969696,Random Forest,-1.3084071969696964,1.3084071969696964
2026-01-27 19:00:00,2026-01-27,19,1,1,40,32.855892857142884,Random Forest,7.144107142857116,7.144107142857116
2026-01-27 20:00:00,2026-01-27,20,1,1,15,23.202938672438663,Random Forest,-8.202938672438663,8.202938672438663
2026-01-27 21:00:00,2026-01-27,21,1,1,14,12.452435970462293,Random Forest,1.5475640295377069,1.5475640295377069
2026-01-27 22:00:00,2026-01-27,22,1,1,12,11.896833156609475,Random Forest,0.10316684339052529,0.10316684339052529
2026-01-27 23:00:00,2026-01-27,23,1,1,7,8.850003208779519,Random Forest,-1.850003208779519,1.850003208779519
2026-01-28 00:00:00,2026-01-28,0,2,1,4,3.95785728178079,Random Forest,0.04214271821921001,0.04214271821921001
2026-01-28 01:00:00,2026-01-28,1,2,1,2,1.8653219095719098,Random Forest,0.1346780904280902,0.1346780904280902
2026-01-28 02:00:00,2026-01-28,2,2,1,0,0.6433173967372499,Random Forest,-0.6433173967372499,0.6433173967372499
2026-01-28 03:00:00,2026-01-28,3,2,1,1,0.8391334054834053,Random Forest,0.16086659451659469,0.16086659451659469
2026-01-28 04:00:00,2026-01-28,4,2,1,2,2.5200084776334783,Random Forest,-0.5200084776334783,0.5200084776334783
2026-01-28 05:00:00,2026-01-28,5,2,1,11,9.24393253968254,Random Forest,1.7560674603174604,1.7560674603174604
2026-01-28 06:00:00,2026-01-28,6,2,1,14,15.638486821185346,Random Forest,-1.6384868211853458,1.6384868211853458
2026-01-28 07:00:00,2026-01-28,7,2,1,27,27.269361111111124,Random Forest,-0.2693611111111238,0.2693611111111238
2026-01-28 08:00:00,2026-01-28,8,2,1,58,51.85766107503609,Random Forest,6.142338924963909,6.142338924963909
2026-01-28 09:00:00,2026-01-28,9,2,1,12,31.922476731601733,Random Forest,-19.922476731601733,19.922476731601733
2026-01-28 10:00:00,2026-01-28,10,2,1,11,12.390003129950605,Random Forest,-1.390003129950605,1.390003129950605
2026-01-28 11:00:00,2026-01-28,11,2,1,16,14.404480892331598,Random Forest,1.5955191076684017,1.5955191076684017
2026-01-28 12:00:00,2026-01-28,12,2,1,22,18.507173318422254,Random Forest,3.4928266815777462,3.4928266815777462
2026-01-28 13:00:00,2026-01-28,13,2,1,15,18.812135259259204,Random Forest,-3.812135259259204,3.812135259259204
2026-01-28 14:00:00,2026-01-28,14,2,1,22,19.462074088545858,Random Forest,2.537925911454142,2.537925911454142
2026-01-28 15:00:00,2026-01-28,15,2,1,35,28.547193977591043,Random Forest,6.452806022408957,6.452806022408957
2026-01-28 16:00:00,2026-01-28,16,2,1,26,32.39930348516219,Random Forest,-6.399303485162193,6.399303485162193
2026-01-28 17:00:00,2026-01-28,17,2,1,37,36.55009127376246,Random Forest,0.4499087262375383,0.4499087262375383
2026-01-28 18:00:00,2026-01-28,18,2,1,40,38.317510555869255,Random Forest,1.682489444130745,1.682489444130745
2026-01-28 19:00:00,2026-01-28,19,2,1,39,36.75766621964992,Random Forest,2.24233378035008,2.24233378035008
2026-01-28 20:00:00,2026-01-28,20,2,1,14,20.425958513708512,Random Forest,-6.425958513708512,6.425958513708512
2026-01-28 21:00:00,2026-01-28,21,2,1,19,15.772904171498997,Random Forest,3.227095828501003,3.227095828501003
2026-01-28 22:00:00,2026-01-28,22,2,1,16,15.964465956935783,Random Forest,0.03553404306421726,0.03553404306421726
2026-01-28 23:00:00,2026-01-28,23,2,1,2,7.289229399255718,Random Forest,-5.289229399255718,5.289229399255718
2026-01-29 00:00:00,2026-01-29,0,3,1,0,0.9315782828282828,Random Forest,-0.9315782828282828,0.9315782828282828
2026-01-29 01:00:00,2026-01-29,1,3,1,1,0.868763005050505,Random Forest,0.13123699494949503,0.13123699494949503
2026-01-29 02:00:00,2026-01-29,2,3,1,0,0.8306727351506121,Random Forest,-0.8306727351506121,0.8306727351506121
2026-01-29 03:00:00,2026-01-29,3,3,1,2,1.1984571729350513,Random Forest,0.8015428270649487,0.8015428270649487
2026-01-29 04:00:00,2026-01-29,4,3,1,2,3.0590652958152957,Random Forest,-1.0590652958152957,1.0590652958152957
2026-01-29 05:00:00,2026-01-29,5,3,1,10,9.815556903064254,Random Forest,0.18444309693574645,0.18444309693574645
2026-01-29 06:00:00,2026-01-29,6,3,1,14,14.402281102574463,Random Forest,-0.40228110257446303,0.40228110257446303
2026-01-29 07:00:00,2026-01-29,7,3,1,31,29.18429365079364,Random Forest,1.8157063492063585,1.8157063492063585
2026-01-29 08:00:00,2026-01-29,8,3,1,42,49.71678679653678,Random Forest,-7.7167867965367805,7.7167867965367805
2026-01-29 09:00:00,2026-01-29,9,3,1,20,33.671237554112565,Random Forest,-13.671237554112565,13.671237554112565
2026-01-29 10:00:00,2026-01-29,10,3,1,13,16.332324603918373,Random Forest,-3.332324603918373,3.332324603918373
2026-01-29 11:00:00,2026-01-29,11,3,1,13,16.85159652888883,Random Forest,-3.8515965288888303,3.8515965288888303
2026-01-29 12:00:00,2026-01-29,12,3,1,16,18.472139123184427,Random Forest,-2.4721391231844265,2.4721391231844265
2026-01-29 13:00:00,2026-01-29,13,3,1,21,20.176800244291073,Random Forest,0.8231997557089272,0.8231997557089272
2026-01-29 14:00:00,2026-01-29,14,3,1,25,23.089877416753595,Random Forest,1.9101225832464053,1.9101225832464053
2026-01-29 15:00:00,2026-01-29,15,3,1,37,36.00828625541125,Random Forest,0.9917137445887505,0.9917137445887505
2026-01-29 16:00:00,2026-01-29,16,3,1,29,34.20757819656191,Random Forest,-5.2075781965619115,5.2075781965619115
2026-01-29 17:00:00,2026-01-29,17,3,1,38,40.29122718253968,Random Forest,-2.2912271825396786,2.2912271825396786
2026-01-29 18:00:00,2026-01-29,18,3,1,51,46.35676388888889,Random Forest,4.643236111111108,4.643236111111108
2026-01-29 19:00:00,2026-01-29,19,3,1,27,36.376031746031735,Random Forest,-9.376031746031735,9.376031746031735
2026-01-29 20:00:00,2026-01-29,20,3,1,15,21.766794198139024,Random Forest,-6.766794198139024,6.766794198139024
2026-01-29 21:00:00,2026-01-29,21,3,1,12,14.187500985125986,Random Forest,-2.187500985125986,2.187500985125986
2026-01-29 22:00:00,2026-01-29,22,3,1,7,10.63095719558219,Random Forest,-3.630957195582191,3.630957195582191
2026-01-29 23:00:00,2026-01-29,23,3,1,9,8.373786602286605,Random Forest,0.6262133977133946,0.6262133977133946
2026-01-30 00:00:00,2026-01-30,0,4,1,1,3.8447718253968266,Random Forest,-2.8447718253968266,2.8447718253968266
2026-01-30 01:00:00,2026-01-30,1,4,1,1,1.4360647130647128,Random Forest,-0.43606471306471284,0.43606471306471284
2026-01-30 02:00:00,2026-01-30,2,4,1,2,1.4036058387300392,Random Forest,0.5963941612699608,0.5963941612699608
2026-01-30 03:00:00,2026-01-30,3,4,1,0,0.6492062158855638,Random Forest,-0.6492062158855638,0.6492062158855638
2026-01-30 04:00:00,2026-01-30,4,4,1,2,1.8663661616161606,Random Forest,0.13363383838383935,0.13363383838383935
2026-01-30 05:00:00,2026-01-30,5,4,1,7,9.118913865546215,Random Forest,-2.118913865546215,2.118913865546215
2026-01-30 06:00:00,2026-01-30,6,4,1,8,10.930717436974787,Random Forest,-2.9307174369747866,2.9307174369747866
2026-01-30 07:00:00,2026-01-30,7,4,1,21,21.05204184704185,Random Forest,-0.05204184704184911,0.05204184704184911
2026-01-30 08:00:00,2026-01-30,8,4,1,22,28.870603174603172,Random Forest,-6.870603174603172,6.870603174603172
2026-01-30 09:00:00,2026-01-30,9,4,1,22,24.686020910514745,Random Forest,-2.6860209105147455,2.6860209105147455
2026-01-30 10:00:00,2026-01-30,10,4,1,18,19.269425917946926,Random Forest,-1.2694259179469256,1.2694259179469256
2026-01-30 11:00:00,2026-01-30,11,4,1,16,18.642778340584663,Random Forest,-2.6427783405846625,2.6427783405846625
2026-01-30 12:00:00,2026-01-30,12,4,1,26,22.828346841528184,Random Forest,3.171653158471816,3.171653158471816
2026-01-30 13:00:00,2026-01-30,13,4,1,22,27.595431457431474,Random Forest,-5.595431457431474,5.595431457431474
2026-01-30 14:00:00,2026-01-30,14,4,1,21,22.895368936210847,Random Forest,-1.895368936210847,1.895368936210847
2026-01-30 15:00:00,2026-01-30,15,4,1,31,28.584657913165255,Random Forest,2.4153420868347446,2.4153420868347446
2026-01-30 16:00:00,2026-01-30,16,4,1,38,37.880132850241566,Random Forest,0.11986714975843427,0.11986714975843427
2026-01-30 17:00:00,2026-01-30,17,4,1,63,51.2892398989899,Random Forest,11.710760101010102,11.710760101010102
2026-01-30 18:00:00,2026-01-30,18,4,1,26,49.30377398989902,Random Forest,-23.30377398989902,23.30377398989902
2026-01-30 19:00:00,2026-01-30,19,4,1,24,26.67442848516218,Random Forest,-2.6744284851621813,2.6744284851621813
2026-01-30 20:00:00,2026-01-30,20,4,1,21,20.08627994227994,Random Forest,0.9137200577200595,0.9137200577200595
2026-01-30 21:00:00,2026-01-30,21,4,1,11,14.617162823287817,Random Forest,-3.617162823287817,3.617162823287817
2026-01-30 22:00:00,2026-01-30,22,4,1,10,9.060475431001743,Random Forest,0.939524568998257,0.939524568998257
2026-01-30 23:00:00,2026-01-30,23,4,1,6,7.401774877899879,Random Forest,-1.4017748778998786,1.4017748778998786
2026-01-31 00:00:00,2026-01-31,0,5,1,6,4.485168831168832,Random Forest,1.5148311688311678,1.5148311688311678
2026-01-31 01:00:00,2026-01-31,1,5,1,3,4.049234612609612,Random Forest,-1.0492346126096121,1.0492346126096121
2026-01-31 02:00:00,2026-01-31,2,5,1,2,2.478951983201983,Random Forest,-0.47895198320198284,0.47895198320198284
2026-01-31 03:00:00,2026-01-31,3,5,1,2,1.9822582972582985,Random Forest,0.017741702741701504,0.017741702741701504
2026-01-31 04:00:00,2026-01-31,4,5,1,1,2.24469266191325,Random Forest,-1.2446926619132501,1.2446926619132501
2026-01-31 05:00:00,2026-01-31,5,5,1,1,1.9803133116883118,Random Forest,-0.9803133116883118,0.9803133116883118
2026-01-31 06:00:00,2026-01-31,6,5,1,2,2.2661751443001443,Random Forest,-0.26617514430014433,0.26617514430014433
2026-01-31 07:00:00,2026-01-31,7,5,1,10,9.644930375180376,Random Forest,0.3550696248196239,0.3550696248196239
2026-01-31 08:00:00,2026-01-31,8,5,1,13,13.915381347818853,Random Forest,-0.9153813478188528,0.9153813478188528
2026-01-31 09:00:00,2026-01-31,9,5,1,23,21.469848938695712,Random Forest,1.530151061304288,1.530151061304288
2026-01-31 10:00:00,2026-01-31,10,5,1,32,25.556735663082442,Random Forest,6.443264336917558,6.443264336917558
2026-01-31 11:00:00,2026-01-31,11,5,1,34,31.802818362193356,Random Forest,2.1971816378066436,2.1971816378066436
2026-01-31 12:00:00,2026-01-31,12,5,1,29,30.07718542568542,Random Forest,-1.0771854256854212,1.0771854256854212
2026-01-31 13:00:00,2026-01-31,13,5,1,33,32.75702615440117,Random Forest,0.24297384559883284,0.24297384559883284
2026-01-31 14:00:00,2026-01-31,14,5,1,36,34.04143542568543,Random Forest,1.9585645743145719,1.9585645743145719
2026-01-31 15:00:00,2026-01-31,15,5,1,34,34.48040521676392,Random Forest,-0.4804052167639199,0.4804052167639199
2026-01-31 16:00:00,2026-01-31,16,5,1,31,34.794475021958704,Random Forest,-3.7944750219587036,3.7944750219587036
2026-01-31 17:00:00,2026-01-31,17,5,1,40,39.068724567099565,Random Forest,0.9312754329004349,0.9312754329004349
2026-01-31 18:00:00,2026-01-31,18,5,1,20,26.65954446640317,Random Forest,-6.659544466403169,6.659544466403169
2026-01-31 19:00:00,2026-01-31,19,5,1,17,17.12733874749802,Random Forest,-0.127338747498019,0.127338747498019
2026-01-31 20:00:00,2026-01-31,20,5,1,11,13.015492583805084,Random Forest,-2.0154925838050843,2.0154925838050843
2026-01-31 21:00:00,2026-01-31,21,5,1,10,9.68513432400932,Random Forest,0.3148656759906796,0.3148656759906796
2026-01-31 22:00:00,2026-01-31,22,5,1,7,8.130775058275056,Random Forest,-1.1307750582750558,1.1307750582750558
2026-01-31 23:00:00,2026-01-31,23,5,1,8,8.098826284826284,Random Forest,-0.0988262848262842,0.0988262848262842
2026-02-01 00:00:00,2026-02-01,0,6,2,4,6.588670634920633,Random Forest,-2.588670634920633,2.588670634920633
2026-02-01 01:00:00,2026-02-01,1,6,2,2,3.937808080808082,Random Forest,-1.937808080808082,1.937808080808082
2026-02-01 02:00:00,2026-02-01,2,6,2,4,3.8011075036075037,Random Forest,0.1988924963924963,0.1988924963924963
2026-02-01 03:00:00,2026-02-01,3,6,2,3,3.0603057359307373,Random Forest,-0.06030573593073729,0.06030573593073729
2026-02-01 04:00:00,2026-02-01,4,6,2,1,2.11417354214413,Random Forest,-1.1141735421441301,1.1141735421441301
2026-02-01 05:00:00,2026-02-01,5,6,2,1,2.134879148629149,Random Forest,-1.1348791486291492,1.1348791486291492
2026-02-01 06:00:00,2026-02-01,6,6,2,3,2.777634559884559,Random Forest,0.2223654401154409,0.2223654401154409
2026-02-01 07:00:00,2026-02-01,7,6,2,2,4.2226305916305895,Random Forest,-2.2226305916305895,2.2226305916305895
2026-02-01 08:00:00,2026-02-01,8,6,2,12,8.651907287157291,Random Forest,3.3480927128427087,3.3480927128427087
2026-02-01 09:00:00,2026-02-01,9,6,2,17,17.014432938029714,Random Forest,-0.014432938029713682,0.014432938029713682
2026-02-01 10:00:00,2026-02-01,10,6,2,23,23.253244047619045,Random Forest,-0.2532440476190452,0.2532440476190452
2026-02-01 11:00:00,2026-02-01,11,6,2,26,24.0845992063492,Random Forest,1.9154007936508002,1.9154007936508002
2026-02-01 12:00:00,2026-02-01,12,6,2,26,28.636544191919192,Random Forest,-2.6365441919191923,2.6365441919191923
2026-02-01 13:00:00,2026-02-01,13,6,2,36,30.8684172077922,Random Forest,5.1315827922078014,5.1315827922078014
2026-02-01 14:00:00,2026-02-01,14,6,2,32,31.80798659003831,Random Forest,0.1920134099616888,0.1920134099616888
2026-02-01 15:00:00,2026-02-01,15,6,2,22,29.847013826690542,Random Forest,-7.847013826690542,7.847013826690542
2026-02-01 16:00:00,2026-02-01,16,6,2,20,22.211953548085894,Random Forest,-2.2119535480858943,2.2119535480858943
2026-02-01 17:00:00,2026-02-01,17,6,2,26,23.40598727824462,Random Forest,2.59401272175538,2.59401272175538
2026-02-01 18:00:00,2026-02-01,18,6,2,20,23.2205762987013,Random Forest,-3.2205762987012996,3.2205762987012996
2026-02-01 19:00:00,2026-02-01,19,6,2,13,15.385866920713699,Random Forest,-2.385866920713699,2.385866920713699
2026-02-01 20:00:00,2026-02-01,20,6,2,15,13.80160744810744,Random Forest,1.1983925518925602,1.1983925518925602
2026-02-01 21:00:00,2026-02-01,21,6,2,6,10.347253968253964,Random Forest,-4.347253968253964,4.347253968253964
2026-02-01 22:00:00,2026-02-01,22,6,2,4,5.61660666539343,Random Forest,-1.6166066653934301,1.6166066653934301
2026-02-01 23:00:00,2026-02-01,23,6,2,4,5.298934046345811,Random Forest,-1.2989340463458108,1.2989340463458108
2026-02-02 00:00:00,2026-02-02,0,0,2,3,2.7077652116402118,Random Forest,0.2922347883597882,0.2922347883597882
2026-02-02 01:00:00,2026-02-02,1,0,2,3,2.435015211640211,Random Forest,0.5649847883597889,0.5649847883597889
2026-02-02 02:00:00,2026-02-02,2,0,2,1,1.3904100529100527,Random Forest,-0.3904100529100527,0.3904100529100527
2026-02-02 03:00:00,2026-02-02,3,0,2,0,0.5678174603174603,Random Forest,-0.5678174603174603,0.5678174603174603
2026-02-02 04:00:00,2026-02-02,4,0,2,2,2.3246884920634927,Random Forest,-0.3246884920634927,0.3246884920634927
2026-02-02 05:00:00,2026-02-02,5,0,2,13,9.46001948051948,Random Forest,3.5399805194805207,3.5399805194805207
2026-02-02 06:00:00,2026-02-02,6,0,2,17,23.45094444444445,Random Forest,-6.450944444444449,6.450944444444449
2026-02-02 07:00:00,2026-02-02,7,0,2,45,31.505271825396832,Random Forest,13.494728174603168,13.494728174603168
2026-02-02 08:00:00,2026-02-02,8,0,2,55,48.63154166666668,Random Forest,6.368458333333322,6.368458333333322
2026-02-02 09:00:00,2026-02-02,9,0,2,23,33.68797871572871,Random Forest,-10.687978715728711,10.687978715728711
2026-02-02 10:00:00,2026-02-02,10,0,2,25,26.95630194805194,Random Forest,-1.9563019480519408,1.9563019480519408
2026-02-02 11:00:00,2026-02-02,11,0,2,28,27.483847222222202,Random Forest,0.5161527777777977,0.5161527777777977
2026-02-02 12:00:00,2026-02-02,12,0,2,23,26.372835317460307,Random Forest,-3.372835317460307,3.372835317460307
2026-02-02 13:00:00,2026-02-02,13,0,2,27,27.414845238095236,Random Forest,-0.41484523809523566,0.41484523809523566
2026-02-02 14:00:00,2026-02-02,14,0,2,37,34.6614790764791,Random Forest,2.3385209235209032,2.3385209235209032
2026-02-02 15:00:00,2026-02-02,15,0,2,44,38.647116460168185,Random Forest,5.352883539831815,5.352883539831815
2026-02-02 16:00:00,2026-02-02,16,0,2,61,50.40231132756131,Random Forest,10.597688672438693,10.597688672438693
2026-02-02 17:00:00,2026-02-02,17,0,2,89,70.02891522366525,Random Forest,18.97108477633475,18.97108477633475
2026-02-02 18:00:00,2026-02-02,18,0,2,82,72.49350793650795,Random Forest,9.506492063492047,9.506492063492047
2026-02-02 19:00:00,2026-02-02,19,0,2,46,51.41611904761904,Random Forest,-5.416119047619041,5.416119047619041
2026-02-02 20:00:00,2026-02-02,20,0,2,36,36.890460934533294,Random Forest,-0.8904609345332943,0.8904609345332943
2026-02-02 21:00:00,2026-02-02,21,0,2,25,24.3666507936508,Random Forest,0.6333492063492017,0.6333492063492017
2026-02-02 22:00:00,2026-02-02,22,0,2,14,15.64270833333333,Random Forest,-1.6427083333333297,1.6427083333333297
2026-02-02 23:00:00,2026-02-02,23,0,2,5,7.666718434343436,Random Forest,-2.6667184343434363,2.6667184343434363
2026-02-03 00:00:00,2026-02-03,0,1,2,4,3.74954557087685,Random Forest,0.25045442912314986,0.25045442912314986
2026-02-03 01:00:00,2026-02-03,1,1,2,0,1.6268472823472822,Random Forest,-1.6268472823472822,1.6268472823472822
2026-02-03 02:00:00,2026-02-03,2,1,2,0,0.4033410409035409,Random Forest,-0.4033410409035409,0.4033410409035409
2026-02-03 03:00:00,2026-02-03,3,1,2,0,0.2853060897435898,Random Forest,-0.2853060897435898,0.2853060897435898
2026-02-03 04:00:00,2026-02-03,4,1,2,8,5.703656832298134,Random Forest,2.296343167701866,2.296343167701866
2026-02-03 05:00:00,2026-02-03,5,1,2,13,14.446245564377145,Random Forest,-1.4462455643771452,1.4462455643771452
2026-02-03 06:00:00,2026-02-03,6,1,2,32,28.554023828295893,Random Forest,3.445976171704107,3.445976171704107
2026-02-03 07:00:00,2026-02-03,7,1,2,61,59.544173160173195,Random Forest,1.4558268398268055,1.4558268398268055
2026-02-03 08:00:00,2026-02-03,8,1,2,69,68.05936507936512,Random Forest,0.9406349206348779,0.9406349206348779
2026-02-03 09:00:00,2026-02-03,9,1,2,31,42.266114718614716,Random Forest,-11.266114718614716,11.266114718614716
2026-02-03 10:00:00,2026-02-03,10,1,2,16,26.08150672938171,Random Forest,-10.081506729381712,10.081506729381712
2026-02-03 11:00:00,2026-02-03,11,1,2,25,25.04446873959374,Random Forest,-0.044468739593739315,0.044468739593739315
2026-02-03 12:00:00,2026-02-03,12,1,2,36,31.204860805860807,Random Forest,4.7951391941391925,4.7951391941391925
2026-02-03 13:00:00,2026-02-03,13,1,2,34,35.34207840345366,Random Forest,-1.3420784034536624,1.3420784034536624
2026-02-03 14:00:00,2026-02-03,14,1,2,33,35.04622450734976,Random Forest,-2.0462245073497627,2.0462245073497627
2026-02-03 15:00:00,2026-02-03,15,1,2,58,45.71246830946831,Random Forest,12.287531690531686,12.287531690531686
2026-02-03 16:00:00,2026-02-03,16,1,2,67,68.04808150183149,Random Forest,-1.04808150183149,1.04808150183149
2026-02-03 17:00:00,2026-02-03,17,1,2,87,92.7431441197692,Random Forest,-5.743144119769198,5.743144119769198
2026-02-03 18:00:00,2026-02-03,18,1,2,110,97.19255429292926,Random Forest,12.807445707070741,12.807445707070741
2026-02-03 19:00:00,2026-02-03,19,1,2,57,62.74336706349209,Random Forest,-5.743367063492087,5.743367063492087
2026-02-03 20:00:00,2026-02-03,20,1,2,26,33.31804751461989,Random Forest,-7.318047514619892,7.318047514619892
2026-02-03 21:00:00,2026-02-03,21,1,2,21,22.866240270146513,Random Forest,-1.8662402701465126,1.8662402701465126
2026-02-03 22:00:00,2026-02-03,22,1,2,24,18.722444444444438,Random Forest,5.277555555555562,5.277555555555562
2026-02-03 23:00:00,2026-02-03,23,1,2,8,11.666619769119768,Random Forest,-3.6666197691197677,3.6666197691197677
2026-02-04 00:00:00,2026-02-04,0,2,2,3,3.819761363264418,Random Forest,-0.8197613632644178,0.8197613632644178
2026-02-04 01:00:00,2026-02-04,1,2,2,3,2.6078820145998933,Random Forest,0.3921179854001067,0.3921179854001067
2026-02-04 02:00:00,2026-02-04,2,2,2,1,1.2350011909386922,Random Forest,-0.2350011909386922,0.2350011909386922
2026-02-04 03:00:00,2026-02-04,3,2,2,0,0.4021498864697394,Random Forest,-0.4021498864697394,0.4021498864697394
2026-02-04 04:00:00,2026-02-04,4,2,2,4,5.050283816425121,Random Forest,-1.0502838164251207,1.0502838164251207
2026-02-04 05:00:00,2026-02-04,5,2,2,15,14.278526727357603,Random Forest,0.7214732726423971,0.7214732726423971
2026-02-04 06:00:00,2026-02-04,6,2,2,29,28.5432338405059,Random Forest,0.4567661594941015,0.4567661594941015
2026-02-04 07:00:00,2026-02-04,7,2,2,69,65.65593650793652,Random Forest,3.3440634920634835,3.3440634920634835
2026-02-04 08:00:00,2026-02-04,8,2,2,96,87.31969925213679,Random Forest,8.680300747863214,8.680300747863214
2026-02-04 09:00:00,2026-02-04,9,2,2,35,46.069112734487724,Random Forest,-11.069112734487724,11.069112734487724
2026-02-04 10:00:00,2026-02-04,10,2,2,31,28.349632045038284,Random Forest,2.650367954961716,2.650367954961716
2026-02-04 11:00:00,2026-02-04,11,2,2,32,31.202565391920146,Random Forest,0.797434608079854,0.797434608079854
2026-02-04 12:00:00,2026-02-04,12,2,2,28,33.534389103170604,Random Forest,-5.534389103170604,5.534389103170604
2026-02-04 13:00:00,2026-02-04,13,2,2,40,37.08052108496293,Random Forest,2.919478915037068,2.919478915037068
2026-02-04 14:00:00,2026-02-04,14,2,2,41,39.16046133522992,Random Forest,1.8395386647700818,1.8395386647700818
2026-02-04 15:00:00,2026-02-04,15,2,2,71,61.273125496031724,Random Forest,9.726874503968276,9.726874503968276
2026-02-04 16:00:00,2026-02-04,16,2,2,71,78.60214144189145,Random Forest,-7.6021414418914475,7.6021414418914475
2026-02-04 17:00:00,2026-02-04,17,2,2,124,103.93521789321794,Random Forest,20.06478210678206,20.06478210678206
2026-02-04 18:00:00,2026-02-04,18,2,2,124,116.71832341269845,Random Forest,7.281676587301547,7.281676587301547
2026-02-04 19:00:00,2026-02-04,19,2,2,59,66.13465018315019,Random Forest,-7.134650183150185,7.134650183150185
2026-02-04 20:00:00,2026-02-04,20,2,2,37,36.517382290954664,Random Forest,0.48261770904533563,0.48261770904533563
2026-02-04 21:00:00,2026-02-04,21,2,2,34,31.313217242520555,Random Forest,2.6867827574794454,2.6867827574794454
2026-02-04 22:00:00,2026-02-04,22,2,2,18,21.594960499957555,Random Forest,-3.594960499957555,3.594960499957555
2026-02-04 23:00:00,2026-02-04,23,2,2,13,11.648415404040406,Random Forest,1.3515845959595936,1.3515845959595936
2026-02-05 00:00:00,2026-02-05,0,3,2,3,5.1149397226576125,Random Forest,-2.1149397226576125,2.1149397226576125
2026-02-05 01:00:00,2026-02-05,1,3,2,4,3.358101880101048,Random Forest,0.641898119898952,0.641898119898952
2026-02-05 02:00:00,2026-02-05,2,3,2,0,1.4304176686603163,Random Forest,-1.4304176686603163,1.4304176686603163
2026-02-05 03:00:00,2026-02-05,3,3,2,0,0.6223301738755702,Random Forest,-0.6223301738755702,0.6223301738755702
2026-02-05 04:00:00,2026-02-05,4,3,2,4,4.780281041422347,Random Forest,-0.7802810414223469,0.7802810414223469
2026-02-05 05:00:00,2026-02-05,5,3,2,16,14.880727941176463,Random Forest,1.1192720588235368,1.1192720588235368
2026-02-05 06:00:00,2026-02-05,6,3,2,30,29.29808411523116,Random Forest,0.7019158847688409,0.7019158847688409
2026-02-05 07:00:00,2026-02-05,7,3,2,79,69.67543452380951,Random Forest,9.324565476190486,9.324565476190486
2026-02-05 08:00:00,2026-02-05,8,3,2,90,95.35295835877092,Random Forest,-5.35295835877092,5.35295835877092
2026-02-05 09:00:00,2026-02-05,9,3,2,46,49.79315295815296,Random Forest,-3.793152958152959,3.793152958152959
2026-02-05 10:00:00,2026-02-05,10,3,2,27,34.237395305956916,Random Forest,-7.237395305956916,7.237395305956916
2026-02-05 11:00:00,2026-02-05,11,3,2,35,36.37019178370648,Random Forest,-1.3701917837064812,1.3701917837064812
2026-02-05 12:00:00,2026-02-05,12,3,2,39,37.452312734525066,Random Forest,1.5476872654749343,1.5476872654749343
2026-02-05 13:00:00,2026-02-05,13,3,2,37,37.26554003663471,Random Forest,-0.26554003663471093,0.26554003663471093
2026-02-05 14:00:00,2026-02-05,14,3,2,31,35.32974698916494,Random Forest,-4.3297469891649385,4.3297469891649385
2026-02-05 15:00:00,2026-02-05,15,3,2,60,54.11181944444441,Random Forest,5.888180555555593,5.888180555555593
2026-02-05 16:00:00,2026-02-05,16,3,2,83,76.70609827672327,Random Forest,6.293901723276733,6.293901723276733
2026-02-05 17:00:00,2026-02-05,17,3,2,124,109.18739010312186,Random Forest,14.812609896878143,14.812609896878143
2026-02-05 18:00:00,2026-02-05,18,3,2,110,113.69514574314582,Random Forest,-3.6951457431458152,3.6951457431458152
2026-02-05 19:00:00,2026-02-05,19,3,2,77,72.86636177711182,Random Forest,4.13363822288818,4.13363822288818
2026-02-05 20:00:00,2026-02-05,20,3,2,64,55.39701587301588,Random Forest,8.602984126984119,8.602984126984119
2026-02-05 21:00:00,2026-02-05,21,3,2,22,34.395541021113395,Random Forest,-12.395541021113395,12.395541021113395
2026-02-05 22:00:00,2026-02-05,22,3,2,13,14.294892080142079,Random Forest,-1.2948920801420787,1.2948920801420787
2026-02-05 23:00:00,2026-02-05,23,3,2,11,10.955622150072147,Random Forest,0.04437784992785332,0.04437784992785332
2026-02-06 00:00:00,2026-02-06,0,4,2,11,6.737944283015262,Random Forest,4.262055716984738,4.262055716984738
2026-02-06 01:00:00,2026-02-06,1,4,2,2,4.720234487913181,Random Forest,-2.7202344879131806,2.7202344879131806
2026-02-06 02:00:00,2026-02-06,2,4,2,2,2.301857604358084,Random Forest,-0.30185760435808406,0.30185760435808406
2026-02-06 03:00:00,2026-02-06,3,4,2,2,1.5500395341196174,Random Forest,0.44996046588038263,0.44996046588038263
2026-02-06 04:00:00,2026-02-06,4,4,2,2,4.066957619314793,Random Forest,-2.0669576193147927,2.0669576193147927
2026-02-06 05:00:00,2026-02-06,5,4,2,9,10.242496910390077,Random Forest,-1.2424969103900771,1.2424969103900771
2026-02-06 06:00:00,2026-02-06,6,4,2,25,23.803399406149413,Random Forest,1.1966005938505866,1.1966005938505866
2026-02-06 07:00:00,2026-02-06,7,4,2,61,57.4028632756133,Random Forest,3.5971367243867007,3.5971367243867007
2026-02-06 08:00:00,2026-02-06,8,4,2,67,72.13968903318903,Random Forest,-5.139689033189029,5.139689033189029
2026-02-06 09:00:00,2026-02-06,9,4,2,55,57.67549404761906,Random Forest,-2.675494047619061,2.675494047619061
2026-02-06 10:00:00,2026-02-06,10,4,2,34,38.99938016868189,Random Forest,-4.999380168681888,4.999380168681888
2026-02-06 11:00:00,2026-02-06,11,4,2,45,40.87149619032364,Random Forest,4.12850380967636,4.12850380967636
2026-02-06 12:00:00,2026-02-06,12,4,2,44,46.87469059020482,Random Forest,-2.874690590204821,2.874690590204821
2026-02-06 13:00:00,2026-02-06,13,4,2,54,46.87146488780267,Random Forest,7.1285351121973335,7.1285351121973335
2026-02-06 14:00:00,2026-02-06,14,4,2,48,46.11289288096961,Random Forest,1.8871071190303894,1.8871071190303894
2026-02-06 15:00:00,2026-02-06,15,4,2,85,69.18055876068377,Random Forest,15.819441239316234,15.819441239316234
2026-02-06 16:00:00,2026-02-06,16,4,2,90,90.87892599783552,Random Forest,-0.8789259978355233,0.8789259978355233
2026-02-06 17:00:00,2026-02-06,17,4,2,81,92.1103667985459,Random Forest,-11.110366798545897,11.110366798545897
2026-02-06 18:00:00,2026-02-06,18,4,2,82,79.26114921905878,Random Forest,2.7388507809412204,2.7388507809412204
2026-02-06 19:00:00,2026-02-06,19,4,2,65,63.67540909090905,Random Forest,1.3245909090909507,1.3245909090909507
2026-02-06 20:00:00,2026-02-06,20,4,2,45,50.03193484293485,Random Forest,-5.031934842934852,5.031934842934852
2026-02-06 21:00:00,2026-02-06,21,4,2,27,31.99833333333333,Random Forest,-4.998333333333331,4.998333333333331
2026-02-06 22:00:00,2026-02-06,22,4,2,23,19.564222420634916,Random Forest,3.4357775793650838,3.4357775793650838
2026-02-06 23:00:00,2026-02-06,23,4,2,14,13.874945887445888,Random Forest,0.12505411255411225,0.12505411255411225
2026-02-07 00:00:00,2026-02-07,0,5,2,8,8.565333504693049,Random Forest,-0.565333504693049,0.565333504693049
2026-02-07 01:00:00,2026-02-07,1,5,2,5,6.131646380803496,Random Forest,-1.1316463808034962,1.1316463808034962
2026-02-07 02:00:00,2026-02-07,2,5,2,8,6.695823051376338,Random Forest,1.3041769486236623,1.3041769486236623
2026-02-07 03:00:00,2026-02-07,3,5,2,7,6.31296162356727,Random Forest,0.6870383764327297,0.6870383764327297
2026-02-07 04:00:00,2026-02-07,4,5,2,5,5.397483281814803,Random Forest,-0.39748328181480286,0.39748328181480286
2026-02-07 05:00:00,2026-02-07,5,5,2,3,5.488856256488609,Random Forest,-2.488856256488609,2.488856256488609
2026-02-07 06:00:00,2026-02-07,6,5,2,9,7.794391022761307,Random Forest,1.2056089772386933,1.2056089772386933
2026-02-07 07:00:00,2026-02-07,7,5,2,10,13.519984362859368,Random Forest,-3.5199843628593683,3.5199843628593683
2026-02-07 08:00:00,2026-02-07,8,5,2,16,17.866218200916737,Random Forest,-1.8662182009167374,1.8662182009167374
2026-02-07 09:00:00,2026-02-07,9,5,2,42,33.64729880952381,Random Forest,8.35270119047619,8.35270119047619
2026-02-07 10:00:00,2026-02-07,10,5,2,37,37.071594393386924,Random Forest,-0.07159439338692408,0.07159439338692408
2026-02-07 11:00:00,2026-02-07,11,5,2,32,34.491510489306435,Random Forest,-2.4915104893064353,2.4915104893064353
2026-02-07 12:00:00,2026-02-07,12,5,2,38,38.055261080626885,Random Forest,-0.05526108062688451,0.05526108062688451
2026-02-07 13:00:00,2026-02-07,13,5,2,37,39.35099764267594,Random Forest,-2.3509976426759422,2.3509976426759422
2026-02-07 14:00:00,2026-02-07,14,5,2,24,34.22660114538239,Random Forest,-10.22660114538239,10.22660114538239
2026-02-07 15:00:00,2026-02-07,15,5,2,22,25.832132936507932,Random Forest,-3.832132936507932,3.832132936507932
2026-02-07 16:00:00,2026-02-07,16,5,2,24,25.61340476190477,Random Forest,-1.6134047619047713,1.6134047619047713
2026-02-07 17:00:00,2026-02-07,17,5,2,28,26.307654761904768,Random Forest,1.692345238095232,1.692345238095232
2026-02-07 18:00:00,2026-02-07,18,5,2,16,25.94116981792716,Random Forest,-9.941169817927161,9.941169817927161
2026-02-07 19:00:00,2026-02-07,19,5,2,13,13.574123556998561,Random Forest,-0.5741235569985612,0.5741235569985612
2026-02-07 20:00:00,2026-02-07,20,5,2,9,10.954936743811743,Random Forest,-1.9549367438117429,1.9549367438117429
2026-02-07 21:00:00,2026-02-07,21,5,2,15,13.721378531191037,Random Forest,1.2786214688089625,1.2786214688089625
2026-02-07 22:00:00,2026-02-07,22,5,2,4,8.523856970643742,Random Forest,-4.523856970643742,4.523856970643742
2026-02-07 23:00:00,2026-02-07,23,5,2,5,6.834175144300145,Random Forest,-1.8341751443001453,1.8341751443001453
2026-02-08 00:00:00,2026-02-08,0,6,2,6,4.959514572029275,Random Forest,1.040485427970725,1.040485427970725
2026-02-08 01:00:00,2026-02-08,1,6,2,5,4.647275158664863,Random Forest,0.35272484133513693,0.35272484133513693
2026-02-08 02:00:00,2026-02-08,2,6,2,3,4.226382562755026,Random Forest,-1.2263825627550258,1.2263825627550258
2026-02-08 03:00:00,2026-02-08,3,6,2,0,1.8426596790890266,Random Forest,-1.8426596790890266,1.8426596790890266
2026-02-08 04:00:00,2026-02-08,4,6,2,1,1.5478026695526694,Random Forest,-0.5478026695526694,0.5478026695526694
2026-02-08 05:00:00,2026-02-08,5,6,2,3,2.7896980519480525,Random Forest,0.21030194805194746,0.21030194805194746
2026-02-08 06:00:00,2026-02-08,6,6,2,2,3.725020021645022,Random Forest,-1.725020021645022,1.725020021645022
2026-02-08 07:00:00,2026-02-08,7,6,2,7,6.438966450216452,Random Forest,0.5610335497835477,0.5610335497835477
2026-02-08 08:00:00,2026-02-08,8,6,2,9,9.13640585364928,Random Forest,-0.13640585364927915,0.13640585364927915
2026-02-08 09:00:00,2026-02-08,9,6,2,8,14.938840120663647,Random Forest,-6.938840120663647,6.938840120663647
2026-02-08 10:00:00,2026-02-08,10,6,2,24,18.98991101953602,Random Forest,5.01008898046398,5.01008898046398
2026-02-08 11:00:00,2026-02-08,11,6,2,18,22.289714285714286,Random Forest,-4.289714285714286,4.289714285714286
2026-02-08 12:00:00,2026-02-08,12,6,2,24,23.887967490842488,Random Forest,0.11203250915751184,0.11203250915751184
2026-02-08 13:00:00,2026-02-08,13,6,2,22,24.259624999999982,Random Forest,-2.259624999999982,2.259624999999982
2026-02-08 14:00:00,2026-02-08,14,6,2,25,24.197216087070203,Random Forest,0.8027839129297973,0.8027839129297973
2026-02-08 15:00:00,2026-02-08,15,6,2,19,24.271087481962464,Random Forest,-5.271087481962464,5.271087481962464
2026-02-08 16:00:00,2026-02-08,16,6,2,30,25.23171929219841,Random Forest,4.7682807078015905,4.7682807078015905
2026-02-08 17:00:00,2026-02-08,17,6,2,39,34.86364858221842,Random Forest,4.136351417781583,4.136351417781583
2026-02-08 18:00:00,2026-02-08,18,6,2,28,28.74198687423687,Random Forest,-0.7419868742368685,0.7419868742368685
2026-02-08 19:00:00,2026-02-08,19,6,2,17,20.046246572871574,Random Forest,-3.046246572871574,3.046246572871574
2026-02-08 20:00:00,2026-02-08,20,6,2,7,10.25435061897167,Random Forest,-3.254350618971671,3.254350618971671
2026-02-08 21:00:00,2026-02-08,21,6,2,9,9.66966644466645,Random Forest,-0.6696664446664506,0.6696664446664506
2026-02-08 22:00:00,2026-02-08,22,6,2,30,16.42664682539682,Random Forest,13.57335317460318,13.57335317460318
2026-02-08 23:00:00,2026-02-08,23,6,2,14,16.471555555555554,Random Forest,-2.471555555555554,2.471555555555554
2026-02-09 00:00:00,2026-02-09,0,0,2,5,5.306313382625482,Random Forest,-0.3063133826254818,0.3063133826254818
2026-02-09 01:00:00,2026-02-09,1,0,2,2,2.9633312462356503,Random Forest,-0.9633312462356503,0.9633312462356503
2026-02-09 02:00:00,2026-02-09,2,0,2,1,1.087677536231884,Random Forest,-0.08767753623188401,0.08767753623188401
2026-02-09 03:00:00,2026-02-09,3,0,2,3,1.7193251247544727,Random Forest,1.2806748752455273,1.2806748752455273
2026-02-09 04:00:00,2026-02-09,4,0,2,3,3.8718070197776084,Random Forest,-0.8718070197776084,0.8718070197776084
2026-02-09 05:00:00,2026-02-09,5,0,2,9,8.834652597402599,Random Forest,0.16534740259740133,0.16534740259740133
2026-02-09 06:00:00,2026-02-09,6,0,2,20,16.572051892551894,Random Forest,3.427948107448106,3.427948107448106
2026-02-09 07:00:00,2026-02-09,7,0,2,45,36.356222222222236,Random Forest,8.643777777777764,8.643777777777764
2026-02-09 08:00:00,2026-02-09,8,0,2,58,50.923894841269856,Random Forest,7.076105158730144,7.076105158730144
2026-02-09 09:00:00,2026-02-09,9,0,2,28,31.857059239006613,Random Forest,-3.857059239006613,3.857059239006613
2026-02-09 10:00:00,2026-02-09,10,0,2,30,32.75351844462941,Random Forest,-2.7535184446294068,2.7535184446294068
2026-02-09 11:00:00,2026-02-09,11,0,2,41,36.571814514980616,Random Forest,4.428185485019384,4.428185485019384
2026-02-09 12:00:00,2026-02-09,12,0,2,38,38.66322198683321,Random Forest,-0.6632219868332072,0.6632219868332072
2026-02-09 13:00:00,2026-02-09,13,0,2,44,41.12790131893901,Random Forest,2.87209868106099,2.87209868106099
2026-02-09 14:00:00,2026-02-09,14,0,2,33,40.44887934275345,Random Forest,-7.44887934275345,7.44887934275345
2026-02-09 15:00:00,2026-02-09,15,0,2,56,49.265260912698416,Random Forest,6.734739087301584,6.734739087301584
2026-02-09 16:00:00,2026-02-09,16,0,2,79,70.02014682539678,Random Forest,8.979853174603221,8.979853174603221
2026-02-09 17:00:00,2026-02-09,17,0,2,98,96.27575466200462,Random Forest,1.7242453379953844,1.7242453379953844
2026-02-09 18:00:00,2026-02-09,18,0,2,109,103.12656441292629,Random Forest,5.873435587073715,5.873435587073715
2026-02-09 19:00:00,2026-02-09,19,0,2,61,63.36348611111112,Random Forest,-2.363486111111122,2.363486111111122
2026-02-09 20:00:00,2026-02-09,20,0,2,33,38.4501032505506,Random Forest,-5.4501032505505975,5.4501032505505975
2026-02-09 21:00:00,2026-02-09,21,0,2,33,26.887529036935295,Random Forest,6.112470963064705,6.112470963064705
2026-02-09 22:00:00,2026-02-09,22,0,2,16,20.95796356421356,Random Forest,-4.957963564213561,4.957963564213561
2026-02-09 23:00:00,2026-02-09,23,0,2,3,8.080404761904761,Random Forest,-5.080404761904761,5.080404761904761
2026-02-10 00:00:00,2026-02-10,0,1,2,8,4.786828421377334,Random Forest,3.2131715786226662,3.2131715786226662
2026-02-10 01:00:00,2026-02-10,1,1,2,0,2.3348797897892717,Random Forest,-2.3348797897892717,2.3348797897892717
2026-02-10 02:00:00,2026-02-10,2,1,2,2,1.4061844392038763,Random Forest,0.5938155607961237,0.5938155607961237
2026-02-10 03:00:00,2026-02-10,3,1,2,0,0.5005886537091778,Random Forest,-0.5005886537091778,0.5005886537091778
2026-02-10 04:00:00,2026-02-10,4,1,2,7,6.854113414931186,Random Forest,0.1458865850688138,0.1458865850688138
2026-02-10 05:00:00,2026-02-10,5,1,2,23,17.936312076812072,Random Forest,5.063687923187928,5.063687923187928
2026-02-10 06:00:00,2026-02-10,6,1,2,39,37.36187913475416,Random Forest,1.6381208652458383,1.6381208652458383
2026-02-10 07:00:00,2026-02-10,7,1,2,90,76.68183225108226,Random Forest,13.318167748917745,13.318167748917745
2026-02-10 08:00:00,2026-02-10,8,1,2,98,93.38595238095235,Random Forest,4.614047619047653,4.614047619047653
2026-02-10 09:00:00,2026-02-10,9,1,2,58,58.63104816017316,Random Forest,-0.6310481601731581,0.6310481601731581
2026-02-10 10:00:00,2026-02-10,10,1,2,38,38.47190532335179,Random Forest,-0.47190532335179114,0.47190532335179114
2026-02-10 11:00:00,2026-02-10,11,1,2,35,36.16014951719248,Random Forest,-1.1601495171924796,1.1601495171924796
2026-02-10 12:00:00,2026-02-10,12,1,2,42,41.85353085790497,Random Forest,0.14646914209502881,0.14646914209502881
2026-02-10 13:00:00,2026-02-10,13,1,2,23,33.5340090913988,Random Forest,-10.5340090913988,10.5340090913988
2026-02-10 14:00:00,2026-02-10,14,1,2,47,39.35631558441559,Random Forest,7.64368441558441,7.64368441558441
2026-02-10 15:00:00,2026-02-10,15,1,2,58,61.71256753663005,Random Forest,-3.712567536630047,3.712567536630047
2026-02-10 16:00:00,2026-02-10,16,1,2,88,81.60482882395381,Random Forest,6.3951711760461905,6.3951711760461905
2026-02-10 17:00:00,2026-02-10,17,1,2,132,126.30840674603178,Random Forest,5.691593253968222,5.691593253968222
2026-02-10 18:00:00,2026-02-10,18,1,2,131,127.4230611203233,Random Forest,3.576938879676703,3.576938879676703
2026-02-10 19:00:00,2026-02-10,19,1,2,85,82.61095339382841,Random Forest,2.38904660617159,2.38904660617159
2026-02-10 20:00:00,2026-02-10,20,1,2,42,45.19327380952381,Random Forest,-3.1932738095238093,3.1932738095238093
2026-02-10 21:00:00,2026-02-10,21,1,2,29,29.759341373495776,Random Forest,-0.7593413734957757,0.7593413734957757
2026-02-10 22:00:00,2026-02-10,22,1,2,19,19.905396103896106,Random Forest,-0.9053961038961056,0.9053961038961056
2026-02-10 23:00:00,2026-02-10,23,1,2,6,9.219121962102228,Random Forest,-3.2191219621022285,3.2191219621022285
2026-02-11 00:00:00,2026-02-11,0,2,2,5,4.596051518798735,Random Forest,0.40394848120126525,0.40394848120126525
2026-02-11 01:00:00,2026-02-11,1,2,2,5,3.917519242721431,Random Forest,1.082480757278569,1.082480757278569
2026-02-11 02:00:00,2026-02-11,2,2,2,5,4.213070236638642,Random Forest,0.7869297633613579,0.7869297633613579
2026-02-11 03:00:00,2026-02-11,3,2,2,0,1.1525346320346321,Random Forest,-1.1525346320346321,1.1525346320346321
2026-02-11 04:00:00,2026-02-11,4,2,2,9,7.988951979144751,Random Forest,1.0110480208552488,1.0110480208552488
2026-02-11 05:00:00,2026-02-11,5,2,2,18,21.00341326728826,Random Forest,-3.003413267288259,3.003413267288259
2026-02-11 06:00:00,2026-02-11,6,2,2,43,39.11616255287635,Random Forest,3.8838374471236534,3.8838374471236534
2026-02-11 07:00:00,2026-02-11,7,2,2,83,85.3686639610389,Random Forest,-2.368663961038905,2.368663961038905
2026-02-11 08:00:00,2026-02-11,8,2,2,119,109.83286371052323,Random Forest,9.167136289476773,9.167136289476773
2026-02-11 09:00:00,2026-02-11,9,2,2,47,55.24965277777779,Random Forest,-8.24965277777779,8.24965277777779
2026-02-11 10:00:00,2026-02-11,10,2,2,33,41.34938575264473,Random Forest,-8.349385752644729,8.349385752644729
2026-02-11 11:00:00,2026-02-11,11,2,2,43,40.80280729837625,Random Forest,2.1971927016237487,2.1971927016237487
2026-02-11 12:00:00,2026-02-11,12,2,2,56,49.63615062298813,Random Forest,6.363849377011867,6.363849377011867
2026-02-11 13:00:00,2026-02-11,13,2,2,47,43.38324666256815,Random Forest,3.6167533374318523,3.6167533374318523
2026-02-11 14:00:00,2026-02-11,14,2,2,51,52.18103061105563,Random Forest,-1.1810306110556326,1.1810306110556326
2026-02-11 15:00:00,2026-02-11,15,2,2,76,72.4059197191697,Random Forest,3.5940802808302976,3.5940802808302976
2026-02-11 16:00:00,2026-02-11,16,2,2,93,91.83281713439209,Random Forest,1.1671828656079128,1.1671828656079128
2026-02-11 17:00:00,2026-02-11,17,2,2,148,144.29231660509038,Random Forest,3.7076833949096226,3.7076833949096226
2026-02-11 18:00:00,2026-02-11,18,2,2,123,126.1446133241758,Random Forest,-3.1446133241757934,3.1446133241757934
2026-02-11 19:00:00,2026-02-11,19,2,2,97,90.462237012987,Random Forest,6.5377629870129965,6.5377629870129965
2026-02-11 20:00:00,2026-02-11,20,2,2,52,55.22551438838943,Random Forest,-3.2255143883894277,3.2255143883894277
2026-02-11 21:00:00,2026-02-11,21,2,2,33,33.693859744057114,Random Forest,-0.6938597440571144,0.6938597440571144
2026-02-11 22:00:00,2026-02-11,22,2,2,22,21.474156222943726,Random Forest,0.5258437770562736,0.5258437770562736
2026-02-11 23:00:00,2026-02-11,23,2,2,10,13.063039682539683,Random Forest,-3.0630396825396833,3.0630396825396833
2026-02-12 00:00:00,2026-02-12,0,3,2,4,4.836674640391273,Random Forest,-0.8366746403912728,0.8366746403912728
2026-02-12 01:00:00,2026-02-12,1,3,2,3,3.601504627632802,Random Forest,-0.601504627632802,0.601504627632802
2026-02-12 02:00:00,2026-02-12,2,3,2,1,1.689718596277739,Random Forest,-0.689718596277739,0.689718596277739
2026-02-12 03:00:00,2026-02-12,3,3,2,1,1.1007989059569299,Random Forest,-0.10079890595692986,0.10079890595692986
2026-02-12 04:00:00,2026-02-12,4,3,2,6,6.884832542622413,Random Forest,-0.8848325426224131,0.8848325426224131
2026-02-12 05:00:00,2026-02-12,5,3,2,23,21.3455731792717,Random Forest,1.6544268207283004,1.6544268207283004
2026-02-12 06:00:00,2026-02-12,6,3,2,44,42.941138466190665,Random Forest,1.0588615338093348,1.0588615338093348
2026-02-12 07:00:00,2026-02-12,7,3,2,97,91.8344166666667,Random Forest,5.165583333333302,5.165583333333302
2026-02-12 08:00:00,2026-02-12,8,3,2,116,112.07605677099338,Random Forest,3.9239432290066247,3.9239432290066247
2026-02-12 09:00:00,2026-02-12,9,3,2,52,55.278460317460315,Random Forest,-3.278460317460315,3.278460317460315
2026-02-12 10:00:00,2026-02-12,10,3,2,31,36.99401273677172,Random Forest,-5.994012736771722,5.994012736771722
2026-02-12 11:00:00,2026-02-12,11,3,2,47,44.558870941558446,Random Forest,2.441129058441554,2.441129058441554
2026-02-12 12:00:00,2026-02-12,12,3,2,59,56.56723091075589,Random Forest,2.432769089244111,2.432769089244111
2026-02-12 13:00:00,2026-02-12,13,3,2,49,54.756199980574976,Random Forest,-5.756199980574976,5.756199980574976
2026-02-12 14:00:00,2026-02-12,14,3,2,57,55.23069908147408,Random Forest,1.7693009185259214,1.7693009185259214
2026-02-12 15:00:00,2026-02-12,15,3,2,73,73.16107377344878,Random Forest,-0.16107377344877705,0.16107377344877705
2026-02-12 16:00:00,2026-02-12,16,3,2,80,86.49551026601797,Random Forest,-6.495510266017973,6.495510266017973
2026-02-12 17:00:00,2026-02-12,17,3,2,130,123.13079652100774,Random Forest,6.869203478992262,6.869203478992262
2026-02-12 18:00:00,2026-02-12,18,3,2,137,131.07552441397408,Random Forest,5.92447558602592,5.92447558602592
2026-02-12 19:00:00,2026-02-12,19,3,2,57,83.18478174603173,Random Forest,-26.18478174603173,26.18478174603173
2026-02-12 20:00:00,2026-02-12,20,3,2,59,55.47202976190475,Random Forest,3.52797023809525,3.52797023809525
2026-02-12 21:00:00,2026-02-12,21,3,2,27,31.242965083162453,Random Forest,-4.242965083162453,4.242965083162453
2026-02-12 22:00:00,2026-02-12,22,3,2,25,23.553601208513715,Random Forest,1.4463987914862848,1.4463987914862848
2026-02-12 23:00:00,2026-02-12,23,3,2,15,15.514598953823953,Random Forest,-0.5145989538239526,0.5145989538239526
2026-02-13 00:00:00,2026-02-13,0,4,2,6,6.8792600250563085,Random Forest,-0.8792600250563085,0.8792600250563085
2026-02-13 01:00:00,2026-02-13,1,4,2,5,4.432839664799538,Random Forest,0.5671603352004624,0.5671603352004624
2026-02-13 02:00:00,2026-02-13,2,4,2,3,3.755568435313921,Random Forest,-0.7555684353139211,0.7555684353139211
2026-02-13 03:00:00,2026-02-13,3,4,2,2,1.7644985531329527,Random Forest,0.23550144686704733,0.23550144686704733
2026-02-13 04:00:00,2026-02-13,4,4,2,6,6.964508471240645,Random Forest,-0.9645084712406451,0.9645084712406451
2026-02-13 05:00:00,2026-02-13,5,4,2,24,18.13605215500873,Random Forest,5.863947844991269,5.863947844991269
2026-02-13 06:00:00,2026-02-13,6,4,2,41,42.28489739476211,Random Forest,-1.2848973947621118,1.2848973947621118
2026-02-13 07:00:00,2026-02-13,7,4,2,75,69.69321500721497,Random Forest,5.306784992785026,5.306784992785026
2026-02-13 08:00:00,2026-02-13,8,4,2,68,79.84401360880094,Random Forest,-11.844013608800935,11.844013608800935
2026-02-13 09:00:00,2026-02-13,9,4,2,53,59.87376731601731,Random Forest,-6.873767316017307,6.873767316017307
2026-02-13 10:00:00,2026-02-13,10,4,2,48,46.80304963116387,Random Forest,1.1969503688361272,1.1969503688361272
2026-02-13 11:00:00,2026-02-13,11,4,2,52,54.75346741730492,Random Forest,-2.7534674173049183,2.7534674173049183
2026-02-13 12:00:00,2026-02-13,12,4,2,74,67.18310699300696,Random Forest,6.816893006993041,6.816893006993041
2026-02-13 13:00:00,2026-02-13,13,4,2,86,82.5034284492786,Random Forest,3.4965715507213986,3.4965715507213986
2026-02-13 14:00:00,2026-02-13,14,4,2,67,73.18648353965604,Random Forest,-6.186483539656038,6.186483539656038
2026-02-13 15:00:00,2026-02-13,15,4,2,109,91.48561628137945,Random Forest,17.51438371862055,17.51438371862055
2026-02-13 16:00:00,2026-02-13,16,4,2,100,110.10458961695804,Random Forest,-10.104589616958037,10.104589616958037
2026-02-13 17:00:00,2026-02-13,17,4,2,127,125.42180753968252,Random Forest,1.5781924603174815,1.5781924603174815
2026-02-13 18:00:00,2026-02-13,18,4,2,104,108.27470779220786,Random Forest,-4.274707792207863,4.274707792207863
2026-02-13 19:00:00,2026-02-13,19,4,2,65,71.40315308302813,Random Forest,-6.40315308302813,6.40315308302813
2026-02-13 20:00:00,2026-02-13,20,4,2,69,59.17264267676768,Random Forest,9.82735732323232,9.82735732323232
2026-02-13 21:00:00,2026-02-13,21,4,2,36,40.379597222222216,Random Forest,-4.379597222222216,4.379597222222216
2026-02-13 22:00:00,2026-02-13,22,4,2,23,24.223961353270905,Random Forest,-1.223961353270905,1.223961353270905
2026-02-13 23:00:00,2026-02-13,23,4,2,22,18.78540066322567,Random Forest,3.214599336774331,3.214599336774331
2026-02-14 00:00:00,2026-02-14,0,5,2,17,16.32266869241869,Random Forest,0.6773313075813086,0.6773313075813086
2026-02-14 01:00:00,2026-02-14,1,5,2,7,9.099560976454999,Random Forest,-2.099560976454999,2.099560976454999
2026-02-14 02:00:00,2026-02-14,2,5,2,9,7.637344417077176,Random Forest,1.362655582922824,1.362655582922824
2026-02-14 03:00:00,2026-02-14,3,5,2,9,8.19058135824433,Random Forest,0.8094186417556699,0.8094186417556699
2026-02-14 04:00:00,2026-02-14,4,5,2,10,9.212731658441744,Random Forest,0.7872683415582564,0.7872683415582564
2026-02-14 05:00:00,2026-02-14,5,5,2,4,7.0496489951810455,Random Forest,-3.0496489951810455,3.0496489951810455
2026-02-14 06:00:00,2026-02-14,6,5,2,6,9.532297960372965,Random Forest,-3.532297960372965,3.532297960372965
2026-02-14 07:00:00,2026-02-14,7,5,2,18,16.56223457098457,Random Forest,1.4377654290154283,1.4377654290154283
2026-02-14 08:00:00,2026-02-14,8,5,2,45,37.019753354978356,Random Forest,7.980246645021644,7.980246645021644
2026-02-14 09:00:00,2026-02-14,9,5,2,61,57.73223466810965,Random Forest,3.2677653318903523,3.2677653318903523
2026-02-14 10:00:00,2026-02-14,10,5,2,79,66.86160246259588,Random Forest,12.138397537404117,12.138397537404117
2026-02-14 11:00:00,2026-02-14,11,5,2,88,81.00698642565891,Random Forest,6.9930135743410915,6.9930135743410915
2026-02-14 12:00:00,2026-02-14,12,5,2,77,77.6680076503146,Random Forest,-0.6680076503146068,0.6680076503146068
2026-02-14 13:00:00,2026-02-14,13,5,2,96,90.39726015706556,Random Forest,5.60273984293444,5.60273984293444
2026-02-14 14:00:00,2026-02-14,14,5,2,71,73.9732858000175,Random Forest,-2.973285800017507,2.973285800017507
2026-02-14 15:00:00,2026-02-14,15,5,2,86,81.44913147556186,Random Forest,4.550868524438144,4.550868524438144
2026-02-14 16:00:00,2026-02-14,16,5,2,57,71.86321388514315,Random Forest,-14.863213885143153,14.863213885143153
2026-02-14 17:00:00,2026-02-14,17,5,2,76,74.09068369175625,Random Forest,1.9093163082437457,1.9093163082437457
2026-02-14 18:00:00,2026-02-14,18,5,2,53,64.3126714872782,Random Forest,-11.312671487278195,11.312671487278195
2026-02-14 19:00:00,2026-02-14,19,5,2,48,43.636314574314554,Random Forest,4.363685425685446,4.363685425685446
2026-02-14 20:00:00,2026-02-14,20,5,2,28,31.92134559884561,Random Forest,-3.9213455988456083,3.9213455988456083
2026-02-14 21:00:00,2026-02-14,21,5,2,39,31.220650219959776,Random Forest,7.779349780040224,7.779349780040224
2026-02-14 22:00:00,2026-02-14,22,5,2,28,28.574540764790758,Random Forest,-0.5745407647907577,0.5745407647907577
2026-02-14 23:00:00,2026-02-14,23,5,2,23,23.191654329004333,Random Forest,-0.19165432900433288,0.19165432900433288
2026-02-15 00:00:00,2026-02-15,0,6,2,19,18.637989760239755,Random Forest,0.36201023976024516,0.36201023976024516
2026-02-15 01:00:00,2026-02-15,1,6,2,18,18.086857725607732,Random Forest,-0.0868577256077323,0.0868577256077323
2026-02-15 02:00:00,2026-02-15,2,6,2,28,19.710794247419255,Random Forest,8.289205752580745,8.289205752580745
2026-02-15 03:00:00,2026-02-15,3,6,2,11,16.164373931623924,Random Forest,-5.164373931623924,5.164373931623924
2026-02-15 04:00:00,2026-02-15,4,6,2,7,7.587577182772836,Random Forest,-0.5875771827728364,0.5875771827728364
2026-02-15 05:00:00,2026-02-15,5,6,2,9,8.209229162562677,Random Forest,0.7907708374373232,0.7907708374373232
2026-02-15 06:00:00,2026-02-15,6,6,2,10,10.71504479382684,Random Forest,-0.7150447938268396,0.7150447938268396
2026-02-15 07:00:00,2026-02-15,7,6,2,14,13.71318496209673,Random Forest,0.28681503790327056,0.28681503790327056
2026-02-15 08:00:00,2026-02-15,8,6,2,31,23.85766926129427,Random Forest,7.142330738705731,7.142330738705731
2026-02-15 09:00:00,2026-02-15,9,6,2,54,49.143049783549785,Random Forest,4.856950216450215,4.856950216450215
2026-02-15 10:00:00,2026-02-15,10,6,2,63,64.07159523809526,Random Forest,-1.0715952380952558,1.0715952380952558
2026-02-15 11:00:00,2026-02-15,11,6,2,76,71.56353022022783,Random Forest,4.4364697797721675,4.4364697797721675
2026-02-15 12:00:00,2026-02-15,12,6,2,77,76.34516895677424,Random Forest,0.6548310432257551,0.6548310432257551
2026-02-15 13:00:00,2026-02-15,13,6,2,84,81.07080904286192,Random Forest,2.9291909571380756,2.9291909571380756
2026-02-15 14:00:00,2026-02-15,14,6,2,69,71.70651827339327,Random Forest,-2.7065182733932716,2.7065182733932716
2026-02-15 15:00:00,2026-02-15,15,6,2,70,73.3228475275254,Random Forest,-3.322847527525397,3.322847527525397
2026-02-15 16:00:00,2026-02-15,16,6,2,80,78.22377509990011,Random Forest,1.7762249000998906,1.7762249000998906
2026-02-15 17:00:00,2026-02-15,17,6,2,68,72.87284159553896,Random Forest,-4.872841595538958,4.872841595538958
2026-02-15 18:00:00,2026-02-15,18,6,2,63,65.61026386113883,Random Forest,-2.610263861138833,2.610263861138833
2026-02-15 19:00:00,2026-02-15,19,6,2,41,44.828428571428574,Random Forest,-3.8284285714285744,3.8284285714285744
2026-02-15 20:00:00,2026-02-15,20,6,2,29,29.75620840760546,Random Forest,-0.7562084076054596,0.7562084076054596
2026-02-15 21:00:00,2026-02-15,21,6,2,25,26.153931549741113,Random Forest,-1.1539315497411131,1.1539315497411131
2026-02-15 22:00:00,2026-02-15,22,6,2,21,23.22666406926407,Random Forest,-2.2266640692640713,2.2266640692640713
2026-02-15 23:00:00,2026-02-15,23,6,2,9,13.258740215121136,Random Forest,-4.258740215121136,4.258740215121136
2026-02-16 00:00:00,2026-02-16,0,0,2,9,7.414620440474182,Random Forest,1.5853795595258182,1.5853795595258182
2026-02-16 01:00:00,2026-02-16,1,0,2,6,5.879303755027338,Random Forest,0.12069624497266229,0.12069624497266229
2026-02-16 02:00:00,2026-02-16,2,0,2,0,2.8974426462770126,Random Forest,-2.8974426462770126,2.8974426462770126
2026-02-16 03:00:00,2026-02-16,3,0,2,1,0.8967746477378833,Random Forest,0.10322535226211671,0.10322535226211671
2026-02-16 04:00:00,2026-02-16,4,0,2,2,4.804194530710836,Random Forest,-2.804194530710836,2.804194530710836
2026-02-16 05:00:00,2026-02-16,5,0,2,9,9.413471938244822,Random Forest,-0.41347193824482176,0.41347193824482176
2026-02-16 06:00:00,2026-02-16,6,0,2,11,17.35941562604062,Random Forest,-6.359415626040619,6.359415626040619
2026-02-16 07:00:00,2026-02-16,7,0,2,26,24.347845029970028,Random Forest,1.6521549700299722,1.6521549700299722
2026-02-16 08:00:00,2026-02-16,8,0,2,46,50.07897582972584,Random Forest,-4.078975829725842,4.078975829725842
2026-02-16 09:00:00,2026-02-16,9,0,2,56,54.358403846153834,Random Forest,1.6415961538461659,1.6415961538461659
2026-02-16 10:00:00,2026-02-16,10,0,2,51,57.517238095238106,Random Forest,-6.517238095238106,6.517238095238106
2026-02-16 11:00:00,2026-02-16,11,0,2,74,67.24458928571426,Random Forest,6.755410714285745,6.755410714285745
2026-02-16 12:00:00,2026-02-16,12,0,2,71,75.40013915251417,Random Forest,-4.400139152514171,4.400139152514171
2026-02-16 13:00:00,2026-02-16,13,0,2,75,79.26932467026568,Random Forest,-4.269324670265675,4.269324670265675
2026-02-16 14:00:00,2026-02-16,14,0,2,79,77.23512237762242,Random Forest,1.7648776223775826,1.7648776223775826
2026-02-16 15:00:00,2026-02-16,15,0,2,65,71.32736737531478,Random Forest,-6.327367375314779,6.327367375314779
2026-02-16 16:00:00,2026-02-16,16,0,2,84,83.36773962173304,Random Forest,0.6322603782669631,0.6322603782669631
2026-02-16 17:00:00,2026-02-16,17,0,2,95,102.30832680258338,Random Forest,-7.30832680258338,7.30832680258338
2026-02-16 18:00:00,2026-02-16,18,0,2,97,96.21312659562663,Random Forest,0.7868734043733667,0.7868734043733667
2026-02-16 19:00:00,2026-02-16,19,0,2,52,58.098789502164536,Random Forest,-6.098789502164536,6.098789502164536
2026-02-16 20:00:00,2026-02-16,20,0,2,36,36.072406572228935,Random Forest,-0.07240657222893532,0.07240657222893532
2026-02-16 21:00:00,2026-02-16,21,0,2,27,28.530554197436558,Random Forest,-1.5305541974365582,1.5305541974365582
2026-02-16 22:00:00,2026-02-16,22,0,2,20,21.379289682539685,Random Forest,-1.3792896825396852,1.3792896825396852
2026-02-16 23:00:00,2026-02-16,23,0,2,13,12.142040223665234,Random Forest,0.8579597763347664,0.8579597763347664
2026-02-17 00:00:00,2026-02-17,0,1,2,9,7.839162225894288,Random Forest,1.1608377741057119,1.1608377741057119
2026-02-17 01:00:00,2026-02-17,1,1,2,4,4.366292972925071,Random Forest,-0.3662929729250708,0.3662929729250708
2026-02-17 02:00:00,2026-02-17,2,1,2,1,1.6626204425015165,Random Forest,-0.6626204425015165,0.6626204425015165
2026-02-17 03:00:00,2026-02-17,3,1,2,1,0.9131488769400532,Random Forest,0.0868511230599468,0.0868511230599468
2026-02-17 04:00:00,2026-02-17,4,1,2,12,8.804269927536229,Random Forest,3.195730072463771,3.195730072463771
2026-02-17 05:00:00,2026-02-17,5,1,2,26,25.297777976925047,Random Forest,0.7022220230749525,0.7022220230749525
2026-02-17 06:00:00,2026-02-17,6,1,2,59,56.5184935064935,Random Forest,2.481506493506501,2.481506493506501
2026-02-17 07:00:00,2026-02-17,7,1,2,113,108.3650238095238,Random Forest,4.634976190476195,4.634976190476195
2026-02-17 08:00:00,2026-02-17,8,1,2,132,112.37416297226162,Random Forest,19.625837027738385,19.625837027738385
2026-02-17 09:00:00,2026-02-17,9,1,2,61,64.31141666666669,Random Forest,-3.3114166666666875,3.3114166666666875
2026-02-17 10:00:00,2026-02-17,10,1,2,49,52.8685802486987,Random Forest,-3.8685802486986987,3.8685802486986987
2026-02-17 11:00:00,2026-02-17,11,1,2,46,49.39023358585859,Random Forest,-3.3902335858585886,3.3902335858585886
2026-02-17 12:00:00,2026-02-17,12,1,2,55,53.0705174062049,Random Forest,1.9294825937951003,1.9294825937951003
2026-02-17 13:00:00,2026-02-17,13,1,2,60,57.69311403873904,Random Forest,2.30688596126096,2.30688596126096
2026-02-17 14:00:00,2026-02-17,14,1,2,54,61.50173855311356,Random Forest,-7.501738553113562,7.501738553113562
2026-02-17 15:00:00,2026-02-17,15,1,2,86,75.23179563492063,Random Forest,10.76820436507937,10.76820436507937
2026-02-17 16:00:00,2026-02-17,16,1,2,98,106.64780356193518,Random Forest,-8.647803561935177,8.647803561935177
2026-02-17 17:00:00,2026-02-17,17,1,2,180,145.1326072954824,Random Forest,34.86739270451761,34.86739270451761
2026-02-17 18:00:00,2026-02-17,18,1,2,163,151.16752579365075,Random Forest,11.832474206349247,11.832474206349247
2026-02-17 19:00:00,2026-02-17,19,1,2,103,105.55832142857145,Random Forest,-2.558321428571446,2.558321428571446
2026-02-17 20:00:00,2026-02-17,20,1,2,78,71.28612500000006,Random Forest,6.713874999999945,6.713874999999945
2026-02-17 21:00:00,2026-02-17,21,1,2,49,46.276103174603186,Random Forest,2.723896825396814,2.723896825396814
2026-02-17 22:00:00,2026-02-17,22,1,2,33,33.95845426065164,Random Forest,-0.9584542606516422,0.9584542606516422
2026-02-17 23:00:00,2026-02-17,23,1,2,11,14.168646825396827,Random Forest,-3.168646825396827,3.168646825396827
2026-02-18 00:00:00,2026-02-18,0,2,2,6,6.28966132869754,Random Forest,-0.28966132869754,0.28966132869754
2026-02-18 01:00:00,2026-02-18,1,2,2,3,3.2478800276630135,Random Forest,-0.24788002766301354,0.24788002766301354
2026-02-18 02:00:00,2026-02-18,2,2,2,3,3.399653909803099,Random Forest,-0.3996539098030989,0.3996539098030989
2026-02-18 03:00:00,2026-02-18,3,2,2,2,1.6018034117155633,Random Forest,0.3981965882844367,0.3981965882844367
2026-02-18 04:00:00,2026-02-18,4,2,2,5,7.159168251975072,Random Forest,-2.159168251975072,2.159168251975072
2026-02-18 05:00:00,2026-02-18,5,2,2,33,24.924237781954876,Random Forest,8.075762218045124,8.075762218045124
2026-02-18 06:00:00,2026-02-18,6,2,2,51,54.70253138528139,Random Forest,-3.7025313852813895,3.7025313852813895
2026-02-18 07:00:00,2026-02-18,7,2,2,126,116.6515643106894,Random Forest,9.348435689310605,9.348435689310605
2026-02-18 08:00:00,2026-02-18,8,2,2,140,146.7215168650794,Random Forest,-6.721516865079394,6.721516865079394
2026-02-18 09:00:00,2026-02-18,9,2,2,41,61.50133913308914,Random Forest,-20.50133913308914,20.50133913308914
2026-02-18 10:00:00,2026-02-18,10,2,2,47,43.48032999639248,Random Forest,3.519670003607523,3.519670003607523
2026-02-18 11:00:00,2026-02-18,11,2,2,47,48.917975534188045,Random Forest,-1.9179755341880451,1.9179755341880451
2026-02-18 12:00:00,2026-02-18,12,2,2,54,54.87217765567768,Random Forest,-0.8721776556776817,0.8721776556776817
2026-02-18 13:00:00,2026-02-18,13,2,2,49,53.54436495726497,Random Forest,-4.544364957264968,4.544364957264968
2026-02-18 14:00:00,2026-02-18,14,2,2,50,51.472862785825285,Random Forest,-1.472862785825285,1.472862785825285
2026-02-18 15:00:00,2026-02-18,15,2,2,82,80.89403735981365,Random Forest,1.1059626401863483,1.1059626401863483
2026-02-18 16:00:00,2026-02-18,16,2,2,105,106.78838016413022,Random Forest,-1.788380164130217,1.788380164130217
2026-02-18 17:00:00,2026-02-18,17,2,2,146,138.3893096606459,Random Forest,7.610690339354107,7.610690339354107
2026-02-18 18:00:00,2026-02-18,18,2,2,112,121.60555898268402,Random Forest,-9.605558982684016,9.605558982684016
2026-02-18 19:00:00,2026-02-18,19,2,2,86,88.619792027417,Random Forest,-2.619792027417006,2.619792027417006
2026-02-18 20:00:00,2026-02-18,20,2,2,52,58.44916991341993,Random Forest,-6.449169913419929,6.449169913419929
2026-02-18 21:00:00,2026-02-18,21,2,2,28,36.93356114718613,Random Forest,-8.933561147186133,8.933561147186133
2026-02-18 22:00:00,2026-02-18,22,2,2,28,25.840030256589813,Random Forest,2.159969743410187,2.159969743410187
2026-02-18 23:00:00,2026-02-18,23,2,2,9,13.101010119047608,Random Forest,-4.101010119047608,4.101010119047608
2026-02-19 00:00:00,2026-02-19,0,3,2,7,5.853933316506453,Random Forest,1.1460666834935473,1.1460666834935473
2026-02-19 01:00:00,2026-02-19,1,3,2,3,3.6734402551497185,Random Forest,-0.6734402551497185,0.6734402551497185
2026-02-19 02:00:00,2026-02-19,2,3,2,3,2.6177982911069226,Random Forest,0.38220170889307736,0.38220170889307736
2026-02-19 03:00:00,2026-02-19,3,3,2,0,0.9243286547886611,Random Forest,-0.9243286547886611,0.9243286547886611
2026-02-19 04:00:00,2026-02-19,4,3,2,8,8.025346547295902,Random Forest,-0.0253465472959018,0.0253465472959018
2026-02-19 05:00:00,2026-02-19,5,3,2,39,32.72183623257247,Random Forest,6.278163767427529,6.278163767427529
2026-02-19 06:00:00,2026-02-19,6,3,2,58,61.08909117965366,Random Forest,-3.089091179653657,3.089091179653657
2026-02-19 07:00:00,2026-02-19,7,3,2,134,123.24809487734494,Random Forest,10.75190512265506,10.75190512265506
2026-02-19 08:00:00,2026-02-19,8,3,2,155,151.0478210678211,Random Forest,3.952178932178896,3.952178932178896
2026-02-19 09:00:00,2026-02-19,9,3,2,71,77.65962500000003,Random Forest,-6.659625000000034,6.659625000000034
2026-02-19 10:00:00,2026-02-19,10,3,2,57,64.64589709851555,Random Forest,-7.645897098515547,7.645897098515547
2026-02-19 11:00:00,2026-02-19,11,3,2,60,54.87001388888889,Random Forest,5.1299861111111085,5.1299861111111085
2026-02-19 12:00:00,2026-02-19,12,3,2,58,61.20243479692824,Random Forest,-3.2024347969282374,3.2024347969282374
2026-02-19 13:00:00,2026-02-19,13,3,2,42,49.53905339105339,Random Forest,-7.539053391053393,7.539053391053393
2026-02-19 14:00:00,2026-02-19,14,3,2,86,60.64328896103897,Random Forest,25.35671103896103,25.35671103896103
2026-02-19 15:00:00,2026-02-19,15,3,2,91,94.4878182157013,Random Forest,-3.487818215701296,3.487818215701296
2026-02-19 16:00:00,2026-02-19,16,3,2,124,117.00693320105823,Random Forest,6.9930667989417685,6.9930667989417685
2026-02-19 17:00:00,2026-02-19,17,3,2,207,180.64442658730167,Random Forest,26.355573412698334,26.355573412698334
2026-02-19 18:00:00,2026-02-19,18,3,2,161,165.49254761904757,Random Forest,-4.492547619047571,4.492547619047571
2026-02-19 19:00:00,2026-02-19,19,3,2,125,122.46085515873015,Random Forest,2.539144841269845,2.539144841269845
2026-02-19 20:00:00,2026-02-19,20,3,2,78,79.69965841103338,Random Forest,-1.6996584110333828,1.6996584110333828
2026-02-19 21:00:00,2026-02-19,21,3,2,47,47.29222456709956,Random Forest,-0.29222456709955935,0.29222456709955935
2026-02-19 22:00:00,2026-02-19,22,3,2,27,33.797256635907964,Random Forest,-6.797256635907964,6.797256635907964
2026-02-19 23:00:00,2026-02-19,23,3,2,22,19.894809194971696,Random Forest,2.105190805028304,2.105190805028304
2026-02-20 00:00:00,2026-02-20,0,4,2,16,13.283006535131529,Random Forest,2.7169934648684713,2.7169934648684713
2026-02-20 01:00:00,2026-02-20,1,4,2,4,5.765245531405546,Random Forest,-1.7652455314055464,1.7652455314055464
2026-02-20 02:00:00,2026-02-20,2,4,2,5,3.915216504651086,Random Forest,1.0847834953489142,1.0847834953489142
2026-02-20 03:00:00,2026-02-20,3,4,2,0,1.8749244247591645,Random Forest,-1.8749244247591645,1.8749244247591645
2026-02-20 04:00:00,2026-02-20,4,4,2,8,7.45597700724989,Random Forest,0.5440229927501097,0.5440229927501097
2026-02-20 05:00:00,2026-02-20,5,4,2,29,29.98811397690474,Random Forest,-0.9881139769047387,0.9881139769047387
2026-02-20 06:00:00,2026-02-20,6,4,2,42,48.514552752802764,Random Forest,-6.514552752802764,6.514552752802764
2026-02-20 07:00:00,2026-02-20,7,4,2,37,53.89192460317461,Random Forest,-16.89192460317461,16.89192460317461
2026-02-20 08:00:00,2026-02-20,8,4,2,30,42.99210714285716,Random Forest,-12.992107142857158,12.992107142857158
2026-02-20 09:00:00,2026-02-20,9,4,2,31,36.72387716450216,Random Forest,-5.723877164502163,5.723877164502163
2026-02-20 10:00:00,2026-02-20,10,4,2,20,29.21488265900765,Random Forest,-9.21488265900765,9.21488265900765
2026-02-20 11:00:00,2026-02-20,11,4,2,35,35.68826113654863,Random Forest,-0.6882611365486326,0.6882611365486326
2026-02-20 12:00:00,2026-02-20,12,4,2,20,29.607958333333322,Random Forest,-9.607958333333322,9.607958333333322
2026-02-20 13:00:00,2026-02-20,13,4,2,32,33.68887652116402,Random Forest,-1.688876521164019,1.688876521164019
2026-02-20 14:00:00,2026-02-20,14,4,2,29,35.412859487734465,Random Forest,-6.412859487734465,6.412859487734465
2026-02-20 15:00:00,2026-02-20,15,4,2,59,48.95299007936505,Random Forest,10.047009920634949,10.047009920634949
2026-02-20 16:00:00,2026-02-20,16,4,2,79,82.64157406645641,Random Forest,-3.641574066456414,3.641574066456414
2026-02-20 17:00:00,2026-02-20,17,4,2,115,114.30882720057721,Random Forest,0.6911727994227874,0.6911727994227874
2026-02-20 18:00:00,2026-02-20,18,4,2,94,102.32916215728717,Random Forest,-8.329162157287172,8.329162157287172
2026-02-20 19:00:00,2026-02-20,19,4,2,65,65.75491792929292,Random Forest,-0.7549179292929153,0.7549179292929153
2026-02-20 20:00:00,2026-02-20,20,4,2,42,50.397372516372535,Random Forest,-8.397372516372535,8.397372516372535
2026-02-20 21:00:00,2026-02-20,21,4,2,37,36.153312770562756,Random Forest,0.8466872294372436,0.8466872294372436
2026-02-20 22:00:00,2026-02-20,22,4,2,26,26.66159297114135,Random Forest,-0.6615929711413493,0.6615929711413493
2026-02-20 23:00:00,2026-02-20,23,4,2,24,23.694543037518034,Random Forest,0.30545696248196563,0.30545696248196563
2026-02-21 00:00:00,2026-02-21,0,5,2,18,17.937049609394435,Random Forest,0.06295039060556462,0.06295039060556462
2026-02-21 01:00:00,2026-02-21,1,5,2,11,12.914385683760683,Random Forest,-1.914385683760683,1.914385683760683
2026-02-21 02:00:00,2026-02-21,2,5,2,14,9.975496426291688,Random Forest,4.024503573708312,4.024503573708312
2026-02-21 03:00:00,2026-02-21,3,5,2,7,8.175309025809026,Random Forest,-1.1753090258090264,1.1753090258090264
2026-02-21 04:00:00,2026-02-21,4,5,2,5,5.920392123399478,Random Forest,-0.9203921233994778,0.9203921233994778
2026-02-21 05:00:00,2026-02-21,5,5,2,5,6.876419366581131,Random Forest,-1.876419366581131,1.876419366581131
2026-02-21 06:00:00,2026-02-21,6,5,2,17,11.68280009696186,Random Forest,5.317199903038141,5.317199903038141
2026-02-21 07:00:00,2026-02-21,7,5,2,35,31.975859541062796,Random Forest,3.024140458937204,3.024140458937204
2026-02-21 08:00:00,2026-02-21,8,5,2,56,51.763983585858576,Random Forest,4.2360164141414245,4.2360164141414245
2026-02-21 09:00:00,2026-02-21,9,5,2,88,70.60811706349205,Random Forest,17.391882936507955,17.391882936507955
2026-02-21 10:00:00,2026-02-21,10,5,2,101,96.41021248196245,Random Forest,4.589787518037554,4.589787518037554
2026-02-21 11:00:00,2026-02-21,11,5,2,135,122.97433224183378,Random Forest,12.025667758166222,12.025667758166222
2026-02-21 12:00:00,2026-02-21,12,5,2,126,121.76766269841272,Random Forest,4.232337301587279,4.232337301587279
2026-02-21 13:00:00,2026-02-21,13,5,2,121,122.54152651515159,Random Forest,-1.5415265151515882,1.5415265151515882
2026-02-21 14:00:00,2026-02-21,14,5,2,122,117.1530286796537,Random Forest,4.846971320346299,4.846971320346299
2026-02-21 15:00:00,2026-02-21,15,5,2,131,124.64911183261196,Random Forest,6.350888167388035,6.350888167388035
2026-02-21 16:00:00,2026-02-21,16,5,2,108,112.11694444444447,Random Forest,-4.116944444444471,4.116944444444471
2026-02-21 17:00:00,2026-02-21,17,5,2,138,128.85365079365081,Random Forest,9.146349206349186,9.146349206349186
2026-02-21 18:00:00,2026-02-21,18,5,2,134,126.19324098124102,Random Forest,7.8067590187589815,7.8067590187589815
2026-02-21 19:00:00,2026-02-21,19,5,2,91,93.8008005050505,Random Forest,-2.8008005050505034,2.8008005050505034
2026-02-21 20:00:00,2026-02-21,20,5,2,52,56.30393935231437,Random Forest,-4.303939352314373,4.303939352314373
2026-02-21 21:00:00,2026-02-21,21,5,2,47,45.4510332792208,Random Forest,1.5489667207791982,1.5489667207791982
2026-02-21 22:00:00,2026-02-21,22,5,2,57,45.18490674603177,Random Forest,11.815093253968229,11.815093253968229
2026-02-21 23:00:00,2026-02-21,23,5,2,38,38.08791450216451,Random Forest,-0.08791450216450869,0.08791450216450869
2026-02-22 00:00:00,2026-02-22,0,6,2,27,24.691234126984135,Random Forest,2.308765873015865,2.308765873015865
2026-02-22 01:00:00,2026-02-22,1,6,2,16,17.24105862815345,Random Forest,-1.24105862815345,1.24105862815345
2026-02-22 02:00:00,2026-02-22,2,6,2,13,13.231735572124524,Random Forest,-0.23173557212452423,0.23173557212452423
2026-02-22 03:00:00,2026-02-22,3,6,2,8,8.082590238017874,Random Forest,-0.08259023801787357,0.08259023801787357
2026-02-22 04:00:00,2026-02-22,4,6,2,12,9.32763979689166,Random Forest,2.67236020310834,2.67236020310834
2026-02-22 05:00:00,2026-02-22,5,6,2,8,10.900248464611266,Random Forest,-2.9002484646112663,2.9002484646112663
2026-02-22 06:00:00,2026-02-22,6,6,2,12,10.731486910757042,Random Forest,1.2685130892429584,1.2685130892429584
2026-02-22 07:00:00,2026-02-22,7,6,2,24,22.54441135253636,Random Forest,1.4555886474636388,1.4555886474636388
2026-02-22 08:00:00,2026-02-22,8,6,2,42,41.52705855255856,Random Forest,0.4729414474414426,0.4729414474414426
2026-02-22 09:00:00,2026-02-22,9,6,2,36,47.559548881673884,Random Forest,-11.559548881673884,11.559548881673884
2026-02-22 10:00:00,2026-02-22,10,6,2,27,33.24180158730159,Random Forest,-6.2418015873015875,6.2418015873015875
2026-02-22 11:00:00,2026-02-22,11,6,2,29,31.604458222333225,Random Forest,-2.604458222333225,2.604458222333225
2026-02-22 12:00:00,2026-02-22,12,6,2,37,33.49278957153956,Random Forest,3.5072104284604393,3.5072104284604393
2026-02-22 13:00:00,2026-02-22,13,6,2,28,30.457593253968252,Random Forest,-2.457593253968252,2.457593253968252
2026-02-22 14:00:00,2026-02-22,14,6,2,31,31.528880841380843,Random Forest,-0.5288808413808432,0.5288808413808432
2026-02-22 15:00:00,2026-02-22,15,6,2,26,31.08622745310246,Random Forest,-5.08622745310246,5.08622745310246
2026-02-22 16:00:00,2026-02-22,16,6,2,17,26.199656204906194,Random Forest,-9.199656204906194,9.199656204906194
2026-02-22 17:00:00,2026-02-22,17,6,2,14,19.241747294372296,Random Forest,-5.241747294372296,5.241747294372296
2026-02-22 18:00:00,2026-02-22,18,6,2,10,12.522580558330553,Random Forest,-2.522580558330553,2.522580558330553
2026-02-22 19:00:00,2026-02-22,19,6,2,6,9.467061063936065,Random Forest,-3.4670610639360646,3.4670610639360646
2026-02-22 20:00:00,2026-02-22,20,6,2,0,4.342942266067268,Random Forest,-4.342942266067268,4.342942266067268
2026-02-22 21:00:00,2026-02-22,21,6,2,0,0.0425,Random Forest,-0.0425,0.0425
2026-02-22 22:00:00,2026-02-22,22,6,2,0,0.10583333333333332,Random Forest,-0.10583333333333332,0.10583333333333332
2026-02-22 23:00:00,2026-02-22,23,6,2,0,0.44835714285714284,Random Forest,-0.44835714285714284,0.44835714285714284
2026-02-23 00:00:00,2026-02-23,0,0,2,0,0.5561845238095237,Random Forest,-0.5561845238095237,0.5561845238095237
2026-02-23 01:00:00,2026-02-23,1,0,2,0,0.22839682539682543,Random Forest,-0.22839682539682543,0.22839682539682543
2026-02-23 02:00:00,2026-02-23,2,0,2,0,0.16913492063492058,Random Forest,-0.16913492063492058,0.16913492063492058
2026-02-23 03:00:00,2026-02-23,3,0,2,0,0.11441934092477572,Random Forest,-0.11441934092477572,0.11441934092477572
2026-02-23 04:00:00,2026-02-23,4,0,2,0,0.7403582251082251,Random Forest,-0.7403582251082251,0.7403582251082251
2026-02-23 05:00:00,2026-02-23,5,0,2,0,0.36892965367965375,Random Forest,-0.36892965367965375,0.36892965367965375
2026-02-23 06:00:00,2026-02-23,6,0,2,0,0.26435822510822515,Random Forest,-0.26435822510822515,0.26435822510822515
2026-02-23 07:00:00,2026-02-23,7,0,2,0,0.5491666666666667,Random Forest,-0.5491666666666667,0.5491666666666667
2026-02-23 08:00:00,2026-02-23,8,0,2,0,0.7702499999999999,Random Forest,-0.7702499999999999,0.7702499999999999
2026-02-23 09:00:00,2026-02-23,9,0,2,0,0.1795,Random Forest,-0.1795,0.1795
2026-02-23 10:00:00,2026-02-23,10,0,2,0,0.07400000000000001,Random Forest,-0.07400000000000001,0.07400000000000001
2026-02-23 11:00:00,2026-02-23,11,0,2,0,0.0405,Random Forest,-0.0405,0.0405
2026-02-23 12:00:00,2026-02-23,12,0,2,0,0.04,Random Forest,-0.04,0.04
2026-02-23 13:00:00,2026-02-23,13,0,2,0,0.0,Random Forest,0.0,0.0
2026-02-23 14:00:00,2026-02-23,14,0,2,0,0.04,Random Forest,-0.04,0.04
2026-02-23 15:00:00,2026-02-23,15,0,2,0,0.0025,Random Forest,-0.0025,0.0025
2026-02-23 16:00:00,2026-02-23,16,0,2,0,0.012321428571428572,Random Forest,-0.012321428571428572,0.012321428571428572
2026-02-23 17:00:00,2026-02-23,17,0,2,0,0.0556547619047619,Random Forest,-0.0556547619047619,0.0556547619047619
2026-02-23 18:00:00,2026-02-23,18,0,2,0,0.12190476190476192,Random Forest,-0.12190476190476192,0.12190476190476192
2026-02-23 19:00:00,2026-02-23,19,0,2,0,0.07128571428571429,Random Forest,-0.07128571428571429,0.07128571428571429
2026-02-23 20:00:00,2026-02-23,20,0,2,0,0.06946428571428571,Random Forest,-0.06946428571428571,0.06946428571428571
2026-02-23 21:00:00,2026-02-23,21,0,2,0,0.06946428571428571,Random Forest,-0.06946428571428571,0.06946428571428571
2026-02-23 22:00:00,2026-02-23,22,0,2,0,0.0704642857142857,Random Forest,-0.0704642857142857,0.0704642857142857
2026-02-23 23:00:00,2026-02-23,23,0,2,0,0.22344642857142855,Random Forest,-0.22344642857142855,0.22344642857142855
2026-02-24 00:00:00,2026-02-24,0,1,2,0,0.22080952380952382,Random Forest,-0.22080952380952382,0.22080952380952382
2026-02-24 01:00:00,2026-02-24,1,1,2,0,0.1901723595848596,Random Forest,-0.1901723595848596,0.1901723595848596
2026-02-24 02:00:00,2026-02-24,2,1,2,0,0.1390203449328449,Random Forest,-0.1390203449328449,0.1390203449328449
2026-02-24 03:00:00,2026-02-24,3,1,2,0,0.15536756715506717,Random Forest,-0.15536756715506717,0.15536756715506717
2026-02-24 04:00:00,2026-02-24,4,1,2,0,0.6712788600288598,Random Forest,-0.6712788600288598,0.6712788600288598
2026-02-24 05:00:00,2026-02-24,5,1,2,0,0.27963095238095237,Random Forest,-0.27963095238095237,0.27963095238095237
2026-02-24 06:00:00,2026-02-24,6,1,2,0,0.2962023809523809,Random Forest,-0.2962023809523809,0.2962023809523809
2026-02-24 07:00:00,2026-02-24,7,1,2,1,0.5607857142857144,Random Forest,0.43921428571428556,0.43921428571428556
2026-02-24 08:00:00,2026-02-24,8,1,2,3,4.710321969696967,Random Forest,-1.7103219696969667,1.7103219696969667
2026-02-24 09:00:00,2026-02-24,9,1,2,6,6.444809523809526,Random Forest,-0.44480952380952576,0.44480952380952576
2026-02-24 10:00:00,2026-02-24,10,1,2,4,6.3308006715506755,Random Forest,-2.3308006715506755,2.3308006715506755
2026-02-24 11:00:00,2026-02-24,11,1,2,14,9.60757921245421,Random Forest,4.39242078754579,4.39242078754579
2026-02-24 12:00:00,2026-02-24,12,1,2,10,10.327330433455437,Random Forest,-0.3273304334554368,0.3273304334554368
2026-02-24 13:00:00,2026-02-24,13,1,2,12,11.086372449445978,Random Forest,0.9136275505540219,0.9136275505540219
2026-02-24 14:00:00,2026-02-24,14,1,2,6,9.181750474199005,Random Forest,-3.1817504741990046,3.1817504741990046
2026-02-24 15:00:00,2026-02-24,15,1,2,14,12.353345238095242,Random Forest,1.6466547619047578,1.6466547619047578
2026-02-24 16:00:00,2026-02-24,16,1,2,12,14.750626082251076,Random Forest,-2.7506260822510757,2.7506260822510757
2026-02-24 17:00:00,2026-02-24,17,1,2,22,20.51935312155165,Random Forest,1.4806468784483506,1.4806468784483506
2026-02-24 18:00:00,2026-02-24,18,1,2,24,24.120986111111097,Random Forest,-0.12098611111109747,0.12098611111109747
2026-02-24 19:00:00,2026-02-24,19,1,2,21,20.92344588744589,Random Forest,0.07655411255410982,0.07655411255410982
2026-02-24 20:00:00,2026-02-24,20,1,2,11,15.365378607503603,Random Forest,-4.365378607503603,4.365378607503603
2026-02-24 21:00:00,2026-02-24,21,1,2,8,8.619961399711398,Random Forest,-0.6199613997113982,0.6199613997113982
2026-02-24 22:00:00,2026-02-24,22,1,2,5,7.070060064935064,Random Forest,-2.0700600649350642,2.0700600649350642
2026-02-24 23:00:00,2026-02-24,23,1,2,6,6.798441919191921,Random Forest,-0.7984419191919212,0.7984419191919212
2026-02-25 00:00:00,2026-02-25,0,2,2,1,2.2936148468633264,Random Forest,-1.2936148468633264,1.2936148468633264
2026-02-25 01:00:00,2026-02-25,1,2,2,0,0.6223033552232081,Random Forest,-0.6223033552232081,0.6223033552232081
2026-02-25 02:00:00,2026-02-25,2,2,2,1,0.7285009963501967,Random Forest,0.2714990036498033,0.2714990036498033
2026-02-25 03:00:00,2026-02-25,3,2,2,1,0.784855433579634,Random Forest,0.21514456642036595,0.21514456642036595
2026-02-25 04:00:00,2026-02-25,4,2,2,3,2.644348845598847,Random Forest,0.35565115440115314,0.35565115440115314
2026-02-25 05:00:00,2026-02-25,5,2,2,6,7.5286448412698395,Random Forest,-1.5286448412698395,1.5286448412698395
2026-02-25 06:00:00,2026-02-25,6,2,2,4,7.77985515873016,Random Forest,-3.77985515873016,3.77985515873016
2026-02-25 07:00:00,2026-02-25,7,2,2,6,8.8880496031746,Random Forest,-2.8880496031746006,2.8880496031746006
2026-02-25 08:00:00,2026-02-25,8,2,2,14,12.798373015873022,Random Forest,1.2016269841269782,1.2016269841269782
2026-02-25 09:00:00,2026-02-25,9,2,2,5,10.572125596248691,Random Forest,-5.572125596248691,5.572125596248691
2026-02-25 10:00:00,2026-02-25,10,2,2,13,11.15643650793651,Random Forest,1.84356349206349,1.84356349206349
2026-02-25 11:00:00,2026-02-25,11,2,2,25,21.176416165586467,Random Forest,3.823583834413533,3.823583834413533
2026-02-25 12:00:00,2026-02-25,12,2,2,19,22.090226190476187,Random Forest,-3.090226190476187,3.090226190476187
2026-02-25 13:00:00,2026-02-25,13,2,2,19,19.899925154821155,Random Forest,-0.8999251548211546,0.8999251548211546
2026-02-25 14:00:00,2026-02-25,14,2,2,21,19.260701415325357,Random Forest,1.7392985846746427,1.7392985846746427
2026-02-25 15:00:00,2026-02-25,15,2,2,28,25.980826466070294,Random Forest,2.019173533929706,2.019173533929706
2026-02-25 16:00:00,2026-02-25,16,2,2,38,35.80669886363635,Random Forest,2.193301136363651,2.193301136363651
2026-02-25 17:00:00,2026-02-25,17,2,2,58,48.13760119047617,Random Forest,9.862398809523832,9.862398809523832
2026-02-25 18:00:00,2026-02-25,18,2,2,44,46.67189285714286,Random Forest,-2.6718928571428577,2.6718928571428577
2026-02-25 19:00:00,2026-02-25,19,2,2,39,39.002472222222245,Random Forest,-0.0024722222222450796,0.0024722222222450796
2026-02-25 20:00:00,2026-02-25,20,2,2,28,27.112137848262847,Random Forest,0.8878621517371528,0.8878621517371528
2026-02-25 21:00:00,2026-02-25,21,2,2,19,21.732244810744813,Random Forest,-2.732244810744813,2.732244810744813
2026-02-25 22:00:00,2026-02-25,22,2,2,23,17.770462301587298,Random Forest,5.229537698412702,5.229537698412702
2026-02-25 23:00:00,2026-02-25,23,2,2,14,13.204800324675318,Random Forest,0.7951996753246817,0.7951996753246817
2026-02-26 00:00:00,2026-02-26,0,3,2,1,3.5816781647025766,Random Forest,-2.5816781647025766,2.5816781647025766
2026-02-26 01:00:00,2026-02-26,1,3,2,2,1.767491794561647,Random Forest,0.23250820543835293,0.23250820543835293
2026-02-26 02:00:00,2026-02-26,2,3,2,2,1.572955045079246,Random Forest,0.427044954920754,0.427044954920754
2026-02-26 03:00:00,2026-02-26,3,3,2,1,1.195022662102745,Random Forest,-0.1950226621027451,0.1950226621027451
2026-02-26 04:00:00,2026-02-26,4,3,2,2,2.3080449134199137,Random Forest,-0.3080449134199137,0.3080449134199137
2026-02-26 05:00:00,2026-02-26,5,3,2,16,12.246688492063491,Random Forest,3.753311507936509,3.753311507936509
2026-02-26 06:00:00,2026-02-26,6,3,2,19,22.640313154840324,Random Forest,-3.6403131548403245,3.6403131548403245
2026-02-26 07:00:00,2026-02-26,7,3,2,54,38.2609880952381,Random Forest,15.739011904761902,15.739011904761902
2026-02-26 08:00:00,2026-02-26,8,3,2,60,64.33619227994227,Random Forest,-4.336192279942267,4.336192279942267
2026-02-26 09:00:00,2026-02-26,9,3,2,41,49.37847150072152,Random Forest,-8.378471500721517,8.378471500721517
2026-02-26 10:00:00,2026-02-26,10,3,2,26,31.856096139971118,Random Forest,-5.856096139971118,5.856096139971118
2026-02-26 11:00:00,2026-02-26,11,3,2,32,34.23625838744586,Random Forest,-2.236258387445858,2.236258387445858
2026-02-26 12:00:00,2026-02-26,12,3,2,42,40.11878119066605,Random Forest,1.8812188093339515,1.8812188093339515
2026-02-26 13:00:00,2026-02-26,13,3,2,32,36.661890362743975,Random Forest,-4.661890362743975,4.661890362743975
2026-02-26 14:00:00,2026-02-26,14,3,2,51,45.820493055555545,Random Forest,5.179506944444455,5.179506944444455
2026-02-26 15:00:00,2026-02-26,15,3,2,53,55.35500974025974,Random Forest,-2.3550097402597387,2.3550097402597387
2026-02-26 16:00:00,2026-02-26,16,3,2,64,61.71482846320346,Random Forest,2.2851715367965397,2.2851715367965397
2026-02-26 17:00:00,2026-02-26,17,3,2,102,88.98330158730155,Random Forest,13.016698412698446,13.016698412698446
2026-02-26 18:00:00,2026-02-26,18,3,2,95,98.63912623487626,Random Forest,-3.639126234876258,3.639126234876258
2026-02-26 19:00:00,2026-02-26,19,3,2,68,76.66644841269839,Random Forest,-8.666448412698387,8.666448412698387
2026-02-26 20:00:00,2026-02-26,20,3,2,43,47.64244769119771,Random Forest,-4.6424476911977095,4.6424476911977095
2026-02-26 21:00:00,2026-02-26,21,3,2,39,37.5381260822511,Random Forest,1.4618739177489033,1.4618739177489033
2026-02-26 22:00:00,2026-02-26,22,3,2,34,32.07522251849458,Random Forest,1.9247774815054228,1.9247774815054228
2026-02-26 23:00:00,2026-02-26,23,3,2,18,20.201308008658003,Random Forest,-2.2013080086580032,2.2013080086580032
2026-02-27 00:00:00,2026-02-27,0,4,2,5,10.21617261904762,Random Forest,-5.2161726190476205,5.2161726190476205
2026-02-27 01:00:00,2026-02-27,1,4,2,9,6.307962237274954,Random Forest,2.692037762725046,2.692037762725046
2026-02-27 02:00:00,2026-02-27,2,4,2,1,3.6481016215273137,Random Forest,-2.6481016215273137,2.6481016215273137
2026-02-27 03:00:00,2026-02-27,3,4,2,0,0.6090635876804356,Random Forest,-0.6090635876804356,0.6090635876804356
2026-02-27 04:00:00,2026-02-27,4,4,2,3,5.0868486821149865,Random Forest,-2.0868486821149865,2.0868486821149865
2026-02-27 05:00:00,2026-02-27,5,4,2,19,15.723905430353959,Random Forest,3.276094569646041,3.276094569646041
2026-02-27 06:00:00,2026-02-27,6,4,2,33,31.866418403952675,Random Forest,1.1335815960473248,1.1335815960473248
2026-02-27 07:00:00,2026-02-27,7,4,2,73,67.30818867243867,Random Forest,5.691811327561325,5.691811327561325
2026-02-27 08:00:00,2026-02-27,8,4,2,79,78.9627157564658,Random Forest,0.03728424353420223,0.03728424353420223
2026-02-27 09:00:00,2026-02-27,9,4,2,50,56.579749639249656,Random Forest,-6.5797496392496555,6.5797496392496555
2026-02-27 10:00:00,2026-02-27,10,4,2,40,39.98459445439619,Random Forest,0.015405545603812243,0.015405545603812243
2026-02-27 11:00:00,2026-02-27,11,4,2,66,51.69806494501668,Random Forest,14.301935054983318,14.301935054983318
2026-02-27 12:00:00,2026-02-27,12,4,2,64,63.823854058222466,Random Forest,0.17614594177753418,0.17614594177753418
2026-02-27 13:00:00,2026-02-27,13,4,2,59,57.77336184210524,Random Forest,1.2266381578947616,1.2266381578947616
2026-02-27 14:00:00,2026-02-27,14,4,2,76,68.63539715839713,Random Forest,7.364602841602874,7.364602841602874
2026-02-27 15:00:00,2026-02-27,15,4,2,85,84.81821251681919,Random Forest,0.18178748318081261,0.18178748318081261
2026-02-27 16:00:00,2026-02-27,16,4,2,115,106.3094305555556,Random Forest,8.690569444444407,8.690569444444407
2026-02-27 17:00:00,2026-02-27,17,4,2,129,130.12853640441676,Random Forest,-1.1285364044167636,1.1285364044167636
2026-02-27 18:00:00,2026-02-27,18,4,2,100,109.01391756854258,Random Forest,-9.013917568542581,9.013917568542581
2026-02-27 19:00:00,2026-02-27,19,4,2,101,82.130946012321,Random Forest,18.869053987678996,18.869053987678996
2026-02-27 20:00:00,2026-02-27,20,4,2,41,58.470220779220845,Random Forest,-17.470220779220845,17.470220779220845
2026-02-27 21:00:00,2026-02-27,21,4,2,43,39.155835858585824,Random Forest,3.8441641414141756,3.8441641414141756
2026-02-27 22:00:00,2026-02-27,22,4,2,32,33.89263456353589,Random Forest,-1.8926345635358928,1.8926345635358928
2026-02-27 23:00:00,2026-02-27,23,4,2,24,22.94285553751803,Random Forest,1.0571444624819684,1.0571444624819684
2026-02-28 00:00:00,2026-02-28,0,5,2,26,20.737857323232323,Random Forest,5.262142676767677,5.262142676767677
2026-02-28 01:00:00,2026-02-28,1,5,2,17,18.147754689754695,Random Forest,-1.147754689754695,1.147754689754695
2026-02-28 02:00:00,2026-02-28,2,5,2,11,10.912996399799031,Random Forest,0.08700360020096909,0.08700360020096909
2026-02-28 03:00:00,2026-02-28,3,5,2,10,8.611059965365172,Random Forest,1.3889400346348282,1.3889400346348282
2026-02-28 04:00:00,2026-02-28,4,5,2,11,9.282429773230264,Random Forest,1.7175702267697357,1.7175702267697357
2026-02-28 05:00:00,2026-02-28,5,5,2,4,7.096463389120441,Random Forest,-3.0964633891204407,3.0964633891204407
2026-02-28 06:00:00,2026-02-28,6,5,2,11,15.063886446886444,Random Forest,-4.063886446886444,4.063886446886444
2026-02-28 07:00:00,2026-02-28,7,5,2,29,28.837355115057463,Random Forest,0.16264488494253726,0.16264488494253726
2026-02-28 08:00:00,2026-02-28,8,5,2,42,48.053891053391055,Random Forest,-6.053891053391055,6.053891053391055
2026-02-28 09:00:00,2026-02-28,9,5,2,76,64.32975974025973,Random Forest,11.670240259740268,11.670240259740268
2026-02-28 10:00:00,2026-02-28,10,5,2,106,93.0604642857143,Random Forest,12.939535714285697,12.939535714285697
2026-02-28 11:00:00,2026-02-28,11,5,2,98,107.80333243956979,Random Forest,-9.803332439569786,9.803332439569786
2026-02-28 12:00:00,2026-02-28,12,5,2,106,108.85560890166978,Random Forest,-2.8556089016697825,2.8556089016697825
2026-02-28 13:00:00,2026-02-28,13,5,2,130,117.84545955782696,Random Forest,12.154540442173044,12.154540442173044
2026-02-28 14:00:00,2026-02-28,14,5,2,107,118.7171396692076,Random Forest,-11.717139669207597,11.717139669207597
2026-02-28 15:00:00,2026-02-28,15,5,2,105,114.09600016912516,Random Forest,-9.096000169125162,9.096000169125162
2026-02-28 16:00:00,2026-02-28,16,5,2,129,123.71727001039508,Random Forest,5.282729989604917,5.282729989604917
2026-02-28 17:00:00,2026-02-28,17,5,2,96,121.87662022005775,Random Forest,-25.876620220057745,25.876620220057745
2026-02-28 18:00:00,2026-02-28,18,5,2,92,95.8838044733045,Random Forest,-3.883804473304494,3.883804473304494
2026-02-28 19:00:00,2026-02-28,19,5,2,62,70.02311935286933,Random Forest,-8.02311935286933,8.02311935286933
2026-02-28 20:00:00,2026-02-28,20,5,2,65,56.07372204184704,Random Forest,8.926277958152959,8.926277958152959
2026-02-28 21:00:00,2026-02-28,21,5,2,42,49.85704563492063,Random Forest,-7.857045634920631,7.857045634920631
2026-02-28 22:00:00,2026-02-28,22,5,2,26,32.16458982683982,Random Forest,-6.164589826839823,6.164589826839823
2026-02-28 23:00:00,2026-02-28,23,5,2,36,32.89865313852812,Random Forest,3.1013468614718818,3.1013468614718818
2026-03-01 00:00:00,2026-03-01,0,6,3,31,33.31408182813356,Random Forest,-2.31408182813356,2.31408182813356
2026-03-01 01:00:00,2026-03-01,1,6,3,18,19.616430735930734,Random Forest,-1.6164307359307344,1.6164307359307344
2026-03-01 02:00:00,2026-03-01,2,6,3,23,19.381203945999857,Random Forest,3.6187960540001427,3.6187960540001427
2026-03-01 03:00:00,2026-03-01,3,6,3,8,11.826008491508492,Random Forest,-3.8260084915084924,3.8260084915084924
2026-03-01 04:00:00,2026-03-01,4,6,3,11,10.096821369969602,Random Forest,0.9031786300303981,0.9031786300303981
2026-03-01 05:00:00,2026-03-01,5,6,3,8,9.535653982024266,Random Forest,-1.5356539820242663,1.5356539820242663
2026-03-01 06:00:00,2026-03-01,6,6,3,9,10.46436260651084,Random Forest,-1.4643626065108393,1.4643626065108393
2026-03-01 07:00:00,2026-03-01,7,6,3,21,21.37653084415584,Random Forest,-0.37653084415584104,0.37653084415584104
2026-03-01 08:00:00,2026-03-01,8,6,3,36,37.44183147143055,Random Forest,-1.4418314714305467,1.4418314714305467
2026-03-01 09:00:00,2026-03-01,9,6,3,41,46.97620039682538,Random Forest,-5.9762003968253765,5.9762003968253765
2026-03-01 10:00:00,2026-03-01,10,6,3,75,64.02932142857144,Random Forest,10.970678571428564,10.970678571428564
2026-03-01 11:00:00,2026-03-01,11,6,3,96,92.60658020655507,Random Forest,3.3934197934449344,3.3934197934449344
2026-03-01 12:00:00,2026-03-01,12,6,3,80,84.8113407322157,Random Forest,-4.811340732215697,4.811340732215697
2026-03-01 13:00:00,2026-03-01,13,6,3,110,100.24326254261786,Random Forest,9.756737457382144,9.756737457382144
2026-03-01 14:00:00,2026-03-01,14,6,3,85,100.17830952380953,Random Forest,-15.178309523809531,15.178309523809531
2026-03-01 15:00:00,2026-03-01,15,6,3,72,78.00457709969612,Random Forest,-6.004577099696121,6.004577099696121
2026-03-01 16:00:00,2026-03-01,16,6,3,83,84.86199000696426,Random Forest,-1.8619900069642625,1.8619900069642625
2026-03-01 17:00:00,2026-03-01,17,6,3,80,80.64316237426763,Random Forest,-0.6431623742676322,0.6431623742676322
2026-03-01 18:00:00,2026-03-01,18,6,3,79,79.20539475762503,Random Forest,-0.20539475762502946,0.20539475762502946
2026-03-01 19:00:00,2026-03-01,19,6,3,54,57.75521681096679,Random Forest,-3.755216810966793,3.755216810966793
2026-03-01 20:00:00,2026-03-01,20,6,3,30,37.89811904761904,Random Forest,-7.898119047619041,7.898119047619041
2026-03-01 21:00:00,2026-03-01,21,6,3,23,25.717148196248207,Random Forest,-2.717148196248207,2.717148196248207
2026-03-01 22:00:00,2026-03-01,22,6,3,20,17.45913492063491,Random Forest,2.5408650793650907,2.5408650793650907
2026-03-01 23:00:00,2026-03-01,23,6,3,8,12.851264610389606,Random Forest,-4.851264610389606,4.851264610389606
2026-03-02 00:00:00,2026-03-02,0,0,3,5,7.300983794932579,Random Forest,-2.300983794932579,2.300983794932579
2026-03-02 01:00:00,2026-03-02,1,0,3,8,5.374174125710888,Random Forest,2.625825874289112,2.625825874289112
2026-03-02 02:00:00,2026-03-02,2,0,3,5,4.857235518614574,Random Forest,0.1427644813854263,0.1427644813854263
2026-03-02 03:00:00,2026-03-02,3,0,3,1,2.2014382422335013,Random Forest,-1.2014382422335013,1.2014382422335013
2026-03-02 04:00:00,2026-03-02,4,0,3,4,6.771333152958149,Random Forest,-2.7713331529581486,2.7713331529581486
2026-03-02 05:00:00,2026-03-02,5,0,3,23,14.405763888888893,Random Forest,8.594236111111107,8.594236111111107
2026-03-02 06:00:00,2026-03-02,6,0,3,36,31.956557539682546,Random Forest,4.043442460317454,4.043442460317454
2026-03-02 07:00:00,2026-03-02,7,0,3,98,67.29096861471862,Random Forest,30.709031385281378,30.709031385281378
2026-03-02 08:00:00,2026-03-02,8,0,3,122,90.40432142857148,Random Forest,31.59567857142852,31.59567857142852
2026-03-02 09:00:00,2026-03-02,9,0,3,55,59.284934523809504,Random Forest,-4.284934523809504,4.284934523809504
2026-03-02 10:00:00,2026-03-02,10,0,3,41,51.97862896825401,Random Forest,-10.978628968254007,10.978628968254007
2026-03-02 11:00:00,2026-03-02,11,0,3,48,50.96439484126986,Random Forest,-2.9643948412698577,2.9643948412698577
2026-03-02 12:00:00,2026-03-02,12,0,3,52,56.110963897213885,Random Forest,-4.110963897213885,4.110963897213885
2026-03-02 13:00:00,2026-03-02,13,0,3,67,71.69172889610391,Random Forest,-4.6917288961039105,4.6917288961039105
2026-03-02 14:00:00,2026-03-02,14,0,3,76,78.61319556905084,Random Forest,-2.613195569050845,2.613195569050845
2026-03-02 15:00:00,2026-03-02,15,0,3,87,87.08682951093617,Random Forest,-0.08682951093616964,0.08682951093616964
2026-03-02 16:00:00,2026-03-02,16,0,3,113,102.15028369564037,Random Forest,10.849716304359632,10.849716304359632
2026-03-02 17:00:00,2026-03-02,17,0,3,149,126.96490674603176,Random Forest,22.035093253968242,22.035093253968242
2026-03-02 18:00:00,2026-03-02,18,0,3,178,147.7768075396825,Random Forest,30.223192460317506,30.223192460317506
2026-03-02 19:00:00,2026-03-02,19,0,3,99,106.72553373015874,Random Forest,-7.725533730158745,7.725533730158745
2026-03-02 20:00:00,2026-03-02,20,0,3,56,58.21728174603179,Random Forest,-2.2172817460317873,2.2172817460317873
2026-03-02 21:00:00,2026-03-02,21,0,3,40,36.61128968253968,Random Forest,3.3887103174603226,3.3887103174603226
2026-03-02 22:00:00,2026-03-02,22,0,3,32,30.576753066378064,Random Forest,1.423246933621936,1.423246933621936
2026-03-02 23:00:00,2026-03-02,23,0,3,13,14.61108134920635,Random Forest,-1.6110813492063496,1.6110813492063496
2026-03-03 00:00:00,2026-03-03,0,1,3,11,7.753376006601332,Random Forest,3.246623993398668,3.246623993398668
2026-03-03 01:00:00,2026-03-03,1,1,3,5,4.971735787531024,Random Forest,0.028264212468975813,0.028264212468975813
2026-03-03 02:00:00,2026-03-03,2,1,3,1,1.9592618589423814,Random Forest,-0.9592618589423814,0.9592618589423814
2026-03-03 03:00:00,2026-03-03,3,1,3,0,0.9309262876141746,Random Forest,-0.9309262876141746,0.9309262876141746
2026-03-03 04:00:00,2026-03-03,4,1,3,13,10.197089285714286,Random Forest,2.802910714285714,2.802910714285714
2026-03-03 05:00:00,2026-03-03,5,1,3,30,27.241623797770853,Random Forest,2.7583762022291474,2.7583762022291474
2026-03-03 06:00:00,2026-03-03,6,1,3,57,55.90373838661342,Random Forest,1.0962616133865808,1.0962616133865808
2026-03-03 07:00:00,2026-03-03,7,1,3,107,102.48431547619049,Random Forest,4.515684523809512,4.515684523809512
2026-03-03 08:00:00,2026-03-03,8,1,3,130,122.46544444444446,Random Forest,7.534555555555542,7.534555555555542
2026-03-03 09:00:00,2026-03-03,9,1,3,42,52.65008134920633,Random Forest,-10.650081349206332,10.650081349206332
2026-03-03 10:00:00,2026-03-03,10,1,3,27,31.531442751692744,Random Forest,-4.531442751692744,4.531442751692744
2026-03-03 11:00:00,2026-03-03,11,1,3,42,40.44411215867468,Random Forest,1.5558878413253225,1.5558878413253225
2026-03-03 12:00:00,2026-03-03,12,1,3,40,37.597737137862154,Random Forest,2.402262862137846,2.402262862137846
2026-03-03 13:00:00,2026-03-03,13,1,3,28,37.441814033189026,Random Forest,-9.441814033189026,9.441814033189026
2026-03-03 14:00:00,2026-03-03,14,1,3,38,40.00957449494949,Random Forest,-2.00957449494949,2.00957449494949
2026-03-03 15:00:00,2026-03-03,15,1,3,43,45.803810245310245,Random Forest,-2.8038102453102454,2.8038102453102454
2026-03-03 16:00:00,2026-03-03,16,1,3,50,54.232058712121216,Random Forest,-4.232058712121216,4.232058712121216
2026-03-03 17:00:00,2026-03-03,17,1,3,97,79.28252683792817,Random Forest,17.717473162071826,17.717473162071826
2026-03-03 18:00:00,2026-03-03,18,1,3,106,95.63072458695628,Random Forest,10.369275413043724,10.369275413043724
2026-03-03 19:00:00,2026-03-03,19,1,3,53,66.21976870351874,Random Forest,-13.219768703518739,13.219768703518739
2026-03-03 20:00:00,2026-03-03,20,1,3,43,40.17281547619048,Random Forest,2.827184523809521,2.827184523809521
2026-03-03 21:00:00,2026-03-03,21,1,3,29,31.138349386724382,Random Forest,-2.138349386724382,2.138349386724382
2026-03-03 22:00:00,2026-03-03,22,1,3,16,20.68991883116883,Random Forest,-4.6899188311688285,4.6899188311688285
2026-03-03 23:00:00,2026-03-03,23,1,3,16,12.916930375180371,Random Forest,3.083069624819629,3.083069624819629
2026-03-04 00:00:00,2026-03-04,0,2,3,4,6.673655314182488,Random Forest,-2.673655314182488,2.673655314182488
2026-03-04 01:00:00,2026-03-04,1,2,3,3,2.8521055763116094,Random Forest,0.14789442368839056,0.14789442368839056
2026-03-04 02:00:00,2026-03-04,2,2,3,4,3.2792774999841487,Random Forest,0.7207225000158513,0.7207225000158513
2026-03-04 03:00:00,2026-03-04,3,2,3,5,2.863770720856421,Random Forest,2.136229279143579,2.136229279143579
2026-03-04 04:00:00,2026-03-04,4,2,3,10,8.71788418972506,Random Forest,1.2821158102749397,1.2821158102749397
2026-03-04 05:00:00,2026-03-04,5,2,3,31,25.79761694244454,Random Forest,5.202383057555458,5.202383057555458
2026-03-04 06:00:00,2026-03-04,6,2,3,59,55.440738636363655,Random Forest,3.5592613636363453,3.5592613636363453
2026-03-04 07:00:00,2026-03-04,7,2,3,142,112.63010515873015,Random Forest,29.369894841269854,29.369894841269854
2026-03-04 08:00:00,2026-03-04,8,2,3,178,154.73209776334784,Random Forest,23.267902236652162,23.267902236652162
2026-03-04 09:00:00,2026-03-04,9,2,3,52,80.42984523809525,Random Forest,-28.429845238095254,28.429845238095254
2026-03-04 10:00:00,2026-03-04,10,2,3,59,46.73172605890281,Random Forest,12.268273941097192,12.268273941097192
2026-03-04 11:00:00,2026-03-04,11,2,3,63,62.28402380952383,Random Forest,0.7159761904761694,0.7159761904761694
2026-03-04 12:00:00,2026-03-04,12,2,3,65,64.94853289327631,Random Forest,0.05146710672369181,0.05146710672369181
2026-03-04 13:00:00,2026-03-04,13,2,3,62,59.11772123271465,Random Forest,2.8822787672853494,2.8822787672853494
2026-03-04 14:00:00,2026-03-04,14,2,3,78,68.57982852819694,Random Forest,9.420171471803059,9.420171471803059
2026-03-04 15:00:00,2026-03-04,15,2,3,106,88.17575904650907,Random Forest,17.82424095349093,17.82424095349093
2026-03-04 16:00:00,2026-03-04,16,2,3,151,113.0653455988456,Random Forest,37.934654401154404,37.934654401154404
2026-03-04 17:00:00,2026-03-04,17,2,3,202,159.57499801587304,Random Forest,42.425001984126965,42.425001984126965
2026-03-04 18:00:00,2026-03-04,18,2,3,213,178.25961507936506,Random Forest,34.74038492063494,34.74038492063494
2026-03-04 19:00:00,2026-03-04,19,2,3,103,108.87214682539683,Random Forest,-5.872146825396825,5.872146825396825
2026-03-04 20:00:00,2026-03-04,20,2,3,95,77.81807070707072,Random Forest,17.181929292929283,17.181929292929283
2026-03-04 21:00:00,2026-03-04,21,2,3,46,51.87668091630595,Random Forest,-5.876680916305951,5.876680916305951
2026-03-04 22:00:00,2026-03-04,22,2,3,52,40.16283928571426,Random Forest,11.837160714285737,11.837160714285737
2026-03-04 23:00:00,2026-03-04,23,2,3,25,29.473160714285708,Random Forest,-4.473160714285708,4.473160714285708
2026-03-05 00:00:00,2026-03-05,0,3,3,10,11.640883699633703,Random Forest,-1.6408836996337026,1.6408836996337026
2026-03-05 01:00:00,2026-03-05,1,3,3,4,4.405634433156905,Random Forest,-0.40563443315690506,0.40563443315690506
2026-03-05 02:00:00,2026-03-05,2,3,3,3,3.27531700211942,Random Forest,-0.27531700211942,0.27531700211942
2026-03-05 03:00:00,2026-03-05,3,3,3,0,1.2483160449866686,Random Forest,-1.2483160449866686,1.2483160449866686
2026-03-05 04:00:00,2026-03-05,4,3,3,6,6.712030158730158,Random Forest,-0.7120301587301583,0.7120301587301583
2026-03-05 05:00:00,2026-03-05,5,3,3,27,24.76691522366522,Random Forest,2.233084776334781,2.233084776334781
2026-03-05 06:00:00,2026-03-05,6,3,3,35,44.496099747474744,Random Forest,-9.496099747474744,9.496099747474744
2026-03-05 07:00:00,2026-03-05,7,3,3,65,66.00207738095239,Random Forest,-1.002077380952386,1.002077380952386
2026-03-05 08:00:00,2026-03-05,8,3,3,42,61.71908862433862,Random Forest,-19.719088624338617,19.719088624338617
2026-03-05 09:00:00,2026-03-05,9,3,3,13,32.300405753968256,Random Forest,-19.300405753968256,19.300405753968256
2026-03-05 10:00:00,2026-03-05,10,3,3,15,22.556494932844934,Random Forest,-7.5564949328449345,7.5564949328449345
2026-03-05 11:00:00,2026-03-05,11,3,3,22,26.65826156300127,Random Forest,-4.658261563001268,4.658261563001268
2026-03-05 12:00:00,2026-03-05,12,3,3,46,40.49696772026992,Random Forest,5.503032279730078,5.503032279730078
2026-03-05 13:00:00,2026-03-05,13,3,3,39,45.6774363095238,Random Forest,-6.677436309523799,6.677436309523799
2026-03-05 14:00:00,2026-03-05,14,3,3,50,46.185925324675324,Random Forest,3.814074675324676,3.814074675324676
2026-03-05 15:00:00,2026-03-05,15,3,3,85,74.18654162070668,Random Forest,10.813458379293323,10.813458379293323
2026-03-05 16:00:00,2026-03-05,16,3,3,87,92.83137210698547,Random Forest,-5.831372106985469,5.831372106985469
2026-03-05 17:00:00,2026-03-05,17,3,3,119,117.23699168695293,Random Forest,1.7630083130470666,1.7630083130470666
2026-03-05 18:00:00,2026-03-05,18,3,3,92,105.90611111111106,Random Forest,-13.90611111111106,13.90611111111106
2026-03-05 19:00:00,2026-03-05,19,3,3,42,57.84062187812188,Random Forest,-15.84062187812188,15.84062187812188
2026-03-05 20:00:00,2026-03-05,20,3,3,25,32.47080627705627,Random Forest,-7.470806277056269,7.470806277056269
2026-03-05 21:00:00,2026-03-05,21,3,3,18,23.007956349206342,Random Forest,-5.007956349206342,5.007956349206342
2026-03-05 22:00:00,2026-03-05,22,3,3,5,13.114095238095238,Random Forest,-8.114095238095238,8.114095238095238
2026-03-05 23:00:00,2026-03-05,23,3,3,4,9.232376984126981,Random Forest,-5.232376984126981,5.232376984126981
2026-03-06 00:00:00,2026-03-06,0,4,3,4,4.402108051507522,Random Forest,-0.40210805150752194,0.40210805150752194
2026-03-06 01:00:00,2026-03-06,1,4,3,6,5.101787752706232,Random Forest,0.8982122472937677,0.8982122472937677
2026-03-06 02:00:00,2026-03-06,2,4,3,4,3.7631603263301936,Random Forest,0.2368396736698064,0.2368396736698064
2026-03-06 03:00:00,2026-03-06,3,4,3,0,1.1450442437996786,Random Forest,-1.1450442437996786,1.1450442437996786
2026-03-06 04:00:00,2026-03-06,4,4,3,11,8.024809163059162,Random Forest,2.975190836940838,2.975190836940838
2026-03-06 05:00:00,2026-03-06,5,4,3,22,22.815647997835484,Random Forest,-0.8156479978354838,0.8156479978354838
2026-03-06 06:00:00,2026-03-06,6,4,3,53,41.9093053858723,Random Forest,11.090694614127699,11.090694614127699
2026-03-06 07:00:00,2026-03-06,7,4,3,109,93.34614520202024,Random Forest,15.653854797979761,15.653854797979761
2026-03-06 08:00:00,2026-03-06,8,4,3,110,106.98192590048835,Random Forest,3.018074099511651,3.018074099511651
2026-03-06 09:00:00,2026-03-06,9,4,3,69,74.31538690476188,Random Forest,-5.31538690476188,5.31538690476188
2026-03-06 10:00:00,2026-03-06,10,4,3,76,63.142590557833955,Random Forest,12.857409442166045,12.857409442166045
2026-03-06 11:00:00,2026-03-06,11,4,3,60,66.6163198051948,Random Forest,-6.616319805194806,6.616319805194806
2026-03-06 12:00:00,2026-03-06,12,4,3,71,69.54627545626884,Random Forest,1.4537245437311554,1.4537245437311554
2026-03-06 13:00:00,2026-03-06,13,4,3,90,83.29303709740552,Random Forest,6.7069629025944835,6.7069629025944835
2026-03-06 14:00:00,2026-03-06,14,4,3,88,94.86556831380001,Random Forest,-6.865568313800011,6.865568313800011
2026-03-06 15:00:00,2026-03-06,15,4,3,153,125.62378258778264,Random Forest,27.376217412217358,27.376217412217358
2026-03-06 16:00:00,2026-03-06,16,4,3,115,131.69424702380954,Random Forest,-16.694247023809538,16.694247023809538
2026-03-06 17:00:00,2026-03-06,17,4,3,166,148.77344199761592,Random Forest,17.22655800238408,17.22655800238408
2026-03-06 18:00:00,2026-03-06,18,4,3,167,155.74368452380958,Random Forest,11.256315476190423,11.256315476190423
2026-03-06 19:00:00,2026-03-06,19,4,3,114,120.86585912698412,Random Forest,-6.86585912698412,6.86585912698412
2026-03-06 20:00:00,2026-03-06,20,4,3,79,76.86963358863359,Random Forest,2.13036641136641,2.13036641136641
2026-03-06 21:00:00,2026-03-06,21,4,3,60,55.10613726551228,Random Forest,4.893862734487719,4.893862734487719
2026-03-06 22:00:00,2026-03-06,22,4,3,60,48.97445451770451,Random Forest,11.025545482295492,11.025545482295492
2026-03-06 23:00:00,2026-03-06,23,4,3,43,42.708779581529576,Random Forest,0.2912204184704237,0.2912204184704237
2026-03-07 00:00:00,2026-03-07,0,5,3,29,30.09753499278499,Random Forest,-1.0975349927849898,1.0975349927849898
2026-03-07 01:00:00,2026-03-07,1,5,3,21,20.114603715728705,Random Forest,0.8853962842712946,0.8853962842712946
2026-03-07 02:00:00,2026-03-07,2,5,3,25,18.73757414807415,Random Forest,6.262425851925851,6.262425851925851
2026-03-07 03:00:00,2026-03-07,3,5,3,9,11.54240918803419,Random Forest,-2.54240918803419,2.54240918803419
2026-03-07 04:00:00,2026-03-07,4,5,3,5,7.722903912598954,Random Forest,-2.7229039125989543,2.7229039125989543
2026-03-07 05:00:00,2026-03-07,5,5,3,4,5.845286828752701,Random Forest,-1.845286828752701,1.845286828752701
2026-03-07 06:00:00,2026-03-07,6,5,3,12,12.710340159840161,Random Forest,-0.7103401598401611,0.7103401598401611
2026-03-07 07:00:00,2026-03-07,7,5,3,47,36.298163495479486,Random Forest,10.701836504520514,10.701836504520514
2026-03-07 08:00:00,2026-03-07,8,5,3,50,58.06451948051949,Random Forest,-8.064519480519493,8.064519480519493
2026-03-07 09:00:00,2026-03-07,9,5,3,91,81.71944769119769,Random Forest,9.280552308802314,9.280552308802314
2026-03-07 10:00:00,2026-03-07,10,5,3,101,104.68413518960338,Random Forest,-3.6841351896033814,3.6841351896033814
2026-03-07 11:00:00,2026-03-07,11,5,3,118,117.46016714304356,Random Forest,0.539832856956437,0.539832856956437
2026-03-07 12:00:00,2026-03-07,12,5,3,136,130.27728009490508,Random Forest,5.72271990509492,5.72271990509492
2026-03-07 13:00:00,2026-03-07,13,5,3,127,131.5248503474183,Random Forest,-4.524850347418294,4.524850347418294
2026-03-07 14:00:00,2026-03-07,14,5,3,111,119.63827071539576,Random Forest,-8.638270715395763,8.638270715395763
2026-03-07 15:00:00,2026-03-07,15,5,3,117,121.23218687819951,Random Forest,-4.232186878199514,4.232186878199514
2026-03-07 16:00:00,2026-03-07,16,5,3,133,135.69039929152967,Random Forest,-2.6903992915296726,2.6903992915296726
2026-03-07 17:00:00,2026-03-07,17,5,3,117,133.61669047619046,Random Forest,-16.616690476190456,16.616690476190456
2026-03-07 18:00:00,2026-03-07,18,5,3,120,113.44212811942953,Random Forest,6.557871880570474,6.557871880570474
2026-03-07 19:00:00,2026-03-07,19,5,3,80,91.71143993506492,Random Forest,-11.711439935064917,11.711439935064917
2026-03-07 20:00:00,2026-03-07,20,5,3,72,66.181933982684,Random Forest,5.818066017315999,5.818066017315999
2026-03-07 21:00:00,2026-03-07,21,5,3,53,53.63165025252526,Random Forest,-0.6316502525252616,0.6316502525252616
2026-03-07 22:00:00,2026-03-07,22,5,3,51,46.82153156565656,Random Forest,4.1784684343434435,4.1784684343434435
2026-03-07 23:00:00,2026-03-07,23,5,3,46,43.19409902597404,Random Forest,2.8059009740259597,2.8059009740259597
2026-03-08 00:00:00,2026-03-08,0,6,3,40,37.64263143130815,Random Forest,2.3573685686918466,2.3573685686918466
2026-03-08 01:00:00,2026-03-08,1,6,3,25,27.67608170995672,Random Forest,-2.676081709956719,2.676081709956719
2026-03-08 02:00:00,2026-03-08,2,6,3,0,12.099294733044735,Random Forest,-12.099294733044735,12.099294733044735
2026-03-08 03:00:00,2026-03-08,3,6,3,24,10.651950216450215,Random Forest,13.348049783549785,13.348049783549785
2026-03-08 04:00:00,2026-03-08,4,6,3,19,16.98811506140918,Random Forest,2.0118849385908213,2.0118849385908213
2026-03-08 05:00:00,2026-03-08,5,6,3,13,14.469603008103004,Random Forest,-1.4696030081030038,1.4696030081030038
2026-03-08 06:00:00,2026-03-08,6,6,3,16,16.10771776350234,Random Forest,-0.10771776350233964,0.10771776350233964
2026-03-08 07:00:00,2026-03-08,7,6,3,17,26.214250749854013,Random Forest,-9.214250749854013,9.214250749854013
2026-03-08 08:00:00,2026-03-08,8,6,3,55,42.42713731896467,Random Forest,12.572862681035332,12.572862681035332
2026-03-08 09:00:00,2026-03-08,9,6,3,54,59.93960826718089,Random Forest,-5.939608267180887,5.939608267180887
2026-03-08 10:00:00,2026-03-08,10,6,3,90,83.26586489898992,Random Forest,6.734135101010082,6.734135101010082
2026-03-08 11:00:00,2026-03-08,11,6,3,113,113.83234173895384,Random Forest,-0.8323417389538434,0.8323417389538434
2026-03-08 12:00:00,2026-03-08,12,6,3,129,127.32728726861376,Random Forest,1.672712731386241,1.672712731386241
2026-03-08 13:00:00,2026-03-08,13,6,3,169,150.80991233766238,Random Forest,18.190087662337618,18.190087662337618
2026-03-08 14:00:00,2026-03-08,14,6,3,172,168.4735081890332,Random Forest,3.526491810966803,3.526491810966803
2026-03-08 15:00:00,2026-03-08,15,6,3,179,171.66575739538243,Random Forest,7.334242604617572,7.334242604617572
2026-03-08 16:00:00,2026-03-08,16,6,3,175,179.11179653679662,Random Forest,-4.111796536796618,4.111796536796618
2026-03-08 17:00:00,2026-03-08,17,6,3,176,170.17668344155848,Random Forest,5.823316558441519,5.823316558441519
2026-03-08 18:00:00,2026-03-08,18,6,3,140,155.39990079365077,Random Forest,-15.399900793650772,15.399900793650772
2026-03-08 19:00:00,2026-03-08,19,6,3,128,115.12456078643571,Random Forest,12.875439213564292,12.875439213564292
2026-03-08 20:00:00,2026-03-08,20,6,3,80,86.25577867965367,Random Forest,-6.255778679653673,6.255778679653673
2026-03-08 21:00:00,2026-03-08,21,6,3,52,53.56485998723496,Random Forest,-1.5648599872349607,1.5648599872349607
2026-03-08 22:00:00,2026-03-08,22,6,3,29,33.834849567099575,Random Forest,-4.834849567099575,4.834849567099575
2026-03-08 23:00:00,2026-03-08,23,6,3,27,25.075923701298702,Random Forest,1.9240762987012978,1.9240762987012978
2026-03-09 00:00:00,2026-03-09,0,0,3,18,19.23076415251415,Random Forest,-1.2307641525141513,1.2307641525141513
2026-03-09 01:00:00,2026-03-09,1,0,3,3,7.296148032579565,Random Forest,-4.296148032579565,4.296148032579565
2026-03-09 02:00:00,2026-03-09,2,0,3,3,3.3444900818372685,Random Forest,-0.3444900818372685,0.3444900818372685
2026-03-09 03:00:00,2026-03-09,3,0,3,2,1.8628134034856578,Random Forest,0.13718659651434217,0.13718659651434217
2026-03-09 04:00:00,2026-03-09,4,0,3,3,4.9619287672932035,Random Forest,-1.9619287672932035,1.9619287672932035
2026-03-09 05:00:00,2026-03-09,5,0,3,29,24.359186327561343,Random Forest,4.640813672438657,4.640813672438657
2026-03-09 06:00:00,2026-03-09,6,0,3,76,64.88684920634921,Random Forest,11.113150793650789,11.113150793650789
2026-03-09 07:00:00,2026-03-09,7,0,3,161,144.03189484126986,Random Forest,16.96810515873014,16.96810515873014
2026-03-09 08:00:00,2026-03-09,8,0,3,218,171.40585515873008,Random Forest,46.59414484126992,46.59414484126992
2026-03-09 09:00:00,2026-03-09,9,0,3,111,103.0663037518038,Random Forest,7.933696248196199,7.933696248196199
2026-03-09 10:00:00,2026-03-09,10,0,3,103,98.72800595238095,Random Forest,4.271994047619046,4.271994047619046
2026-03-09 11:00:00,2026-03-09,11,0,3,110,107.41188582251081,Random Forest,2.5881141774891887,2.5881141774891887
2026-03-09 12:00:00,2026-03-09,12,0,3,123,122.1338815656566,Random Forest,0.8661184343434059,0.8661184343434059
2026-03-09 13:00:00,2026-03-09,13,0,3,120,127.07972817460319,Random Forest,-7.07972817460319,7.07972817460319
2026-03-09 14:00:00,2026-03-09,14,0,3,138,135.3814374098124,Random Forest,2.6185625901875937,2.6185625901875937
2026-03-09 15:00:00,2026-03-09,15,0,3,154,172.8637135642136,Random Forest,-18.86371356421361,18.86371356421361
2026-03-09 16:00:00,2026-03-09,16,0,3,203,192.15106709956706,Random Forest,10.848932900432942,10.848932900432942
2026-03-09 17:00:00,2026-03-09,17,0,3,349,266.98691341991344,Random Forest,82.01308658008656,82.01308658008656
2026-03-09 18:00:00,2026-03-09,18,0,3,331,275.70322023809535,Random Forest,55.296779761904645,55.296779761904645
2026-03-09 19:00:00,2026-03-09,19,0,3,201,179.23748015873022,Random Forest,21.76251984126978,21.76251984126978
2026-03-09 20:00:00,2026-03-09,20,0,3,154,138.29063672438676,Random Forest,15.709363275613242,15.709363275613242
2026-03-09 21:00:00,2026-03-09,21,0,3,123,107.62767460317457,Random Forest,15.372325396825431,15.372325396825431
2026-03-09 22:00:00,2026-03-09,22,0,3,61,66.96633362470862,Random Forest,-5.966333624708625,5.966333624708625
2026-03-09 23:00:00,2026-03-09,23,0,3,29,33.16124458874459,Random Forest,-4.161244588744587,4.161244588744587
2026-03-10 00:00:00,2026-03-10,0,1,3,14,13.414130411255401,Random Forest,0.5858695887445986,0.5858695887445986
2026-03-10 01:00:00,2026-03-10,1,1,3,9,7.735969533995984,Random Forest,1.2640304660040158,1.2640304660040158
2026-03-10 02:00:00,2026-03-10,2,1,3,11,7.191721692046725,Random Forest,3.808278307953275,3.808278307953275
2026-03-10 03:00:00,2026-03-10,3,1,3,1,4.057619873182374,Random Forest,-3.0576198731823743,3.0576198731823743
2026-03-10 04:00:00,2026-03-10,4,1,3,14,13.240891322858426,Random Forest,0.7591086771415743,0.7591086771415743
2026-03-10 05:00:00,2026-03-10,5,1,3,32,34.41989039345596,Random Forest,-2.419890393455958,2.419890393455958
2026-03-10 06:00:00,2026-03-10,6,1,3,95,88.25052795815299,Random Forest,6.749472041847014,6.749472041847014
2026-03-10 07:00:00,2026-03-10,7,1,3,203,188.87621194083695,Random Forest,14.123788059163047,14.123788059163047
2026-03-10 08:00:00,2026-03-10,8,1,3,262,261.9031944444443,Random Forest,0.09680555555570436,0.09680555555570436
2026-03-10 09:00:00,2026-03-10,9,1,3,131,128.87745510323015,Random Forest,2.1225448967698526,2.1225448967698526
2026-03-10 10:00:00,2026-03-10,10,1,3,97,97.0537006603046,Random Forest,-0.05370066030459952,0.05370066030459952
2026-03-10 11:00:00,2026-03-10,11,1,3,87,93.96148440545808,Random Forest,-6.96148440545808,6.96148440545808
2026-03-10 12:00:00,2026-03-10,12,1,3,116,107.38918948412702,Random Forest,8.610810515872984,8.610810515872984
2026-03-10 13:00:00,2026-03-10,13,1,3,116,115.04192402613731,Random Forest,0.9580759738626909,0.9580759738626909
2026-03-10 14:00:00,2026-03-10,14,1,3,144,136.59725793650802,Random Forest,7.402742063491985,7.402742063491985
2026-03-10 15:00:00,2026-03-10,15,1,3,177,178.28488485125985,Random Forest,-1.2848848512598465,1.2848848512598465
2026-03-10 16:00:00,2026-03-10,16,1,3,231,214.42289682539686,Random Forest,16.57710317460314,16.57710317460314
2026-03-10 17:00:00,2026-03-10,17,1,3,361,320.48990277777796,Random Forest,40.51009722222204,40.51009722222204
2026-03-10 18:00:00,2026-03-10,18,1,3,366,327.9902103174604,Random Forest,38.00978968253958,38.00978968253958
2026-03-10 19:00:00,2026-03-10,19,1,3,219,230.7692314213563,Random Forest,-11.769231421356295,11.769231421356295
2026-03-10 20:00:00,2026-03-10,20,1,3,142,146.13863293650792,Random Forest,-4.138632936507918,4.138632936507918
2026-03-10 21:00:00,2026-03-10,21,1,3,104,104.50429249624645,Random Forest,-0.5042924962464497,0.5042924962464497
2026-03-10 22:00:00,2026-03-10,22,1,3,62,65.92918614718617,Random Forest,-3.929186147186172,3.929186147186172
2026-03-10 23:00:00,2026-03-10,23,1,3,48,40.12303625541125,Random Forest,7.87696374458875,7.87696374458875
2026-03-11 00:00:00,2026-03-11,0,2,3,18,17.105288600288603,Random Forest,0.8947113997113973,0.8947113997113973
2026-03-11 01:00:00,2026-03-11,1,2,3,14,12.946422018894477,Random Forest,1.0535779811055228,1.0535779811055228
2026-03-11 02:00:00,2026-03-11,2,2,3,6,6.896514531989591,Random Forest,-0.8965145319895909,0.8965145319895909
2026-03-11 03:00:00,2026-03-11,3,2,3,4,4.221740583040344,Random Forest,-0.2217405830403436,0.2217405830403436
2026-03-11 04:00:00,2026-03-11,4,2,3,10,10.858217083368281,Random Forest,-0.858217083368281,0.858217083368281
2026-03-11 05:00:00,2026-03-11,5,2,3,38,36.33230121357981,Random Forest,1.667698786420189,1.667698786420189
2026-03-11 06:00:00,2026-03-11,6,2,3,94,92.04553030303033,Random Forest,1.9544696969696673,1.9544696969696673
2026-03-11 07:00:00,2026-03-11,7,2,3,209,202.723753968254,Random Forest,6.2762460317460125,6.2762460317460125
2026-03-11 08:00:00,2026-03-11,8,2,3,277,271.90121947496937,Random Forest,5.098780525030634,5.098780525030634
2026-03-11 09:00:00,2026-03-11,9,2,3,119,126.84075992063494,Random Forest,-7.840759920634937,7.840759920634937
2026-03-11 10:00:00,2026-03-11,10,2,3,95,96.62958781338136,Random Forest,-1.629587813381363,1.629587813381363
2026-03-11 11:00:00,2026-03-11,11,2,3,91,92.62997051034934,Random Forest,-1.629970510349338,1.629970510349338
2026-03-11 12:00:00,2026-03-11,12,2,3,123,110.62103651151314,Random Forest,12.37896348848686,12.37896348848686
2026-03-11 13:00:00,2026-03-11,13,2,3,115,113.90008767918471,Random Forest,1.0999123208152923,1.0999123208152923
2026-03-11 14:00:00,2026-03-11,14,2,3,129,130.93115781440784,Random Forest,-1.9311578144078396,1.9311578144078396
2026-03-11 15:00:00,2026-03-11,15,2,3,197,187.22263832001335,Random Forest,9.777361679986655,9.777361679986655
2026-03-11 16:00:00,2026-03-11,16,2,3,228,231.0782510822511,Random Forest,-3.078251082251086,3.078251082251086
2026-03-11 17:00:00,2026-03-11,17,2,3,364,336.6019554473304,Random Forest,27.398044552669603,27.398044552669603
2026-03-11 18:00:00,2026-03-11,18,2,3,309,328.50158134920633,Random Forest,-19.501581349206333,19.501581349206333
2026-03-11 19:00:00,2026-03-11,19,2,3,233,225.59518217893228,Random Forest,7.404817821067724,7.404817821067724
2026-03-11 20:00:00,2026-03-11,20,2,3,118,135.99726190476196,Random Forest,-17.997261904761956,17.997261904761956
2026-03-11 21:00:00,2026-03-11,21,2,3,79,84.34426846472243,Random Forest,-5.3442684647224326,5.3442684647224326
2026-03-11 22:00:00,2026-03-11,22,2,3,43,49.74754942279941,Random Forest,-6.747549422799409,6.747549422799409
2026-03-11 23:00:00,2026-03-11,23,2,3,31,29.360524354300672,Random Forest,1.6394756456993278,1.6394756456993278
2026-03-12 00:00:00,2026-03-12,0,3,3,1,9.84380212842713,Random Forest,-8.84380212842713,8.84380212842713
2026-03-12 01:00:00,2026-03-12,1,3,3,3,3.060485105134834,Random Forest,-0.06048510513483407,0.06048510513483407
2026-03-12 02:00:00,2026-03-12,2,3,3,4,3.085548703054269,Random Forest,0.9144512969457308,0.9144512969457308
2026-03-12 03:00:00,2026-03-12,3,3,3,0,1.5633963755323856,Random Forest,-1.5633963755323856,1.5633963755323856
2026-03-12 04:00:00,2026-03-12,4,3,3,8,8.614147103905152,Random Forest,-0.614147103905152,0.614147103905152
2026-03-12 05:00:00,2026-03-12,5,3,3,30,31.58791996004848,Random Forest,-1.587919960048481,1.587919960048481
2026-03-12 06:00:00,2026-03-12,6,3,3,92,84.62239700577199,Random Forest,7.377602994228013,7.377602994228013
2026-03-12 07:00:00,2026-03-12,7,3,3,139,142.66962500000008,Random Forest,-3.6696250000000816,3.6696250000000816
2026-03-12 08:00:00,2026-03-12,8,3,3,114,142.9637774170274,Random Forest,-28.963777417027387,28.963777417027387
2026-03-12 09:00:00,2026-03-12,9,3,3,41,75.7278611111111,Random Forest,-34.727861111111096,34.727861111111096
2026-03-12 10:00:00,2026-03-12,10,3,3,66,61.62351785714287,Random Forest,4.376482142857128,4.376482142857128
2026-03-12 11:00:00,2026-03-12,11,3,3,46,58.85371288515408,Random Forest,-12.853712885154081,12.853712885154081
2026-03-12 12:00:00,2026-03-12,12,3,3,46,49.24054543650794,Random Forest,-3.2405454365079365,3.2405454365079365
2026-03-12 13:00:00,2026-03-12,13,3,3,47,49.21796011904762,Random Forest,-2.2179601190476177,2.2179601190476177
2026-03-12 14:00:00,2026-03-12,14,3,3,57,57.72729742063493,Random Forest,-0.7272974206349332,0.7272974206349332
2026-03-12 15:00:00,2026-03-12,15,3,3,89,82.83307977207974,Random Forest,6.166920227920258,6.166920227920258
2026-03-12 16:00:00,2026-03-12,16,3,3,61,92.75643272005773,Random Forest,-31.75643272005773,31.75643272005773
2026-03-12 17:00:00,2026-03-12,17,3,3,110,96.10502182539682,Random Forest,13.894978174603182,13.894978174603182
2026-03-12 18:00:00,2026-03-12,18,3,3,114,110.26236796536791,Random Forest,3.7376320346320853,3.7376320346320853
2026-03-12 19:00:00,2026-03-12,19,3,3,104,102.02713672438671,Random Forest,1.9728632756132924,1.9728632756132924
2026-03-12 20:00:00,2026-03-12,20,3,3,79,77.58247005772007,Random Forest,1.417529942279927,1.417529942279927
2026-03-12 21:00:00,2026-03-12,21,3,3,53,55.328337079587094,Random Forest,-2.3283370795870937,2.3283370795870937
2026-03-12 22:00:00,2026-03-12,22,3,3,35,34.69142658730159,Random Forest,0.3085734126984079,0.3085734126984079
2026-03-12 23:00:00,2026-03-12,23,3,3,31,27.09260652213284,Random Forest,3.90739347786716,3.90739347786716
2026-03-13 00:00:00,2026-03-13,0,4,3,19,17.56660912698412,Random Forest,1.433390873015881,1.433390873015881
2026-03-13 01:00:00,2026-03-13,1,4,3,8,7.522602253606444,Random Forest,0.4773977463935557,0.4773977463935557
2026-03-13 02:00:00,2026-03-13,2,4,3,6,5.310402777355943,Random Forest,0.689597222644057,0.689597222644057
2026-03-13 03:00:00,2026-03-13,3,4,3,2,1.9445385047958583,Random Forest,0.055461495204141675,0.055461495204141675
2026-03-13 04:00:00,2026-03-13,4,4,3,7,8.155814658380836,Random Forest,-1.1558146583808355,1.1558146583808355
2026-03-13 05:00:00,2026-03-13,5,4,3,26,25.581921634826536,Random Forest,0.4180783651734643,0.4180783651734643
2026-03-13 06:00:00,2026-03-13,6,4,3,67,65.18754870129868,Random Forest,1.812451298701319,1.812451298701319
2026-03-13 07:00:00,2026-03-13,7,4,3,137,137.0044503968254,Random Forest,-0.004450396825404823,0.004450396825404823
2026-03-13 08:00:00,2026-03-13,8,4,3,163,153.6030410937102,Random Forest,9.396958906289797,9.396958906289797
2026-03-13 09:00:00,2026-03-13,9,4,3,91,98.82232738095242,Random Forest,-7.822327380952416,7.822327380952416
2026-03-13 10:00:00,2026-03-13,10,4,3,70,78.99779742323784,Random Forest,-8.997797423237841,8.997797423237841
2026-03-13 11:00:00,2026-03-13,11,4,3,105,92.56947557997559,Random Forest,12.430524420024412,12.430524420024412
2026-03-13 12:00:00,2026-03-13,12,4,3,140,115.48948633450131,Random Forest,24.510513665498692,24.510513665498692
2026-03-13 13:00:00,2026-03-13,13,4,3,139,132.35815927128425,Random Forest,6.641840728715749,6.641840728715749
2026-03-13 14:00:00,2026-03-13,14,4,3,129,127.28403030303032,Random Forest,1.7159696969696796,1.7159696969696796
2026-03-13 15:00:00,2026-03-13,15,4,3,146,151.1946649963776,Random Forest,-5.194664996377611,5.194664996377611
2026-03-13 16:00:00,2026-03-13,16,4,3,152,142.05888894724555,Random Forest,9.94111105275445,9.94111105275445
2026-03-13 17:00:00,2026-03-13,17,4,3,179,170.48531219760645,Random Forest,8.514687802393553,8.514687802393553
2026-03-13 18:00:00,2026-03-13,18,4,3,179,175.15350628130048,Random Forest,3.84649371869952,3.84649371869952
2026-03-13 19:00:00,2026-03-13,19,4,3,128,134.43093217893215,Random Forest,-6.430932178932153,6.430932178932153
2026-03-13 20:00:00,2026-03-13,20,4,3,77,83.57159343434343,Random Forest,-6.571593434343427,6.571593434343427
2026-03-13 21:00:00,2026-03-13,21,4,3,65,63.192692821067794,Random Forest,1.8073071789322057,1.8073071789322057
2026-03-13 22:00:00,2026-03-13,22,4,3,70,57.56777045177043,Random Forest,12.432229548229571,12.432229548229571
2026-03-13 23:00:00,2026-03-13,23,4,3,44,44.459779942279944,Random Forest,-0.459779942279944,0.459779942279944
2026-03-14 00:00:00,2026-03-14,0,5,3,31,30.52427380952383,Random Forest,0.4757261904761698,0.4757261904761698
2026-03-14 01:00:00,2026-03-14,1,5,3,30,25.459406024531035,Random Forest,4.5405939754689655,4.5405939754689655
2026-03-14 02:00:00,2026-03-14,2,5,3,18,22.605557359307358,Random Forest,-4.605557359307358,4.605557359307358
2026-03-14 03:00:00,2026-03-14,3,5,3,5,7.754026515151513,Random Forest,-2.754026515151513,2.754026515151513
2026-03-14 04:00:00,2026-03-14,4,5,3,12,9.18823830552186,Random Forest,2.8117616944781396,2.8117616944781396
2026-03-14 05:00:00,2026-03-14,5,5,3,11,11.586647627267899,Random Forest,-0.5866476272678991,0.5866476272678991
2026-03-14 06:00:00,2026-03-14,6,5,3,15,16.761741785991788,Random Forest,-1.7617417859917879,1.7617417859917879
2026-03-14 07:00:00,2026-03-14,7,5,3,50,47.13588761928502,Random Forest,2.864112380714978,2.864112380714978
2026-03-14 08:00:00,2026-03-14,8,5,3,79,71.99258312520811,Random Forest,7.007416874791886,7.007416874791886
2026-03-14 09:00:00,2026-03-14,9,5,3,118,105.63124333868146,Random Forest,12.368756661318542,12.368756661318542
2026-03-14 10:00:00,2026-03-14,10,5,3,143,131.2845867604618,Random Forest,11.715413239538208,11.715413239538208
2026-03-14 11:00:00,2026-03-14,11,5,3,159,153.4588508880825,Random Forest,5.541149111917491,5.541149111917491
2026-03-14 12:00:00,2026-03-14,12,5,3,133,144.9895318292819,Random Forest,-11.989531829281901,11.989531829281901
2026-03-14 13:00:00,2026-03-14,13,5,3,158,150.1173854617605,Random Forest,7.882614538239494,7.882614538239494
2026-03-14 14:00:00,2026-03-14,14,5,3,134,143.80565614246868,Random Forest,-9.805656142468678,9.805656142468678
2026-03-14 15:00:00,2026-03-14,15,5,3,122,138.61270439282944,Random Forest,-16.612704392829443,16.612704392829443
2026-03-14 16:00:00,2026-03-14,16,5,3,143,140.2472447691198,Random Forest,2.7527552308802115,2.7527552308802115
2026-03-14 17:00:00,2026-03-14,17,5,3,138,145.53531132756132,Random Forest,-7.535311327561317,7.535311327561317
2026-03-14 18:00:00,2026-03-14,18,5,3,146,131.00711904761908,Random Forest,14.992880952380915,14.992880952380915
2026-03-14 19:00:00,2026-03-14,19,5,3,123,116.8762896825396,Random Forest,6.123710317460393,6.123710317460393
2026-03-14 20:00:00,2026-03-14,20,5,3,86,86.30146212121215,Random Forest,-0.301462121212154,0.301462121212154
2026-03-14 21:00:00,2026-03-14,21,5,3,72,69.643443001443,Random Forest,2.3565569985569965,2.3565569985569965
2026-03-14 22:00:00,2026-03-14,22,5,3,57,57.09994751082251,Random Forest,-0.09994751082250986,0.09994751082250986
2026-03-14 23:00:00,2026-03-14,23,5,3,48,47.68695425407925,Random Forest,0.3130457459207534,0.3130457459207534
2026-03-15 00:00:00,2026-03-15,0,6,3,37,36.652074342563566,Random Forest,0.3479256574364342,0.3479256574364342
2026-03-15 01:00:00,2026-03-15,1,6,3,28,26.85664870570045,Random Forest,1.1433512942995492,1.1433512942995492
2026-03-15 02:00:00,2026-03-15,2,6,3,21,18.70296482683982,Random Forest,2.297035173160179,2.297035173160179
2026-03-15 03:00:00,2026-03-15,3,6,3,16,15.458757849176974,Random Forest,0.5412421508230256,0.5412421508230256
2026-03-15 04:00:00,2026-03-15,4,6,3,23,15.819661132675089,Random Forest,7.180338867324911,7.180338867324911
2026-03-15 05:00:00,2026-03-15,5,6,3,19,19.332483120401893,Random Forest,-0.33248312040189276,0.33248312040189276
2026-03-15 06:00:00,2026-03-15,6,6,3,16,18.862102212201908,Random Forest,-2.8621022122019077,2.8621022122019077
2026-03-15 07:00:00,2026-03-15,7,6,3,26,26.109272225110775,Random Forest,-0.10927222511077517,0.10927222511077517
2026-03-15 08:00:00,2026-03-15,8,6,3,38,48.21063311688314,Random Forest,-10.210633116883137,10.210633116883137
2026-03-15 09:00:00,2026-03-15,9,6,3,79,68.29521225996223,Random Forest,10.704787740037773,10.704787740037773
2026-03-15 10:00:00,2026-03-15,10,6,3,94,105.37639688984046,Random Forest,-11.376396889840464,11.376396889840464
2026-03-15 11:00:00,2026-03-15,11,6,3,123,125.54861177248684,Random Forest,-2.5486117724868365,2.5486117724868365
2026-03-15 12:00:00,2026-03-15,12,6,3,117,130.36923817848813,Random Forest,-13.369238178488132,13.369238178488132
2026-03-15 13:00:00,2026-03-15,13,6,3,85,108.9302831890332,Random Forest,-23.930283189033204,23.930283189033204
2026-03-15 14:00:00,2026-03-15,14,6,3,110,108.60220915195917,Random Forest,1.3977908480408274,1.3977908480408274
2026-03-15 15:00:00,2026-03-15,15,6,3,119,116.47725396825393,Random Forest,2.522746031746067,2.522746031746067
2026-03-15 16:00:00,2026-03-15,16,6,3,110,119.53699747474748,Random Forest,-9.53699747474748,9.53699747474748
2026-03-15 17:00:00,2026-03-15,17,6,3,88,105.99616468253964,Random Forest,-17.996164682539643,17.996164682539643
2026-03-15 18:00:00,2026-03-15,18,6,3,84,87.66948665223669,Random Forest,-3.669486652236685,3.669486652236685
2026-03-15 19:00:00,2026-03-15,19,6,3,63,70.6940575396825,Random Forest,-7.694057539682504,7.694057539682504
2026-03-15 20:00:00,2026-03-15,20,6,3,49,54.50683134920638,Random Forest,-5.506831349206379,5.506831349206379
2026-03-15 21:00:00,2026-03-15,21,6,3,37,39.896931887556896,Random Forest,-2.896931887556896,2.896931887556896
2026-03-15 22:00:00,2026-03-15,22,6,3,26,25.677732720281107,Random Forest,0.32226727971889346,0.32226727971889346
2026-03-15 23:00:00,2026-03-15,23,6,3,19,22.285295086857577,Random Forest,-3.2852950868575768,3.2852950868575768
2026-03-16 00:00:00,2026-03-16,0,0,3,8,11.496482142857142,Random Forest,-3.4964821428571415,3.4964821428571415
2026-03-16 01:00:00,2026-03-16,1,0,3,3,4.408839683057093,Random Forest,-1.408839683057093,1.408839683057093
2026-03-16 02:00:00,2026-03-16,2,0,3,2,2.5184978058763905,Random Forest,-0.5184978058763905,0.5184978058763905
2026-03-16 03:00:00,2026-03-16,3,0,3,0,0.8982969971866426,Random Forest,-0.8982969971866426,0.8982969971866426
2026-03-16 04:00:00,2026-03-16,4,0,3,4,5.903856411862988,Random Forest,-1.9038564118629884,1.9038564118629884
2026-03-16 05:00:00,2026-03-16,5,0,3,25,24.2357113997114,Random Forest,0.7642886002886016,0.7642886002886016
2026-03-16 06:00:00,2026-03-16,6,0,3,53,58.0969903984904,Random Forest,-5.096990398490398,5.096990398490398
2026-03-16 07:00:00,2026-03-16,7,0,3,93,102.5197537878788,Random Forest,-9.519753787878798,9.519753787878798
2026-03-16 08:00:00,2026-03-16,8,0,3,109,109.3798396503308,Random Forest,-0.37983965033079414,0.37983965033079414
2026-03-16 09:00:00,2026-03-16,9,0,3,83,90.68830027010029,Random Forest,-7.688300270100285,7.688300270100285
2026-03-16 10:00:00,2026-03-16,10,0,3,35,71.69001375896818,Random Forest,-36.69001375896818,36.69001375896818
2026-03-16 11:00:00,2026-03-16,11,0,3,46,45.356393398268395,Random Forest,0.6436066017316051,0.6436066017316051
2026-03-16 12:00:00,2026-03-16,12,0,3,64,61.99174603174606,Random Forest,2.008253968253939,2.008253968253939
2026-03-16 13:00:00,2026-03-16,13,0,3,53,67.35743253968253,Random Forest,-14.357432539682534,14.357432539682534
2026-03-16 14:00:00,2026-03-16,14,0,3,81,79.5539053030303,Random Forest,1.4460946969696948,1.4460946969696948
2026-03-16 15:00:00,2026-03-16,15,0,3,104,105.25566550598138,Random Forest,-1.2556655059813835,1.2556655059813835
2026-03-16 16:00:00,2026-03-16,16,0,3,99,105.84993362193363,Random Forest,-6.84993362193363,6.84993362193363
2026-03-16 17:00:00,2026-03-16,17,0,3,51,92.75873015873017,Random Forest,-41.758730158730174,41.758730158730174
2026-03-16 18:00:00,2026-03-16,18,0,3,99,80.9107857142857,Random Forest,18.089214285714306,18.089214285714306
2026-03-16 19:00:00,2026-03-16,19,0,3,50,71.45186507936509,Random Forest,-21.451865079365092,21.451865079365092
2026-03-16 20:00:00,2026-03-16,20,0,3,43,51.05650793650795,Random Forest,-8.056507936507948,8.056507936507948
2026-03-16 21:00:00,2026-03-16,21,0,3,42,42.23673845598845,Random Forest,-0.23673845598845134,0.23673845598845134
2026-03-16 22:00:00,2026-03-16,22,0,3,34,35.57018344155845,Random Forest,-1.5701834415584486,1.5701834415584486
2026-03-16 23:00:00,2026-03-16,23,0,3,14,21.460476190476196,Random Forest,-7.4604761904761965,7.4604761904761965
2026-03-17 00:00:00,2026-03-17,0,1,3,5,7.484317044191352,Random Forest,-2.484317044191352,2.484317044191352
2026-03-17 01:00:00,2026-03-17,1,1,3,0,2.510241305300886,Random Forest,-2.510241305300886,2.510241305300886
2026-03-17 02:00:00,2026-03-17,2,1,3,1,2.4572393671143664,Random Forest,-1.4572393671143664,1.4572393671143664
2026-03-17 03:00:00,2026-03-17,3,1,3,2,1.528604052046987,Random Forest,0.471395947953013,0.471395947953013
2026-03-17 04:00:00,2026-03-17,4,1,3,11,11.938678844185961,Random Forest,-0.9386788441859615,0.9386788441859615
2026-03-17 05:00:00,2026-03-17,5,1,3,32,29.927503777798215,Random Forest,2.072496222201785,2.072496222201785
2026-03-17 06:00:00,2026-03-17,6,1,3,69,69.74900396825396,Random Forest,-0.7490039682539589,0.7490039682539589
2026-03-17 07:00:00,2026-03-17,7,1,3,156,148.26286507936513,Random Forest,7.7371349206348725,7.7371349206348725
2026-03-17 08:00:00,2026-03-17,8,1,3,173,186.0416244588744,Random Forest,-13.041624458874395,13.041624458874395
2026-03-17 09:00:00,2026-03-17,9,1,3,71,91.48700992063488,Random Forest,-20.487009920634875,20.487009920634875
2026-03-17 10:00:00,2026-03-17,10,1,3,49,62.97575830280826,Random Forest,-13.97575830280826,13.97575830280826
2026-03-17 11:00:00,2026-03-17,11,1,3,67,64.73006601731599,Random Forest,2.269933982684009,2.269933982684009
2026-03-17 12:00:00,2026-03-17,12,1,3,76,75.42193387356109,Random Forest,0.5780661264389124,0.5780661264389124
2026-03-17 13:00:00,2026-03-17,13,1,3,75,77.16089203631336,Random Forest,-2.1608920363133564,2.1608920363133564
2026-03-17 14:00:00,2026-03-17,14,1,3,87,87.53291659666874,Random Forest,-0.5329165966687412,0.5329165966687412
2026-03-17 15:00:00,2026-03-17,15,1,3,98,105.68653577868254,Random Forest,-7.68653577868254,7.68653577868254
2026-03-17 16:00:00,2026-03-17,16,1,3,125,120.04135263347766,Random Forest,4.958647366522342,4.958647366522342
2026-03-17 17:00:00,2026-03-17,17,1,3,221,200.2702395382395,Random Forest,20.729760461760492,20.729760461760492
2026-03-17 18:00:00,2026-03-17,18,1,3,228,231.8633194444444,Random Forest,-3.863319444444386,3.863319444444386
2026-03-17 19:00:00,2026-03-17,19,1,3,154,165.83182105394607,Random Forest,-11.831821053946072,11.831821053946072
2026-03-17 20:00:00,2026-03-17,20,1,3,91,101.8336765873016,Random Forest,-10.833676587301596,10.833676587301596
2026-03-17 21:00:00,2026-03-17,21,1,3,66,70.84522817460316,Random Forest,-4.8452281746031645,4.8452281746031645
2026-03-17 22:00:00,2026-03-17,22,1,3,47,48.22747222222223,Random Forest,-1.2274722222222323,1.2274722222222323
2026-03-17 23:00:00,2026-03-17,23,1,3,23,30.717809523809525,Random Forest,-7.717809523809525,7.717809523809525
2026-03-18 00:00:00,2026-03-18,0,2,3,12,12.704701474995597,Random Forest,-0.7047014749955967,0.7047014749955967
2026-03-18 01:00:00,2026-03-18,1,2,3,5,6.201936762924351,Random Forest,-1.2019367629243511,1.2019367629243511
2026-03-18 02:00:00,2026-03-18,2,2,3,7,4.804202701466432,Random Forest,2.1957972985335683,2.1957972985335683
2026-03-18 03:00:00,2026-03-18,3,2,3,3,3.6750050334777806,Random Forest,-0.6750050334777806,0.6750050334777806
2026-03-18 04:00:00,2026-03-18,4,2,3,13,10.78491853304806,Random Forest,2.21508146695194,2.21508146695194
2026-03-18 05:00:00,2026-03-18,5,2,3,36,34.98295356859052,Random Forest,1.017046431409483,1.017046431409483
2026-03-18 06:00:00,2026-03-18,6,2,3,76,76.66428174603173,Random Forest,-0.6642817460317332,0.6642817460317332
2026-03-18 07:00:00,2026-03-18,7,2,3,160,151.3050813492064,Random Forest,8.694918650793596,8.694918650793596
2026-03-18 08:00:00,2026-03-18,8,2,3,207,211.56742460317454,Random Forest,-4.567424603174544,4.567424603174544
2026-03-18 09:00:00,2026-03-18,9,2,3,79,90.6868115079365,Random Forest,-11.686811507936497,11.686811507936497
2026-03-18 10:00:00,2026-03-18,10,2,3,53,68.75407710330515,Random Forest,-15.75407710330515,15.75407710330515
2026-03-18 11:00:00,2026-03-18,11,2,3,65,66.31595238095238,Random Forest,-1.3159523809523819,1.3159523809523819
2026-03-18 12:00:00,2026-03-18,12,2,3,63,72.7931626195958,Random Forest,-9.793162619595805,9.793162619595805
2026-03-18 13:00:00,2026-03-18,13,2,3,77,73.25627004596713,Random Forest,3.7437299540328723,3.7437299540328723
2026-03-18 14:00:00,2026-03-18,14,2,3,90,90.75334113013584,Random Forest,-0.753341130135837,0.753341130135837
2026-03-18 15:00:00,2026-03-18,15,2,3,128,127.30165585803087,Random Forest,0.6983441419691303,0.6983441419691303
2026-03-18 16:00:00,2026-03-18,16,2,3,117,141.8303244949495,Random Forest,-24.830324494949508,24.830324494949508
2026-03-18 17:00:00,2026-03-18,17,2,3,204,199.28914087301587,Random Forest,4.710859126984133,4.710859126984133
2026-03-18 18:00:00,2026-03-18,18,2,3,203,215.32338888888884,Random Forest,-12.323388888888843,12.323388888888843
2026-03-18 19:00:00,2026-03-18,19,2,3,151,162.516882020757,Random Forest,-11.51688202075701,11.51688202075701
2026-03-18 20:00:00,2026-03-18,20,2,3,76,89.89911134004883,Random Forest,-13.899111340048833,13.899111340048833
2026-03-18 21:00:00,2026-03-18,21,2,3,53,57.115783369408376,Random Forest,-4.115783369408376,4.115783369408376
2026-03-18 22:00:00,2026-03-18,22,2,3,54,47.81199053030303,Random Forest,6.188009469696972,6.188009469696972
2026-03-18 23:00:00,2026-03-18,23,2,3,18,29.241691558441566,Random Forest,-11.241691558441566,11.241691558441566
2026-03-19 00:00:00,2026-03-19,0,3,3,19,14.114198995449003,Random Forest,4.885801004550997,4.885801004550997
2026-03-19 01:00:00,2026-03-19,1,3,3,3,6.400828557531278,Random Forest,-3.4008285575312778,3.4008285575312778
2026-03-19 02:00:00,2026-03-19,2,3,3,1,2.8028158919857185,Random Forest,-1.8028158919857185,1.8028158919857185
2026-03-19 03:00:00,2026-03-19,3,3,3,2,1.6329627536524,Random Forest,0.36703724634759993,0.36703724634759993
2026-03-19 04:00:00,2026-03-19,4,3,3,8,8.482195219898045,Random Forest,-0.4821952198980455,0.4821952198980455
2026-03-19 05:00:00,2026-03-19,5,3,3,35,32.96791410649221,Random Forest,2.032085893507791,2.032085893507791
2026-03-19 06:00:00,2026-03-19,6,3,3,62,69.84040205627706,Random Forest,-7.840402056277057,7.840402056277057
2026-03-19 07:00:00,2026-03-19,7,3,3,169,154.63516305916303,Random Forest,14.364836940836966,14.364836940836966
2026-03-19 08:00:00,2026-03-19,8,3,3,207,190.69689880952384,Random Forest,16.303101190476156,16.303101190476156
2026-03-19 09:00:00,2026-03-19,9,3,3,85,90.31342442279943,Random Forest,-5.313424422799429,5.313424422799429
2026-03-19 10:00:00,2026-03-19,10,3,3,54,64.43403129509382,Random Forest,-10.434031295093817,10.434031295093817
2026-03-19 11:00:00,2026-03-19,11,3,3,67,60.27700079365081,Random Forest,6.7229992063491935,6.7229992063491935
2026-03-19 12:00:00,2026-03-19,12,3,3,87,78.86964085333652,Random Forest,8.13035914666348,8.13035914666348
2026-03-19 13:00:00,2026-03-19,13,3,3,74,79.29320625608393,Random Forest,-5.293206256083934,5.293206256083934
2026-03-19 14:00:00,2026-03-19,14,3,3,81,84.72247629034952,Random Forest,-3.722476290349519,3.722476290349519
2026-03-19 15:00:00,2026-03-19,15,3,3,99,103.41244943549748,Random Forest,-4.412449435497479,4.412449435497479
2026-03-19 16:00:00,2026-03-19,16,3,3,136,118.03417301344291,Random Forest,17.96582698655709,17.96582698655709
2026-03-19 17:00:00,2026-03-19,17,3,3,238,198.00888618326124,Random Forest,39.99111381673876,39.99111381673876
2026-03-19 18:00:00,2026-03-19,18,3,3,234,219.6884722222221,Random Forest,14.311527777777911,14.311527777777911
2026-03-19 19:00:00,2026-03-19,19,3,3,147,151.34228174603183,Random Forest,-4.34228174603183,4.34228174603183
2026-03-19 20:00:00,2026-03-19,20,3,3,109,102.9990386002886,Random Forest,6.0009613997114,6.0009613997114
2026-03-19 21:00:00,2026-03-19,21,3,3,74,73.49550283050283,Random Forest,0.5044971694971707,0.5044971694971707
2026-03-19 22:00:00,2026-03-19,22,3,3,49,50.83927719502719,Random Forest,-1.8392771950271865,1.8392771950271865
2026-03-19 23:00:00,2026-03-19,23,3,3,41,35.854029581529595,Random Forest,5.145970418470405,5.145970418470405
2026-03-20 00:00:00,2026-03-20,0,4,3,16,18.990597582972583,Random Forest,-2.9905975829725833,2.9905975829725833
2026-03-20 01:00:00,2026-03-20,1,4,3,7,6.422099471198042,Random Forest,0.5779005288019583,0.5779005288019583
2026-03-20 02:00:00,2026-03-20,2,4,3,4,4.905668504376297,Random Forest,-0.9056685043762966,0.9056685043762966
2026-03-20 03:00:00,2026-03-20,3,4,3,5,3.576825550396001,Random Forest,1.4231744496039989,1.4231744496039989
2026-03-20 04:00:00,2026-03-20,4,4,3,5,6.676961669576109,Random Forest,-1.6769616695761087,1.6769616695761087
2026-03-20 05:00:00,2026-03-20,5,4,3,26,25.697011367309166,Random Forest,0.302988632690834,0.302988632690834
2026-03-20 06:00:00,2026-03-20,6,4,3,76,71.77430122655124,Random Forest,4.225698773448755,4.225698773448755
2026-03-20 07:00:00,2026-03-20,7,4,3,131,141.07052813852815,Random Forest,-10.070528138528147,10.070528138528147
2026-03-20 08:00:00,2026-03-20,8,4,3,144,149.6777469336219,Random Forest,-5.677746933621904,5.677746933621904
2026-03-20 09:00:00,2026-03-20,9,4,3,100,105.77720165945162,Random Forest,-5.77720165945162,5.77720165945162
2026-03-20 10:00:00,2026-03-20,10,4,3,77,79.05650712481965,Random Forest,-2.056507124819646,2.056507124819646
2026-03-20 11:00:00,2026-03-20,11,4,3,97,90.9564701068015,Random Forest,6.043529893198496,6.043529893198496
2026-03-20 12:00:00,2026-03-20,12,4,3,132,121.2087293502109,Random Forest,10.791270649789098,10.791270649789098
2026-03-20 13:00:00,2026-03-20,13,4,3,134,135.43598369565214,Random Forest,-1.4359836956521406,1.4359836956521406
2026-03-20 14:00:00,2026-03-20,14,4,3,142,136.69031064979706,Random Forest,5.3096893502029445,5.3096893502029445
2026-03-20 15:00:00,2026-03-20,15,4,3,188,176.74175592055013,Random Forest,11.258244079449867,11.258244079449867
2026-03-20 16:00:00,2026-03-20,16,4,3,202,199.16455753968265,Random Forest,2.8354424603173527,2.8354424603173527
2026-03-20 17:00:00,2026-03-20,17,4,3,235,225.22334555722057,Random Forest,9.776654442779432,9.776654442779432
2026-03-20 18:00:00,2026-03-20,18,4,3,169,196.16223611111118,Random Forest,-27.162236111111184,27.162236111111184
2026-03-20 19:00:00,2026-03-20,19,4,3,109,121.95897564935065,Random Forest,-12.958975649350648,12.958975649350648
2026-03-20 20:00:00,2026-03-20,20,4,3,63,70.9149152236652,Random Forest,-7.914915223665204,7.914915223665204
2026-03-20 21:00:00,2026-03-20,21,4,3,40,46.941133699633696,Random Forest,-6.941133699633696,6.941133699633696
2026-03-20 22:00:00,2026-03-20,22,4,3,46,43.09152038239537,Random Forest,2.908479617604627,2.908479617604627
2026-03-20 23:00:00,2026-03-20,23,4,3,38,39.555491734143054,Random Forest,-1.5554917341430539,1.5554917341430539
2026-03-21 00:00:00,2026-03-21,0,5,3,27,28.054521645021644,Random Forest,-1.0545216450216444,1.0545216450216444
2026-03-21 01:00:00,2026-03-21,1,5,3,32,27.862840548340532,Random Forest,4.137159451659468,4.137159451659468
2026-03-21 02:00:00,2026-03-21,2,5,3,18,18.056507936507945,Random Forest,-0.056507936507944834,0.056507936507944834
2026-03-21 03:00:00,2026-03-21,3,5,3,12,10.739829598506066,Random Forest,1.2601704014939337,1.2601704014939337
2026-03-21 04:00:00,2026-03-21,4,5,3,8,8.345694723761477,Random Forest,-0.34569472376147736,0.34569472376147736
2026-03-21 05:00:00,2026-03-21,5,5,3,4,7.5006001901607195,Random Forest,-3.5006001901607195,3.5006001901607195
2026-03-21 06:00:00,2026-03-21,6,5,3,20,17.65264102564103,Random Forest,2.3473589743589685,2.3473589743589685
2026-03-21 07:00:00,2026-03-21,7,5,3,43,45.96757838466,Random Forest,-2.9675783846600012,2.9675783846600012
2026-03-21 08:00:00,2026-03-21,8,5,3,95,87.7943573232323,Random Forest,7.205642676767695,7.205642676767695
2026-03-21 09:00:00,2026-03-21,9,5,3,128,118.80521099149172,Random Forest,9.19478900850828,9.19478900850828
2026-03-21 10:00:00,2026-03-21,10,5,3,130,135.02042673584586,Random Forest,-5.020426735845859,5.020426735845859
2026-03-21 11:00:00,2026-03-21,11,5,3,194,171.54652762107173,Random Forest,22.453472378928268,22.453472378928268
2026-03-21 12:00:00,2026-03-21,12,5,3,190,190.20267658730168,Random Forest,-0.20267658730168137,0.20267658730168137
2026-03-21 13:00:00,2026-03-21,13,5,3,241,210.05105753968257,Random Forest,30.948942460317426,30.948942460317426
2026-03-21 14:00:00,2026-03-21,14,5,3,213,211.41795039682538,Random Forest,1.5820496031746245,1.5820496031746245
2026-03-21 15:00:00,2026-03-21,15,5,3,235,220.55489317626817,Random Forest,14.445106823731834,14.445106823731834
2026-03-21 16:00:00,2026-03-21,16,5,3,229,224.50398484848483,Random Forest,4.4960151515151665,4.4960151515151665
2026-03-21 17:00:00,2026-03-21,17,5,3,208,214.25969566544575,Random Forest,-6.259695665445747,6.259695665445747
2026-03-21 18:00:00,2026-03-21,18,5,3,175,181.6257777777778,Random Forest,-6.625777777777813,6.625777777777813
2026-03-21 19:00:00,2026-03-21,19,5,3,133,136.57743087468086,Random Forest,-3.577430874680857,3.577430874680857
2026-03-21 20:00:00,2026-03-21,20,5,3,92,95.34334018759019,Random Forest,-3.3433401875901865,3.3433401875901865
2026-03-21 21:00:00,2026-03-21,21,5,3,86,81.75107936507938,Random Forest,4.248920634920623,4.248920634920623
2026-03-21 22:00:00,2026-03-21,22,5,3,77,71.83463185425686,Random Forest,5.165368145743145,5.165368145743145
2026-03-21 23:00:00,2026-03-21,23,5,3,62,59.74140440115443,Random Forest,2.2585955988455666,2.2585955988455666
2026-03-22 00:00:00,2026-03-22,0,6,3,50,50.77751605339105,Random Forest,-0.7775160533910466,0.7775160533910466
2026-03-22 01:00:00,2026-03-22,1,6,3,46,42.52038562849986,Random Forest,3.4796143715001406,3.4796143715001406
2026-03-22 02:00:00,2026-03-22,2,6,3,21,24.784382034632046,Random Forest,-3.7843820346320456,3.7843820346320456
2026-03-22 03:00:00,2026-03-22,3,6,3,11,12.381820086939204,Random Forest,-1.3818200869392037,1.3818200869392037
2026-03-22 04:00:00,2026-03-22,4,6,3,9,9.74989427810751,Random Forest,-0.7498942781075097,0.7498942781075097
2026-03-22 05:00:00,2026-03-22,5,6,3,3,9.3714776685303,Random Forest,-6.3714776685303,6.3714776685303
2026-03-22 06:00:00,2026-03-22,6,6,3,12,12.71968299613482,Random Forest,-0.7196829961348197,0.7196829961348197
2026-03-22 07:00:00,2026-03-22,7,6,3,28,27.969655758464352,Random Forest,0.030344241535647853,0.030344241535647853
2026-03-22 08:00:00,2026-03-22,8,6,3,68,61.82779094516592,Random Forest,6.172209054834077,6.172209054834077
2026-03-22 09:00:00,2026-03-22,9,6,3,69,87.86368597069341,Random Forest,-18.86368597069341,18.86368597069341
2026-03-22 10:00:00,2026-03-22,10,6,3,122,103.36813573762838,Random Forest,18.63186426237162,18.63186426237162
2026-03-22 11:00:00,2026-03-22,11,6,3,140,146.47262319624818,Random Forest,-6.472623196248179,6.472623196248179
2026-03-22 12:00:00,2026-03-22,12,6,3,157,159.71424858474856,Random Forest,-2.7142485847485602,2.7142485847485602
2026-03-22 13:00:00,2026-03-22,13,6,3,175,173.07145331057825,Random Forest,1.9285466894217507,1.9285466894217507
2026-03-22 14:00:00,2026-03-22,14,6,3,174,177.95680323842814,Random Forest,-3.9568032384281366,3.9568032384281366
2026-03-22 15:00:00,2026-03-22,15,6,3,186,180.82170601620604,Random Forest,5.178293983793964,5.178293983793964
2026-03-22 16:00:00,2026-03-22,16,6,3,162,178.59641921966926,Random Forest,-16.596419219669258,16.596419219669258
2026-03-22 17:00:00,2026-03-22,17,6,3,208,184.16320689033185,Random Forest,23.83679310966815,23.83679310966815
2026-03-22 18:00:00,2026-03-22,18,6,3,142,160.00910119047626,Random Forest,-18.009101190476258,18.009101190476258
2026-03-22 19:00:00,2026-03-22,19,6,3,104,107.14030165375557,Random Forest,-3.1403016537555715,3.1403016537555715
2026-03-22 20:00:00,2026-03-22,20,6,3,74,72.25360347985348,Random Forest,1.7463965201465186,1.7463965201465186
2026-03-22 21:00:00,2026-03-22,21,6,3,33,44.00048412698415,Random Forest,-11.000484126984148,11.000484126984148
2026-03-22 22:00:00,2026-03-22,22,6,3,14,21.859709096459095,Random Forest,-7.859709096459095,7.859709096459095
2026-03-22 23:00:00,2026-03-22,23,6,3,9,14.956217976467972,Random Forest,-5.956217976467972,5.956217976467972
2026-03-23 00:00:00,2026-03-23,0,0,3,8,8.666507505984752,Random Forest,-0.6665075059847521,0.6665075059847521
2026-03-23 01:00:00,2026-03-23,1,0,3,12,8.877167585864488,Random Forest,3.1228324141355124,3.1228324141355124
2026-03-23 02:00:00,2026-03-23,2,0,3,5,5.101729638839001,Random Forest,-0.10172963883900099,0.10172963883900099
2026-03-23 03:00:00,2026-03-23,3,0,3,2,1.7907167806645017,Random Forest,0.20928321933549832,0.20928321933549832
2026-03-23 04:00:00,2026-03-23,4,0,3,4,5.905470784099927,Random Forest,-1.9054707840999274,1.9054707840999274
2026-03-23 05:00:00,2026-03-23,5,0,3,17,21.483883440314486,Random Forest,-4.483883440314486,4.483883440314486
2026-03-23 06:00:00,2026-03-23,6,0,3,37,35.57103810688446,Random Forest,1.4289618931155417,1.4289618931155417
2026-03-23 07:00:00,2026-03-23,7,0,3,38,62.32744336219337,Random Forest,-24.32744336219337,24.32744336219337
2026-03-23 08:00:00,2026-03-23,8,0,3,113,90.38028174603174,Random Forest,22.61971825396826,22.61971825396826
2026-03-23 09:00:00,2026-03-23,9,0,3,63,77.09947817460316,Random Forest,-14.099478174603163,14.099478174603163
2026-03-23 10:00:00,2026-03-23,10,0,3,45,54.42952976190475,Random Forest,-9.429529761904753,9.429529761904753
2026-03-23 11:00:00,2026-03-23,11,0,3,42,47.79456150793651,Random Forest,-5.794561507936507,5.794561507936507
2026-03-23 12:00:00,2026-03-23,12,0,3,43,46.25547943722944,Random Forest,-3.2554794372294396,3.2554794372294396
2026-03-23 13:00:00,2026-03-23,13,0,3,55,53.06594724025974,Random Forest,1.9340527597402613,1.9340527597402613
2026-03-23 14:00:00,2026-03-23,14,0,3,69,75.61457405883876,Random Forest,-6.614574058838755,6.614574058838755
2026-03-23 15:00:00,2026-03-23,15,0,3,80,84.32745292558602,Random Forest,-4.327452925586016,4.327452925586016
2026-03-23 16:00:00,2026-03-23,16,0,3,130,116.0337806479919,Random Forest,13.966219352008096,13.966219352008096
2026-03-23 17:00:00,2026-03-23,17,0,3,186,184.34106150793664,Random Forest,1.6589384920633563,1.6589384920633563
2026-03-23 18:00:00,2026-03-23,18,0,3,204,181.9805441919192,Random Forest,22.019455808080806,22.019455808080806
2026-03-23 19:00:00,2026-03-23,19,0,3,117,128.07691865079363,Random Forest,-11.07691865079363,11.07691865079363
2026-03-23 20:00:00,2026-03-23,20,0,3,89,82.28333290320792,Random Forest,6.716667096792079,6.716667096792079
2026-03-23 21:00:00,2026-03-23,21,0,3,70,60.03297871572872,Random Forest,9.967021284271283,9.967021284271283
2026-03-23 22:00:00,2026-03-23,22,0,3,36,40.65539484126983,Random Forest,-4.655394841269832,4.655394841269832
2026-03-23 23:00:00,2026-03-23,23,0,3,23,20.89217261904762,Random Forest,2.1078273809523793,2.1078273809523793
2026-03-24 00:00:00,2026-03-24,0,1,3,8,9.165319219995686,Random Forest,-1.1653192199956859,1.1653192199956859
2026-03-24 01:00:00,2026-03-24,1,1,3,2,3.376713753930311,Random Forest,-1.3767137539303111,1.3767137539303111
2026-03-24 02:00:00,2026-03-24,2,1,3,6,4.092315466497951,Random Forest,1.9076845335020494,1.9076845335020494
2026-03-24 03:00:00,2026-03-24,3,1,3,3,2.847789814875388,Random Forest,0.15221018512461182,0.15221018512461182
2026-03-24 04:00:00,2026-03-24,4,1,3,15,12.774002630691198,Random Forest,2.2259973693088018,2.2259973693088018
2026-03-24 05:00:00,2026-03-24,5,1,3,28,30.256993163674107,Random Forest,-2.2569931636741067,2.2569931636741067
2026-03-24 06:00:00,2026-03-24,6,1,3,83,71.80392135642131,Random Forest,11.196078643578687,11.196078643578687
2026-03-24 07:00:00,2026-03-24,7,1,3,178,164.37747420634926,Random Forest,13.622525793650738,13.622525793650738
2026-03-24 08:00:00,2026-03-24,8,1,3,211,184.91045238095242,Random Forest,26.08954761904758,26.08954761904758
2026-03-24 09:00:00,2026-03-24,9,1,3,83,87.7297757936508,Random Forest,-4.729775793650802,4.729775793650802
2026-03-24 10:00:00,2026-03-24,10,1,3,68,70.91968491486584,Random Forest,-2.91968491486584,2.91968491486584
2026-03-24 11:00:00,2026-03-24,11,1,3,76,75.66755677655676,Random Forest,0.33244322344323507,0.33244322344323507
2026-03-24 12:00:00,2026-03-24,12,1,3,85,82.0222342019092,Random Forest,2.9777657980908003,2.9777657980908003
2026-03-24 13:00:00,2026-03-24,13,1,3,90,88.95333822985802,Random Forest,1.0466617701419807,1.0466617701419807
2026-03-24 14:00:00,2026-03-24,14,1,3,110,102.70587613840256,Random Forest,7.294123861597441,7.294123861597441
2026-03-24 15:00:00,2026-03-24,15,1,3,125,119.42895178373855,Random Forest,5.571048216261445,5.571048216261445
2026-03-24 16:00:00,2026-03-24,16,1,3,166,158.8355409035409,Random Forest,7.1644590964590975,7.1644590964590975
2026-03-24 17:00:00,2026-03-24,17,1,3,251,241.3822423687425,Random Forest,9.61775763125749,9.61775763125749
2026-03-24 18:00:00,2026-03-24,18,1,3,253,248.47950162337665,Random Forest,4.520498376623351,4.520498376623351
2026-03-24 19:00:00,2026-03-24,19,1,3,156,166.4622813852814,Random Forest,-10.462281385281386,10.462281385281386
2026-03-24 20:00:00,2026-03-24,20,1,3,100,105.28013647320118,Random Forest,-5.280136473201182,5.280136473201182
2026-03-24 21:00:00,2026-03-24,21,1,3,80,74.7649995837496,Random Forest,5.235000416250401,5.235000416250401
2026-03-24 22:00:00,2026-03-24,22,1,3,61,57.559489898989895,Random Forest,3.440510101010105,3.440510101010105
2026-03-24 23:00:00,2026-03-24,23,1,3,22,28.32890652403153,Random Forest,-6.328906524031531,6.328906524031531
2026-03-25 00:00:00,2026-03-25,0,2,3,11,12.373251008795126,Random Forest,-1.3732510087951262,1.3732510087951262
2026-03-25 01:00:00,2026-03-25,1,2,3,6,5.580156086805148,Random Forest,0.41984391319485237,0.41984391319485237
2026-03-25 02:00:00,2026-03-25,2,2,3,2,3.7770729414305357,Random Forest,-1.7770729414305357,1.7770729414305357
2026-03-25 03:00:00,2026-03-25,3,2,3,2,2.2051232144677515,Random Forest,-0.2051232144677515,0.2051232144677515
2026-03-25 04:00:00,2026-03-25,4,2,3,6,9.571517332912336,Random Forest,-3.571517332912336,3.571517332912336
2026-03-25 05:00:00,2026-03-25,5,2,3,41,33.335017287695784,Random Forest,7.664982712304216,7.664982712304216
2026-03-25 06:00:00,2026-03-25,6,2,3,87,87.31857792207795,Random Forest,-0.31857792207794944,0.31857792207794944
2026-03-25 07:00:00,2026-03-25,7,2,3,177,179.5857525252525,Random Forest,-2.585752525252502,2.585752525252502
2026-03-25 08:00:00,2026-03-25,8,2,3,262,241.21202862415356,Random Forest,20.78797137584644,20.78797137584644
2026-03-25 09:00:00,2026-03-25,9,2,3,91,100.26830555555554,Random Forest,-9.268305555555543,9.268305555555543
2026-03-25 10:00:00,2026-03-25,10,2,3,80,77.00396654460263,Random Forest,2.9960334553973667,2.9960334553973667
2026-03-25 11:00:00,2026-03-25,11,2,3,95,89.39810798722434,Random Forest,5.601892012775664,5.601892012775664
2026-03-25 12:00:00,2026-03-25,12,2,3,82,89.24364179524268,Random Forest,-7.243641795242681,7.243641795242681
2026-03-25 13:00:00,2026-03-25,13,2,3,95,93.81750115503772,Random Forest,1.1824988449622822,1.1824988449622822
2026-03-25 14:00:00,2026-03-25,14,2,3,91,97.85230553947393,Random Forest,-6.852305539473932,6.852305539473932
2026-03-25 15:00:00,2026-03-25,15,2,3,142,135.5091104627849,Random Forest,6.490889537215111,6.490889537215111
2026-03-25 16:00:00,2026-03-25,16,2,3,187,181.00636192973693,Random Forest,5.993638070263074,5.993638070263074
2026-03-25 17:00:00,2026-03-25,17,2,3,292,275.54722771672766,Random Forest,16.45277228327234,16.45277228327234
2026-03-25 18:00:00,2026-03-25,18,2,3,305,286.2357972582972,Random Forest,18.764202741702775,18.764202741702775
2026-03-25 19:00:00,2026-03-25,19,2,3,182,178.72514285714286,Random Forest,3.274857142857144,3.274857142857144
2026-03-25 20:00:00,2026-03-25,20,2,3,121,122.07708478728873,Random Forest,-1.077084787288726,1.077084787288726
2026-03-25 21:00:00,2026-03-25,21,2,3,78,79.84145851370849,Random Forest,-1.8414585137084885,1.8414585137084885
2026-03-25 22:00:00,2026-03-25,22,2,3,52,53.0130974025974,Random Forest,-1.0130974025974027,1.0130974025974027
2026-03-25 23:00:00,2026-03-25,23,2,3,30,29.103152014652014,Random Forest,0.8968479853479856,0.8968479853479856
2026-03-26 00:00:00,2026-03-26,0,3,3,20,16.770280663780667,Random Forest,3.2297193362193326,3.2297193362193326
2026-03-26 01:00:00,2026-03-26,1,3,3,4,6.974869446466904,Random Forest,-2.9748694464669043,2.9748694464669043
2026-03-26 02:00:00,2026-03-26,2,3,3,5,3.9776974277931116,Random Forest,1.0223025722068884,1.0223025722068884
2026-03-26 03:00:00,2026-03-26,3,3,3,4,3.5694213022738173,Random Forest,0.43057869772618274,0.43057869772618274
2026-03-26 04:00:00,2026-03-26,4,3,3,12,9.82185827656389,Random Forest,2.1781417234361093,2.1781417234361093
2026-03-26 05:00:00,2026-03-26,5,3,3,30,32.63352282361459,Random Forest,-2.633522823614591,2.633522823614591
2026-03-26 06:00:00,2026-03-26,6,3,3,84,83.9696058802309,Random Forest,0.030394119769098893,0.030394119769098893
2026-03-26 07:00:00,2026-03-26,7,3,3,169,177.53598412698415,Random Forest,-8.535984126984147,8.535984126984147
2026-03-26 08:00:00,2026-03-26,8,3,3,243,234.41960744810748,Random Forest,8.580392551892515,8.580392551892515
2026-03-26 09:00:00,2026-03-26,9,3,3,125,119.66889249639243,Random Forest,5.331107503607569,5.331107503607569
2026-03-26 10:00:00,2026-03-26,10,3,3,100,91.4937124819625,Random Forest,8.506287518037496,8.506287518037496
2026-03-26 11:00:00,2026-03-26,11,3,3,96,96.59791658766385,Random Forest,-0.5979165876638461,0.5979165876638461
2026-03-26 12:00:00,2026-03-26,12,3,3,108,104.44378215062794,Random Forest,3.556217849372061,3.556217849372061
2026-03-26 13:00:00,2026-03-26,13,3,3,124,117.55033307395472,Random Forest,6.449666926045282,6.449666926045282
2026-03-26 14:00:00,2026-03-26,14,3,3,143,126.45615387246853,Random Forest,16.543846127531467,16.543846127531467
2026-03-26 15:00:00,2026-03-26,15,3,3,178,170.3504434731935,Random Forest,7.649556526806492,7.649556526806492
2026-03-26 16:00:00,2026-03-26,16,3,3,234,216.3244785214785,Random Forest,17.67552147852149,17.67552147852149
2026-03-26 17:00:00,2026-03-26,17,3,3,337,308.75392604617605,Random Forest,28.246073953823952,28.246073953823952
2026-03-26 18:00:00,2026-03-26,18,3,3,348,330.0791924603175,Random Forest,17.920807539682528,17.920807539682528
2026-03-26 19:00:00,2026-03-26,19,3,3,240,227.4437828282827,Random Forest,12.556217171717293,12.556217171717293
2026-03-26 20:00:00,2026-03-26,20,3,3,187,166.95453571428567,Random Forest,20.04546428571433,20.04546428571433
2026-03-26 21:00:00,2026-03-26,21,3,3,153,135.1404740259741,Random Forest,17.8595259740259,17.8595259740259
2026-03-26 22:00:00,2026-03-26,22,3,3,88,93.61323809523815,Random Forest,-5.613238095238145,5.613238095238145
2026-03-26 23:00:00,2026-03-26,23,3,3,38,47.397236111111106,Random Forest,-9.397236111111106,9.397236111111106
2026-03-27 00:00:00,2026-03-27,0,4,3,18,20.604297979797977,Random Forest,-2.604297979797977,2.604297979797977
2026-03-27 01:00:00,2026-03-27,1,4,3,13,11.315202910707976,Random Forest,1.684797089292024,1.684797089292024
2026-03-27 02:00:00,2026-03-27,2,4,3,10,8.300779188724295,Random Forest,1.6992208112757048,1.6992208112757048
2026-03-27 03:00:00,2026-03-27,3,4,3,6,5.918920771610422,Random Forest,0.08107922838957826,0.08107922838957826
2026-03-27 04:00:00,2026-03-27,4,4,3,5,7.755677825582127,Random Forest,-2.7556778255821266,2.7556778255821266
2026-03-27 05:00:00,2026-03-27,5,4,3,29,26.50759040723059,Random Forest,2.492409592769409,2.492409592769409
2026-03-27 06:00:00,2026-03-27,6,4,3,63,73.61549134199136,Random Forest,-10.615491341991358,10.615491341991358
2026-03-27 07:00:00,2026-03-27,7,4,3,165,150.40537500000002,Random Forest,14.59462499999998,14.59462499999998
2026-03-27 08:00:00,2026-03-27,8,4,3,182,182.3018284632034,Random Forest,-0.3018284632034067,0.3018284632034067
2026-03-27 09:00:00,2026-03-27,9,4,3,101,119.00468829781333,Random Forest,-18.00468829781333,18.00468829781333
2026-03-27 10:00:00,2026-03-27,10,4,3,92,93.58329532698006,Random Forest,-1.583295326980064,1.583295326980064
2026-03-27 11:00:00,2026-03-27,11,4,3,112,111.48146067869013,Random Forest,0.5185393213098735,0.5185393213098735
2026-03-27 12:00:00,2026-03-27,12,4,3,127,127.81302480482364,Random Forest,-0.813024804823641,0.813024804823641
2026-03-27 13:00:00,2026-03-27,13,4,3,131,137.5125913190799,Random Forest,-6.512591319079888,6.512591319079888
2026-03-27 14:00:00,2026-03-27,14,4,3,157,150.9287491258741,Random Forest,6.071250874125894,6.071250874125894
2026-03-27 15:00:00,2026-03-27,15,4,3,150,177.80693738206242,Random Forest,-27.806937382062415,27.806937382062415
2026-03-27 16:00:00,2026-03-27,16,4,3,197,193.916461038961,Random Forest,3.083538961039011,3.083538961039011
2026-03-27 17:00:00,2026-03-27,17,4,3,267,276.14490963203457,Random Forest,-9.144909632034569,9.144909632034569
2026-03-27 18:00:00,2026-03-27,18,4,3,225,239.70615079365086,Random Forest,-14.706150793650863,14.706150793650863
2026-03-27 19:00:00,2026-03-27,19,4,3,148,159.65252056277052,Random Forest,-11.652520562770519,11.652520562770519
2026-03-27 20:00:00,2026-03-27,20,4,3,84,103.66072312409817,Random Forest,-19.66072312409817,19.66072312409817
2026-03-27 21:00:00,2026-03-27,21,4,3,75,72.56645454545452,Random Forest,2.433545454545481,2.433545454545481
2026-03-27 22:00:00,2026-03-27,22,4,3,70,63.529311369186345,Random Forest,6.470688630813655,6.470688630813655
2026-03-27 23:00:00,2026-03-27,23,4,3,37,44.46682160894663,Random Forest,-7.466821608946631,7.466821608946631
2026-03-28 00:00:00,2026-03-28,0,5,3,33,30.45399224386724,Random Forest,2.5460077561327594,2.5460077561327594
2026-03-28 01:00:00,2026-03-28,1,5,3,30,27.85185858585858,Random Forest,2.1481414141414206,2.1481414141414206
2026-03-28 02:00:00,2026-03-28,2,5,3,11,15.128108044733041,Random Forest,-4.128108044733041,4.128108044733041
2026-03-28 03:00:00,2026-03-28,3,5,3,8,8.208159500973744,Random Forest,-0.20815950097374447,0.20815950097374447
2026-03-28 04:00:00,2026-03-28,4,5,3,5,7.472560830025195,Random Forest,-2.472560830025195,2.472560830025195
2026-03-28 05:00:00,2026-03-28,5,5,3,8,8.632372809809732,Random Forest,-0.6323728098097323,0.6323728098097323
2026-03-28 06:00:00,2026-03-28,6,5,3,16,20.9946720566389,Random Forest,-4.994672056638901,4.994672056638901
2026-03-28 07:00:00,2026-03-28,7,5,3,43,49.35569447404445,Random Forest,-6.355694474044448,6.355694474044448
2026-03-28 08:00:00,2026-03-28,8,5,3,72,82.66262770562771,Random Forest,-10.662627705627713,10.662627705627713
2026-03-28 09:00:00,2026-03-28,9,5,3,105,101.57936074565531,Random Forest,3.4206392543446924,3.4206392543446924
2026-03-28 10:00:00,2026-03-28,10,5,3,120,113.37375636984774,Random Forest,6.62624363015226,6.62624363015226
2026-03-28 11:00:00,2026-03-28,11,5,3,120,127.91356186868688,Random Forest,-7.913561868686884,7.913561868686884
2026-03-28 12:00:00,2026-03-28,12,5,3,130,127.39966901154403,Random Forest,2.6003309884559656,2.6003309884559656
2026-03-28 13:00:00,2026-03-28,13,5,3,117,131.723924062049,Random Forest,-14.723924062049008,14.723924062049008
2026-03-28 14:00:00,2026-03-28,14,5,3,134,129.5770119047619,Random Forest,4.422988095238111,4.422988095238111
2026-03-28 15:00:00,2026-03-28,15,5,3,140,137.42710317460308,Random Forest,2.572896825396924,2.572896825396924
2026-03-28 16:00:00,2026-03-28,16,5,3,126,144.04316071428568,Random Forest,-18.043160714285676,18.043160714285676
2026-03-28 17:00:00,2026-03-28,17,5,3,128,132.01328571428573,Random Forest,-4.013285714285729,4.013285714285729
2026-03-28 18:00:00,2026-03-28,18,5,3,118,122.87519047619044,Random Forest,-4.87519047619044,4.87519047619044
2026-03-28 19:00:00,2026-03-28,19,5,3,81,96.18227507215002,Random Forest,-15.18227507215002,15.18227507215002
2026-03-28 20:00:00,2026-03-28,20,5,3,78,72.26222023809524,Random Forest,5.737779761904761,5.737779761904761
2026-03-28 21:00:00,2026-03-28,21,5,3,64,63.22843226381464,Random Forest,0.7715677361853608,0.7715677361853608
2026-03-28 22:00:00,2026-03-28,22,5,3,49,50.96121176046179,Random Forest,-1.9612117604617865,1.9612117604617865
2026-03-28 23:00:00,2026-03-28,23,5,3,50,50.09513627344879,Random Forest,-0.09513627344878728,0.09513627344878728
2026-03-29 00:00:00,2026-03-29,0,6,3,42,43.01525550144302,Random Forest,-1.015255501443022,1.015255501443022
2026-03-29 01:00:00,2026-03-29,1,6,3,20,26.900639880952372,Random Forest,-6.900639880952372,6.900639880952372
2026-03-29 02:00:00,2026-03-29,2,6,3,15,15.227628137892097,Random Forest,-0.22762813789209702,0.22762813789209702
2026-03-29 03:00:00,2026-03-29,3,6,3,8,8.471450346476667,Random Forest,-0.47145034647666684,0.47145034647666684
2026-03-29 04:00:00,2026-03-29,4,6,3,7,7.65316929585118,Random Forest,-0.6531692958511801,0.6531692958511801
2026-03-29 05:00:00,2026-03-29,5,6,3,8,8.235552736864193,Random Forest,-0.23555273686419298,0.23555273686419298
2026-03-29 06:00:00,2026-03-29,6,6,3,8,9.391184966605266,Random Forest,-1.391184966605266,1.391184966605266
2026-03-29 07:00:00,2026-03-29,7,6,3,22,24.39491977011825,Random Forest,-2.39491977011825,2.39491977011825
2026-03-29 08:00:00,2026-03-29,8,6,3,41,42.32340951001613,Random Forest,-1.323409510016127,1.323409510016127
2026-03-29 09:00:00,2026-03-29,9,6,3,87,69.17541937229436,Random Forest,17.824580627705643,17.824580627705643
2026-03-29 10:00:00,2026-03-29,10,6,3,91,104.98872318775999,Random Forest,-13.988723187759987,13.988723187759987
2026-03-29 11:00:00,2026-03-29,11,6,3,151,125.91928096794275,Random Forest,25.080719032057246,25.080719032057246
2026-03-29 12:00:00,2026-03-29,12,6,3,153,155.35674963924959,Random Forest,-2.3567496392495855,2.3567496392495855
2026-03-29 13:00:00,2026-03-29,13,6,3,178,170.3142539682539,Random Forest,7.685746031746106,7.685746031746106
2026-03-29 14:00:00,2026-03-29,14,6,3,149,164.87278138528143,Random Forest,-15.872781385281428,15.872781385281428
2026-03-29 15:00:00,2026-03-29,15,6,3,174,169.00727777777766,Random Forest,4.992722222222341,4.992722222222341
2026-03-29 16:00:00,2026-03-29,16,6,3,139,151.67028733766236,Random Forest,-12.670287337662359,12.670287337662359
2026-03-29 17:00:00,2026-03-29,17,6,3,145,146.18984523809522,Random Forest,-1.1898452380952165,1.1898452380952165
2026-03-29 18:00:00,2026-03-29,18,6,3,119,130.634232381589,Random Forest,-11.634232381588987,11.634232381588987
2026-03-29 19:00:00,2026-03-29,19,6,3,112,106.15156313131314,Random Forest,5.848436868686861,5.848436868686861
2026-03-29 20:00:00,2026-03-29,20,6,3,82,83.35741865079366,Random Forest,-1.3574186507936616,1.3574186507936616
2026-03-29 21:00:00,2026-03-29,21,6,3,52,54.66922326284825,Random Forest,-2.6692232628482486,2.6692232628482486
2026-03-29 22:00:00,2026-03-29,22,6,3,30,32.0933079004329,Random Forest,-2.0933079004328974,2.0933079004328974
2026-03-29 23:00:00,2026-03-29,23,6,3,22,22.870311320623827,Random Forest,-0.8703113206238271,0.8703113206238271
2026-03-30 00:00:00,2026-03-30,0,0,3,6,8.6919800235641,Random Forest,-2.691980023564099,2.691980023564099
2026-03-30 01:00:00,2026-03-30,1,0,3,7,7.183841252346682,Random Forest,-0.18384125234668236,0.18384125234668236
2026-03-30 02:00:00,2026-03-30,2,0,3,9,6.324647151996486,Random Forest,2.675352848003514,2.675352848003514
2026-03-30 03:00:00,2026-03-30,3,0,3,3,3.646646325034453,Random Forest,-0.6466463250344532,0.6466463250344532
2026-03-30 04:00:00,2026-03-30,4,0,3,9,8.098088300570387,Random Forest,0.901911699429613,0.901911699429613
2026-03-30 05:00:00,2026-03-30,5,0,3,31,26.079084623709623,Random Forest,4.9209153762903775,4.9209153762903775
2026-03-30 06:00:00,2026-03-30,6,0,3,72,68.23977958152959,Random Forest,3.7602204184704107,3.7602204184704107
2026-03-30 07:00:00,2026-03-30,7,0,3,151,94.12821428571434,Random Forest,56.871785714285664,56.871785714285664
2026-03-30 08:00:00,2026-03-30,8,0,3,177,160.47728373015872,Random Forest,16.522716269841283,16.522716269841283
2026-03-30 09:00:00,2026-03-30,9,0,3,88,95.70525198412703,Random Forest,-7.705251984127031,7.705251984127031
2026-03-30 10:00:00,2026-03-30,10,0,3,82,84.6251858211315,Random Forest,-2.6251858211314953,2.6251858211314953
2026-03-30 11:00:00,2026-03-30,11,0,3,82,85.2496086942009,Random Forest,-3.2496086942009015,3.2496086942009015
2026-03-30 12:00:00,2026-03-30,12,0,3,86,85.80007708610314,Random Forest,0.1999229138968559,0.1999229138968559
2026-03-30 13:00:00,2026-03-30,13,0,3,88,88.88262084132454,Random Forest,-0.8826208413245382,0.8826208413245382
2026-03-30 14:00:00,2026-03-30,14,0,3,123,106.79460172052747,Random Forest,16.205398279472533,16.205398279472533
2026-03-30 15:00:00,2026-03-30,15,0,3,155,155.24767568542566,Random Forest,-0.2476756854256621,0.2476756854256621
2026-03-30 16:00:00,2026-03-30,16,0,3,186,177.31029904817413,Random Forest,8.68970095182587,8.68970095182587
2026-03-30 17:00:00,2026-03-30,17,0,3,325,271.76996825396833,Random Forest,53.23003174603167,53.23003174603167
2026-03-30 18:00:00,2026-03-30,18,0,3,297,284.38454166666656,Random Forest,12.615458333333436,12.615458333333436
2026-03-30 19:00:00,2026-03-30,19,0,3,178,167.78612003968254,Random Forest,10.213879960317456,10.213879960317456
2026-03-30 20:00:00,2026-03-30,20,0,3,131,124.98259523809526,Random Forest,6.017404761904743,6.017404761904743
2026-03-30 21:00:00,2026-03-30,21,0,3,100,91.8926011211011,Random Forest,8.107398878898906,8.107398878898906
2026-03-30 22:00:00,2026-03-30,22,0,3,68,64.06984559884559,Random Forest,3.930154401154411,3.930154401154411
2026-03-30 23:00:00,2026-03-30,23,0,3,34,34.857244588744585,Random Forest,-0.8572445887445852,0.8572445887445852
2026-03-31 00:00:00,2026-03-31,0,1,3,8,10.893387806637806,Random Forest,-2.893387806637806,2.893387806637806
2026-03-31 01:00:00,2026-03-31,1,1,3,4,4.193150092990074,Random Forest,-0.19315009299007357,0.19315009299007357
2026-03-31 02:00:00,2026-03-31,2,1,3,6,5.313014300345089,Random Forest,0.6869856996549109,0.6869856996549109
2026-03-31 03:00:00,2026-03-31,3,1,3,2,2.961973426860217,Random Forest,-0.9619734268602169,0.9619734268602169
2026-03-31 04:00:00,2026-03-31,4,1,3,13,13.627782954168897,Random Forest,-0.6277829541688966,0.6277829541688966
2026-03-31 05:00:00,2026-03-31,5,1,3,37,36.39020389202862,Random Forest,0.609796107971377,0.609796107971377
2026-03-31 06:00:00,2026-03-31,6,1,3,85,87.40009758297258,Random Forest,-2.4000975829725775,2.4000975829725775
2026-03-31 07:00:00,2026-03-31,7,1,3,205,192.1160322871573,Random Forest,12.88396771284269,12.88396771284269
2026-03-31 08:00:00,2026-03-31,8,1,3,234,238.3056630591631,Random Forest,-4.305663059163095,4.305663059163095
2026-03-31 09:00:00,2026-03-31,9,1,3,132,123.35609505772007,Random Forest,8.643904942279931,8.643904942279931
2026-03-31 10:00:00,2026-03-31,10,1,3,67,81.63760137085136,Random Forest,-14.637601370851357,14.637601370851357
2026-03-31 11:00:00,2026-03-31,11,1,3,93,87.4200151890021,Random Forest,5.5799848109979,5.5799848109979
2026-03-31 12:00:00,2026-03-31,12,1,3,114,109.66264204149022,Random Forest,4.337357958509784,4.337357958509784
2026-03-31 13:00:00,2026-03-31,13,1,3,122,121.51814297078856,Random Forest,0.48185702921144014,0.48185702921144014
2026-03-31 14:00:00,2026-03-31,14,1,3,133,134.2735349506117,Random Forest,-1.2735349506116904,1.2735349506116904
2026-03-31 15:00:00,2026-03-31,15,1,3,186,180.35788147963152,Random Forest,5.642118520368484,5.642118520368484
2026-03-31 16:00:00,2026-03-31,16,1,3,250,237.20257052669547,Random Forest,12.797429473304533,12.797429473304533
2026-03-31 17:00:00,2026-03-31,17,1,3,398,357.4621587301588,Random Forest,40.53784126984118,40.53784126984118
2026-03-31 18:00:00,2026-03-31,18,1,3,340,336.1113643578644,Random Forest,3.8886356421356254,3.8886356421356254
2026-03-31 19:00:00,2026-03-31,19,1,3,264,242.36876659451653,Random Forest,21.63123340548347,21.63123340548347
2026-03-31 20:00:00,2026-03-31,20,1,3,173,162.706759920635,Random Forest,10.293240079365006,10.293240079365006
2026-03-31 21:00:00,2026-03-31,21,1,3,140,133.53259798534793,Random Forest,6.467402014652066,6.467402014652066
2026-03-31 22:00:00,2026-03-31,22,1,3,78,88.44594970307469,Random Forest,-10.445949703074689,10.445949703074689
2026-03-31 23:00:00,2026-03-31,23,1,3,34,36.46185912698414,Random Forest,-2.4618591269841374,2.4618591269841374
2026-04-01 00:00:00,2026-04-01,0,2,4,25,19.6249301948052,Random Forest,5.375069805194801,5.375069805194801
2026-04-01 01:00:00,2026-04-01,1,2,4,18,13.810763209013208,Random Forest,4.189236790986792,4.189236790986792
2026-04-01 02:00:00,2026-04-01,2,2,4,15,12.419421425796424,Random Forest,2.5805785742035763,2.5805785742035763
2026-04-01 03:00:00,2026-04-01,3,2,4,4,5.360685653897665,Random Forest,-1.360685653897665,1.360685653897665
2026-04-01 04:00:00,2026-04-01,4,2,4,9,9.529980577590722,Random Forest,-0.529980577590722,0.529980577590722
2026-04-01 05:00:00,2026-04-01,5,2,4,49,45.506151646556056,Random Forest,3.493848353443944,3.493848353443944
2026-04-01 06:00:00,2026-04-01,6,2,4,116,118.20586327561332,Random Forest,-2.205863275613325,2.205863275613325
2026-04-01 07:00:00,2026-04-01,7,2,4,243,232.9853253968254,Random Forest,10.014674603174598,10.014674603174598
2026-04-01 08:00:00,2026-04-01,8,2,4,272,279.89420364357886,Random Forest,-7.894203643578862,7.894203643578862
2026-04-01 09:00:00,2026-04-01,9,2,4,121,129.59566716616723,Random Forest,-8.595667166167232,8.595667166167232
2026-04-01 10:00:00,2026-04-01,10,2,4,101,94.8769783549784,Random Forest,6.123021645021595,6.123021645021595
2026-04-01 11:00:00,2026-04-01,11,2,4,119,111.76299786605593,Random Forest,7.237002133944074,7.237002133944074
2026-04-01 12:00:00,2026-04-01,12,2,4,118,118.78823307431244,Random Forest,-0.7882330743124442,0.7882330743124442
2026-04-01 13:00:00,2026-04-01,13,2,4,120,122.55638400834569,Random Forest,-2.556384008345688,2.556384008345688
2026-04-01 14:00:00,2026-04-01,14,2,4,145,136.77712883562523,Random Forest,8.222871164374766,8.222871164374766
2026-04-01 15:00:00,2026-04-01,15,2,4,185,185.0519187135963,Random Forest,-0.05191871359630795,0.05191871359630795
2026-04-01 16:00:00,2026-04-01,16,2,4,231,235.97959126984134,Random Forest,-4.979591269841336,4.979591269841336
2026-04-01 17:00:00,2026-04-01,17,2,4,316,336.32472330447325,Random Forest,-20.324723304473252,20.324723304473252
2026-04-01 18:00:00,2026-04-01,18,2,4,288,311.2851309523809,Random Forest,-23.285130952380882,23.285130952380882
2026-04-01 19:00:00,2026-04-01,19,2,4,225,236.27468362193366,Random Forest,-11.274683621933661,11.274683621933661
2026-04-01 20:00:00,2026-04-01,20,2,4,132,149.04718127705627,Random Forest,-17.047181277056268,17.047181277056268
2026-04-01 21:00:00,2026-04-01,21,2,4,100,100.43846185758689,Random Forest,-0.43846185758688705,0.43846185758688705
2026-04-01 22:00:00,2026-04-01,22,2,4,68,68.96093253968255,Random Forest,-0.9609325396825454,0.9609325396825454
2026-04-01 23:00:00,2026-04-01,23,2,4,29,34.148079365079376,Random Forest,-5.148079365079376,5.148079365079376
2026-04-02 00:00:00,2026-04-02,0,3,4,9,14.337902056277057,Random Forest,-5.337902056277057,5.337902056277057
2026-04-02 01:00:00,2026-04-02,1,3,4,5,5.9338271315601165,Random Forest,-0.9338271315601165,0.9338271315601165
2026-04-02 02:00:00,2026-04-02,2,3,4,5,5.16052802986131,Random Forest,-0.1605280298613101,0.1605280298613101
2026-04-02 03:00:00,2026-04-02,3,3,4,3,3.924364217496993,Random Forest,-0.924364217496993,0.924364217496993
2026-04-02 04:00:00,2026-04-02,4,3,4,4,8.38483617267108,Random Forest,-4.384836172671079,4.384836172671079
2026-04-02 05:00:00,2026-04-02,5,3,4,25,27.659142135642142,Random Forest,-2.659142135642142,2.659142135642142
2026-04-02 06:00:00,2026-04-02,6,3,4,77,76.13475270562772,Random Forest,0.8652472943722813,0.8652472943722813
2026-04-02 07:00:00,2026-04-02,7,3,4,129,143.1238908730159,Random Forest,-14.12389087301591,14.12389087301591
2026-04-02 08:00:00,2026-04-02,8,3,4,193,194.42411580086585,Random Forest,-1.4241158008658488,1.4241158008658488
2026-04-02 09:00:00,2026-04-02,9,3,4,96,110.00105897452224,Random Forest,-14.001058974522238,14.001058974522238
2026-04-02 10:00:00,2026-04-02,10,3,4,77,89.67068091580526,Random Forest,-12.670680915805264,12.670680915805264
2026-04-02 11:00:00,2026-04-02,11,3,4,98,93.96581725252794,Random Forest,4.034182747472059,4.034182747472059
2026-04-02 12:00:00,2026-04-02,12,3,4,114,106.26872029714366,Random Forest,7.731279702856341,7.731279702856341
2026-04-02 13:00:00,2026-04-02,13,3,4,118,120.53102321806327,Random Forest,-2.531023218063268,2.531023218063268
2026-04-02 14:00:00,2026-04-02,14,3,4,104,117.95752075865306,Random Forest,-13.957520758653061,13.957520758653061
2026-04-02 15:00:00,2026-04-02,15,3,4,129,134.617053819265,Random Forest,-5.61705381926501,5.61705381926501
2026-04-02 16:00:00,2026-04-02,16,3,4,153,174.80907672882677,Random Forest,-21.809076728826767,21.809076728826767
2026-04-02 17:00:00,2026-04-02,17,3,4,243,276.4263986291489,Random Forest,-33.42639862914888,33.42639862914888
2026-04-02 18:00:00,2026-04-02,18,3,4,224,259.6588829365079,Random Forest,-35.658882936507894,35.658882936507894
2026-04-02 19:00:00,2026-04-02,19,3,4,128,163.41626297313795,Random Forest,-35.41626297313795,35.41626297313795
2026-04-02 20:00:00,2026-04-02,20,3,4,107,124.90673520923521,Random Forest,-17.906735209235208,17.906735209235208
2026-04-02 21:00:00,2026-04-02,21,3,4,106,91.30335227272727,Random Forest,14.696647727272733,14.696647727272733
2026-04-02 22:00:00,2026-04-02,22,3,4,49,64.88919642857145,Random Forest,-15.889196428571452,15.889196428571452
2026-04-02 23:00:00,2026-04-02,23,3,4,30,33.23613820783844,Random Forest,-3.2361382078384366,3.2361382078384366
2026-04-03 00:00:00,2026-04-03,0,4,4,21,18.821527958152956,Random Forest,2.1784720418470442,2.1784720418470442
2026-04-03 01:00:00,2026-04-03,1,4,4,5,10.90625103857396,Random Forest,-5.906251038573959,5.906251038573959
2026-04-03 02:00:00,2026-04-03,2,4,4,10,7.404655415598895,Random Forest,2.595344584401105,2.595344584401105
2026-04-03 03:00:00,2026-04-03,3,4,4,6,5.670492452451502,Random Forest,0.32950754754849765,0.32950754754849765
2026-04-03 04:00:00,2026-04-03,4,4,4,7,8.043995986969207,Random Forest,-1.0439959869692075,1.0439959869692075
2026-04-03 05:00:00,2026-04-03,5,4,4,17,22.361321248196255,Random Forest,-5.361321248196255,5.361321248196255
2026-04-03 06:00:00,2026-04-03,6,4,4,55,48.94300214764976,Random Forest,6.056997852350243,6.056997852350243
2026-04-03 07:00:00,2026-04-03,7,4,4,82,107.75423214285715,Random Forest,-25.75423214285715,25.75423214285715
2026-04-03 08:00:00,2026-04-03,8,4,4,106,107.96956742574507,Random Forest,-1.969567425745069,1.969567425745069
2026-04-03 09:00:00,2026-04-03,9,4,4,90,97.21434446607809,Random Forest,-7.214344466078089,7.214344466078089
2026-04-03 10:00:00,2026-04-03,10,4,4,94,96.49294373505413,Random Forest,-2.4929437350541264,2.4929437350541264
2026-04-03 11:00:00,2026-04-03,11,4,4,138,119.02362690349486,Random Forest,18.976373096505142,18.976373096505142
2026-04-03 12:00:00,2026-04-03,12,4,4,169,157.99685580865756,Random Forest,11.003144191342443,11.003144191342443
2026-04-03 13:00:00,2026-04-03,13,4,4,171,164.60383141450052,Random Forest,6.396168585499481,6.396168585499481
2026-04-03 14:00:00,2026-04-03,14,4,4,188,177.86789918006835,Random Forest,10.132100819931651,10.132100819931651
2026-04-03 15:00:00,2026-04-03,15,4,4,192,192.8501646825397,Random Forest,-0.8501646825397131,0.8501646825397131
2026-04-03 16:00:00,2026-04-03,16,4,4,231,227.47308441558457,Random Forest,3.526915584415434,3.526915584415434
2026-04-03 17:00:00,2026-04-03,17,4,4,263,271.8864875541126,Random Forest,-8.886487554112591,8.886487554112591
2026-04-03 18:00:00,2026-04-03,18,4,4,220,232.88870071595088,Random Forest,-12.888700715950876,12.888700715950876
2026-04-03 19:00:00,2026-04-03,19,4,4,233,194.73544047619052,Random Forest,38.26455952380948,38.26455952380948
2026-04-03 20:00:00,2026-04-03,20,4,4,127,133.4694535296575,Random Forest,-6.4694535296575,6.4694535296575
2026-04-03 21:00:00,2026-04-03,21,4,4,99,97.35268002538396,Random Forest,1.647319974616039,1.647319974616039
2026-04-03 22:00:00,2026-04-03,22,4,4,106,86.96449603174602,Random Forest,19.035503968253977,19.035503968253977
2026-04-03 23:00:00,2026-04-03,23,4,4,97,79.12511904761904,Random Forest,17.874880952380963,17.874880952380963
2026-04-04 00:00:00,2026-04-04,0,5,4,67,63.322561147186114,Random Forest,3.6774388528138857,3.6774388528138857
2026-04-04 01:00:00,2026-04-04,1,5,4,52,46.88256349206348,Random Forest,5.117436507936517,5.117436507936517
2026-04-04 02:00:00,2026-04-04,2,5,4,37,33.09217486197377,Random Forest,3.907825138026233,3.907825138026233
2026-04-04 03:00:00,2026-04-04,3,5,4,11,15.503236652236644,Random Forest,-4.5032366522366445,4.5032366522366445
2026-04-04 04:00:00,2026-04-04,4,5,4,9,8.919847731493746,Random Forest,0.08015226850625368,0.08015226850625368
2026-04-04 05:00:00,2026-04-04,5,5,4,8,9.363310839657514,Random Forest,-1.3633108396575135,1.3633108396575135
2026-04-04 06:00:00,2026-04-04,6,5,4,27,23.788032723749566,Random Forest,3.2119672762504337,3.2119672762504337
2026-04-04 07:00:00,2026-04-04,7,5,4,44,55.82489285714287,Random Forest,-11.82489285714287,11.82489285714287
2026-04-04 08:00:00,2026-04-04,8,5,4,116,99.08200721500721,Random Forest,16.91799278499279,16.91799278499279
2026-04-04 09:00:00,2026-04-04,9,5,4,149,131.88470382395383,Random Forest,17.115296176046172,17.115296176046172
2026-04-04 10:00:00,2026-04-04,10,5,4,179,155.60567551484462,Random Forest,23.39432448515538,23.39432448515538
2026-04-04 11:00:00,2026-04-04,11,5,4,225,201.2846277472527,Random Forest,23.7153722527473,23.7153722527473
2026-04-04 12:00:00,2026-04-04,12,5,4,227,212.6464777814778,Random Forest,14.353522218522187,14.353522218522187
2026-04-04 13:00:00,2026-04-04,13,5,4,201,207.86812767325276,Random Forest,-6.868127673252758,6.868127673252758
2026-04-04 14:00:00,2026-04-04,14,5,4,201,201.4041316415067,Random Forest,-0.40413164150669445,0.40413164150669445
2026-04-04 15:00:00,2026-04-04,15,5,4,195,200.68905011192513,Random Forest,-5.689050111925127,5.689050111925127
2026-04-04 16:00:00,2026-04-04,16,5,4,168,183.3482806036556,Random Forest,-15.34828060365561,15.34828060365561
2026-04-04 17:00:00,2026-04-04,17,5,4,107,151.8882718253968,Random Forest,-44.8882718253968,44.8882718253968
2026-04-04 18:00:00,2026-04-04,18,5,4,112,104.29740313852815,Random Forest,7.7025968614718465,7.7025968614718465
2026-04-04 19:00:00,2026-04-04,19,5,4,100,102.62688762626263,Random Forest,-2.6268876262626293,2.6268876262626293
2026-04-04 20:00:00,2026-04-04,20,5,4,56,66.65383134920636,Random Forest,-10.653831349206357,10.653831349206357
2026-04-04 21:00:00,2026-04-04,21,5,4,54,52.27356364468867,Random Forest,1.7264363553113284,1.7264363553113284
2026-04-04 22:00:00,2026-04-04,22,5,4,38,45.02856166056167,Random Forest,-7.028561660561671,7.028561660561671
2026-04-04 23:00:00,2026-04-04,23,5,4,52,40.935804292929284,Random Forest,11.064195707070716,11.064195707070716
2026-04-05 00:00:00,2026-04-05,0,6,4,31,43.42301064213565,Random Forest,-12.423010642135651,12.423010642135651
2026-04-05 01:00:00,2026-04-05,1,6,4,12,17.746420815295817,Random Forest,-5.746420815295817,5.746420815295817
2026-04-05 02:00:00,2026-04-05,2,6,4,8,10.539527056277057,Random Forest,-2.5395270562770573,2.5395270562770573
2026-04-05 03:00:00,2026-04-05,3,6,4,9,9.143723703499564,Random Forest,-0.14372370349956398,0.14372370349956398
2026-04-05 04:00:00,2026-04-05,4,6,4,9,8.536646096849582,Random Forest,0.46335390315041813,0.46335390315041813
2026-04-05 05:00:00,2026-04-05,5,6,4,6,8.449138145736368,Random Forest,-2.4491381457363683,2.4491381457363683
2026-04-05 06:00:00,2026-04-05,6,6,4,9,10.077354835135722,Random Forest,-1.077354835135722,1.077354835135722
2026-04-05 07:00:00,2026-04-05,7,6,4,29,26.534110097764454,Random Forest,2.4658899022355456,2.4658899022355456
2026-04-05 08:00:00,2026-04-05,8,6,4,62,60.61336507936508,Random Forest,1.3866349206349184,1.3866349206349184
2026-04-05 09:00:00,2026-04-05,9,6,4,78,88.20128090357348,Random Forest,-10.201280903573476,10.201280903573476
2026-04-05 10:00:00,2026-04-05,10,6,4,156,121.60644809941523,Random Forest,34.39355190058477,34.39355190058477
2026-04-05 11:00:00,2026-04-05,11,6,4,152,144.8983211722488,Random Forest,7.101678827751186,7.101678827751186
2026-04-05 12:00:00,2026-04-05,12,6,4,34,117.3525710678211,Random Forest,-83.3525710678211,83.3525710678211
2026-04-05 13:00:00,2026-04-05,13,6,4,41,36.448042707292714,Random Forest,4.551957292707286,4.551957292707286
2026-04-05 14:00:00,2026-04-05,14,6,4,25,33.234003787878784,Random Forest,-8.234003787878784,8.234003787878784
2026-04-05 15:00:00,2026-04-05,15,6,4,33,35.77047102897104,Random Forest,-2.7704710289710377,2.7704710289710377
2026-04-05 16:00:00,2026-04-05,16,6,4,31,35.31846013708514,Random Forest,-4.31846013708514,4.31846013708514
2026-04-05 17:00:00,2026-04-05,17,6,4,82,49.30378289765788,Random Forest,32.69621710234212,32.69621710234212
2026-04-05 18:00:00,2026-04-05,18,6,4,76,83.22796626984127,Random Forest,-7.227966269841275,7.227966269841275
2026-04-05 19:00:00,2026-04-05,19,6,4,76,71.61571743697483,Random Forest,4.384282563025167,4.384282563025167
2026-04-05 20:00:00,2026-04-05,20,6,4,56,59.72196725659961,Random Forest,-3.721967256599612,3.721967256599612
2026-04-05 21:00:00,2026-04-05,21,6,4,42,44.50593783993782,Random Forest,-2.505937839937822,2.505937839937822
2026-04-05 22:00:00,2026-04-05,22,6,4,35,32.496790620714,Random Forest,2.503209379285998,2.503209379285998
2026-04-05 23:00:00,2026-04-05,23,6,4,13,19.508651837928156,Random Forest,-6.508651837928156,6.508651837928156
2026-04-06 00:00:00,2026-04-06,0,0,4,12,9.070247416782344,Random Forest,2.929752583217656,2.929752583217656
2026-04-06 01:00:00,2026-04-06,1,0,4,4,5.194882770878084,Random Forest,-1.1948827708780838,1.1948827708780838
2026-04-06 02:00:00,2026-04-06,2,0,4,1,3.034218734968735,Random Forest,-2.034218734968735,2.034218734968735
2026-04-06 03:00:00,2026-04-06,3,0,4,0,0.828973363291298,Random Forest,-0.828973363291298,0.828973363291298
2026-04-06 04:00:00,2026-04-06,4,0,4,9,8.759492535242531,Random Forest,0.24050746475746898,0.24050746475746898
2026-04-06 05:00:00,2026-04-06,5,0,4,25,23.445073024198024,Random Forest,1.5549269758019761,1.5549269758019761
2026-04-06 06:00:00,2026-04-06,6,0,4,70,62.386337662337645,Random Forest,7.613662337662355,7.613662337662355
2026-04-06 07:00:00,2026-04-06,7,0,4,146,137.4380376984127,Random Forest,8.5619623015873,8.5619623015873
2026-04-06 08:00:00,2026-04-06,8,0,4,150,164.66691883116883,Random Forest,-14.666918831168829,14.666918831168829
2026-04-06 09:00:00,2026-04-06,9,0,4,93,97.07914285714291,Random Forest,-4.079142857142912,4.079142857142912
2026-04-06 10:00:00,2026-04-06,10,0,4,58,81.27802543199554,Random Forest,-23.278025431995545,23.278025431995545
2026-04-06 11:00:00,2026-04-06,11,0,4,83,78.08195012395008,Random Forest,4.9180498760499205,4.9180498760499205
2026-04-06 12:00:00,2026-04-06,12,0,4,104,102.69898381485069,Random Forest,1.301016185149308,1.301016185149308
2026-04-06 13:00:00,2026-04-06,13,0,4,110,109.4977934587464,Random Forest,0.5022065412535994,0.5022065412535994
2026-04-06 14:00:00,2026-04-06,14,0,4,93,108.98612699506269,Random Forest,-15.98612699506269,15.98612699506269
2026-04-06 15:00:00,2026-04-06,15,0,4,150,128.6944246656122,Random Forest,21.30557533438781,21.30557533438781
2026-04-06 16:00:00,2026-04-06,16,0,4,178,177.5374343434344,Random Forest,0.46256565656560156,0.46256565656560156
2026-04-06 17:00:00,2026-04-06,17,0,4,240,238.1453894300144,Random Forest,1.8546105699855957,1.8546105699855957
2026-04-06 18:00:00,2026-04-06,18,0,4,270,252.50771554834037,Random Forest,17.49228445165963,17.49228445165963
2026-04-06 19:00:00,2026-04-06,19,0,4,189,189.54821818459314,Random Forest,-0.5482181845931393,0.5482181845931393
2026-04-06 20:00:00,2026-04-06,20,0,4,131,135.4204424603175,Random Forest,-4.420442460317503,4.420442460317503
2026-04-06 21:00:00,2026-04-06,21,0,4,86,91.1807668858919,Random Forest,-5.180766885891899,5.180766885891899
2026-04-06 22:00:00,2026-04-06,22,0,4,46,50.99855880230878,Random Forest,-4.998558802308779,4.998558802308779
2026-04-06 23:00:00,2026-04-06,23,0,4,45,38.32412363542256,Random Forest,6.675876364577441,6.675876364577441
2026-04-07 00:00:00,2026-04-07,0,1,4,11,16.157453102453097,Random Forest,-5.157453102453097,5.157453102453097
2026-04-07 01:00:00,2026-04-07,1,1,4,8,6.354281313081905,Random Forest,1.6457186869180953,1.6457186869180953
2026-04-07 02:00:00,2026-04-07,2,1,4,7,6.151599133401038,Random Forest,0.8484008665989622,0.8484008665989622
2026-04-07 03:00:00,2026-04-07,3,1,4,1,2.688375990664767,Random Forest,-1.6883759906647668,1.6883759906647668
2026-04-07 04:00:00,2026-04-07,4,1,4,16,13.986156243324428,Random Forest,2.0138437566755716,2.0138437566755716
2026-04-07 05:00:00,2026-04-07,5,1,4,32,33.58981940442308,Random Forest,-1.589819404423082,1.589819404423082
2026-04-07 06:00:00,2026-04-07,6,1,4,88,86.66688077200577,Random Forest,1.3331192279942314,1.3331192279942314
2026-04-07 07:00:00,2026-04-07,7,1,4,194,188.67153787878783,Random Forest,5.328462121212169,5.328462121212169
2026-04-07 08:00:00,2026-04-07,8,1,4,246,236.1329133644134,Random Forest,9.867086635586588,9.867086635586588
2026-04-07 09:00:00,2026-04-07,9,1,4,104,107.92860431235427,Random Forest,-3.928604312354267,3.928604312354267
2026-04-07 10:00:00,2026-04-07,10,1,4,84,83.57861616161617,Random Forest,0.4213838383838322,0.4213838383838322
2026-04-07 11:00:00,2026-04-07,11,1,4,106,100.47992442325685,Random Forest,5.520075576743153,5.520075576743153
2026-04-07 12:00:00,2026-04-07,12,1,4,87,98.21435559416918,Random Forest,-11.214355594169177,11.214355594169177
2026-04-07 13:00:00,2026-04-07,13,1,4,97,98.8280234211303,Random Forest,-1.8280234211302968,1.8280234211302968
2026-04-07 14:00:00,2026-04-07,14,1,4,107,108.04083044998822,Random Forest,-1.0408304499882206,1.0408304499882206
2026-04-07 15:00:00,2026-04-07,15,1,4,129,133.74776573928935,Random Forest,-4.747765739289349,4.747765739289349
2026-04-07 16:00:00,2026-04-07,16,1,4,156,171.83708899433904,Random Forest,-15.837088994339041,15.837088994339041
2026-04-07 17:00:00,2026-04-07,17,1,4,305,275.78506547619054,Random Forest,29.21493452380946,29.21493452380946
2026-04-07 18:00:00,2026-04-07,18,1,4,282,288.3558115079365,Random Forest,-6.355811507936494,6.355811507936494
2026-04-07 19:00:00,2026-04-07,19,1,4,181,185.93910407647908,Random Forest,-4.939104076479083,4.939104076479083
2026-04-07 20:00:00,2026-04-07,20,1,4,121,142.24888293650795,Random Forest,-21.248882936507954,21.248882936507954
2026-04-07 21:00:00,2026-04-07,21,1,4,69,84.43442460317456,Random Forest,-15.434424603174563,15.434424603174563
2026-04-07 22:00:00,2026-04-07,22,1,4,47,51.53542099567098,Random Forest,-4.535420995670982,4.535420995670982
2026-04-07 23:00:00,2026-04-07,23,1,4,18,29.129794153945483,Random Forest,-11.129794153945483,11.129794153945483
2026-04-08 00:00:00,2026-04-08,0,2,4,12,11.585406179295124,Random Forest,0.4145938207048765,0.4145938207048765
2026-04-08 01:00:00,2026-04-08,1,2,4,4,6.631305169925849,Random Forest,-2.6313051699258487,2.6313051699258487
2026-04-08 02:00:00,2026-04-08,2,2,4,5,5.809018406398671,Random Forest,-0.8090184063986712,0.8090184063986712
2026-04-08 03:00:00,2026-04-08,3,2,4,2,3.4956552978792725,Random Forest,-1.4956552978792725,1.4956552978792725
2026-04-08 04:00:00,2026-04-08,4,2,4,12,10.589651981953532,Random Forest,1.4103480180464683,1.4103480180464683
2026-04-08 05:00:00,2026-04-08,5,2,4,28,34.410694014032586,Random Forest,-6.410694014032586,6.410694014032586
2026-04-08 06:00:00,2026-04-08,6,2,4,87,89.82351064213563,Random Forest,-2.8235106421356306,2.8235106421356306
2026-04-08 07:00:00,2026-04-08,7,2,4,177,183.8428612914862,Random Forest,-6.8428612914862015,6.8428612914862015
2026-04-08 08:00:00,2026-04-08,8,2,4,204,224.95656385281407,Random Forest,-20.95656385281407,20.95656385281407
2026-04-08 09:00:00,2026-04-08,9,2,4,93,100.01720475235547,Random Forest,-7.017204752355468,7.017204752355468
2026-04-08 10:00:00,2026-04-08,10,2,4,89,93.99927954971285,Random Forest,-4.999279549712853,4.999279549712853
2026-04-08 11:00:00,2026-04-08,11,2,4,83,92.70030470184024,Random Forest,-9.700304701840238,9.700304701840238
2026-04-08 12:00:00,2026-04-08,12,2,4,103,97.33387338086966,Random Forest,5.666126619130338,5.666126619130338
2026-04-08 13:00:00,2026-04-08,13,2,4,101,102.11792267847315,Random Forest,-1.1179226784731497,1.1179226784731497
2026-04-08 14:00:00,2026-04-08,14,2,4,108,107.96658405388993,Random Forest,0.03341594611006826,0.03341594611006826
2026-04-08 15:00:00,2026-04-08,15,2,4,123,129.6007848590585,Random Forest,-6.600784859058507,6.600784859058507
2026-04-08 16:00:00,2026-04-08,16,2,4,160,161.54473015873015,Random Forest,-1.5447301587301467,1.5447301587301467
2026-04-08 17:00:00,2026-04-08,17,2,4,308,286.90884704184714,Random Forest,21.09115295815286,21.09115295815286
2026-04-08 18:00:00,2026-04-08,18,2,4,271,272.42523015873013,Random Forest,-1.4252301587301304,1.4252301587301304
2026-04-08 19:00:00,2026-04-08,19,2,4,176,179.30956168831165,Random Forest,-3.3095616883116463,3.3095616883116463
2026-04-08 20:00:00,2026-04-08,20,2,4,110,119.2151825800833,Random Forest,-9.215182580083294,9.215182580083294
2026-04-08 21:00:00,2026-04-08,21,2,4,78,79.94903042790544,Random Forest,-1.9490304279054413,1.9490304279054413
2026-04-08 22:00:00,2026-04-08,22,2,4,60,56.178932539682535,Random Forest,3.8210674603174652,3.8210674603174652
2026-04-08 23:00:00,2026-04-08,23,2,4,33,33.03953012265512,Random Forest,-0.03953012265512257,0.03953012265512257
2026-04-09 00:00:00,2026-04-09,0,3,4,11,11.665367243867243,Random Forest,-0.6653672438672427,0.6653672438672427
2026-04-09 01:00:00,2026-04-09,1,3,4,3,5.039913200915795,Random Forest,-2.0399132009157954,2.0399132009157954
2026-04-09 02:00:00,2026-04-09,2,3,4,6,4.614637949029872,Random Forest,1.3853620509701283,1.3853620509701283
2026-04-09 03:00:00,2026-04-09,3,3,4,3,3.179432610357244,Random Forest,-0.17943261035724412,0.17943261035724412
2026-04-09 04:00:00,2026-04-09,4,3,4,13,10.199093613900812,Random Forest,2.8009063860991876,2.8009063860991876
2026-04-09 05:00:00,2026-04-09,5,3,4,42,36.25661785828534,Random Forest,5.743382141714662,5.743382141714662
2026-04-09 06:00:00,2026-04-09,6,3,4,87,86.63432846320347,Random Forest,0.3656715367965262,0.3656715367965262
2026-04-09 07:00:00,2026-04-09,7,3,4,170,171.77847276334782,Random Forest,-1.7784727633478212,1.7784727633478212
2026-04-09 08:00:00,2026-04-09,8,3,4,225,217.83973033910542,Random Forest,7.160269660894585,7.160269660894585
2026-04-09 09:00:00,2026-04-09,9,3,4,121,114.80542972582965,Random Forest,6.194570274170346,6.194570274170346
2026-04-09 10:00:00,2026-04-09,10,3,4,72,82.98577093596059,Random Forest,-10.985770935960588,10.985770935960588
2026-04-09 11:00:00,2026-04-09,11,3,4,85,84.16245970881236,Random Forest,0.8375402911876364,0.8375402911876364
2026-04-09 12:00:00,2026-04-09,12,3,4,100,97.77417705041154,Random Forest,2.225822949588462,2.225822949588462
2026-04-09 13:00:00,2026-04-09,13,3,4,89,97.97832018069067,Random Forest,-8.978320180690673,8.978320180690673
2026-04-09 14:00:00,2026-04-09,14,3,4,96,97.7636096968991,Random Forest,-1.7636096968990955,1.7636096968990955
2026-04-09 15:00:00,2026-04-09,15,3,4,156,139.71676369150063,Random Forest,16.28323630849937,16.28323630849937
2026-04-09 16:00:00,2026-04-09,16,3,4,180,179.48419608899871,Random Forest,0.5158039110012851,0.5158039110012851
2026-04-09 17:00:00,2026-04-09,17,3,4,271,268.1444731240983,Random Forest,2.8555268759017167,2.8555268759017167
2026-04-09 18:00:00,2026-04-09,18,3,4,297,283.1769522005771,Random Forest,13.823047799422909,13.823047799422909
2026-04-09 19:00:00,2026-04-09,19,3,4,162,182.50133567821067,Random Forest,-20.501335678210665,20.501335678210665
2026-04-09 20:00:00,2026-04-09,20,3,4,121,117.42288619570085,Random Forest,3.5771138042991453,3.5771138042991453
2026-04-09 21:00:00,2026-04-09,21,3,4,68,79.88532106782108,Random Forest,-11.885321067821081,11.885321067821081
2026-04-09 22:00:00,2026-04-09,22,3,4,62,56.93647925685429,Random Forest,5.063520743145709,5.063520743145709
2026-04-09 23:00:00,2026-04-09,23,3,4,44,41.410691378066375,Random Forest,2.5893086219336254,2.5893086219336254
2026-04-10 00:00:00,2026-04-10,0,4,4,23,22.271561507936518,Random Forest,0.7284384920634821,0.7284384920634821
2026-04-10 01:00:00,2026-04-10,1,4,4,12,10.214672791580403,Random Forest,1.7853272084195968,1.7853272084195968
2026-04-10 02:00:00,2026-04-10,2,4,4,4,4.964716441306131,Random Forest,-0.9647164413061313,0.9647164413061313
2026-04-10 03:00:00,2026-04-10,3,4,4,6,5.226114078665218,Random Forest,0.7738859213347817,0.7738859213347817
2026-04-10 04:00:00,2026-04-10,4,4,4,9,9.557275063247827,Random Forest,-0.5572750632478272,0.5572750632478272
2026-04-10 05:00:00,2026-04-10,5,4,4,32,29.394643755629858,Random Forest,2.6053562443701423,2.6053562443701423
2026-04-10 06:00:00,2026-04-10,6,4,4,82,79.97384920634923,Random Forest,2.026150793650771,2.026150793650771
2026-04-10 07:00:00,2026-04-10,7,4,4,154,150.5619285714286,Random Forest,3.4380714285713907,3.4380714285713907
2026-04-10 08:00:00,2026-04-10,8,4,4,155,163.28878282828282,Random Forest,-8.28878282828282,8.28878282828282
2026-04-10 09:00:00,2026-04-10,9,4,4,123,119.3871573521759,Random Forest,3.6128426478240954,3.6128426478240954
2026-04-10 10:00:00,2026-04-10,10,4,4,94,100.16773412698416,Random Forest,-6.167734126984158,6.167734126984158
2026-04-10 11:00:00,2026-04-10,11,4,4,131,122.22361198504835,Random Forest,8.77638801495165,8.77638801495165
2026-04-10 12:00:00,2026-04-10,12,4,4,149,152.45424250749255,Random Forest,-3.454242507492552,3.454242507492552
2026-04-10 13:00:00,2026-04-10,13,4,4,146,150.32029202741703,Random Forest,-4.320292027417025,4.320292027417025
2026-04-10 14:00:00,2026-04-10,14,4,4,163,164.19573611111116,Random Forest,-1.1957361111111595,1.1957361111111595
2026-04-10 15:00:00,2026-04-10,15,4,4,224,211.39826695526702,Random Forest,12.601733044732981,12.601733044732981
2026-04-10 16:00:00,2026-04-10,16,4,4,232,225.8121893939394,Random Forest,6.187810606060594,6.187810606060594
2026-04-10 17:00:00,2026-04-10,17,4,4,318,295.028556998557,Random Forest,22.971443001442992,22.971443001442992
2026-04-10 18:00:00,2026-04-10,18,4,4,234,260.6484206349207,Random Forest,-26.648420634920683,26.648420634920683
2026-04-10 19:00:00,2026-04-10,19,4,4,186,186.8186686507937,Random Forest,-0.8186686507937111,0.8186686507937111
2026-04-10 20:00:00,2026-04-10,20,4,4,136,138.01559131840386,Random Forest,-2.015591318403864,2.015591318403864
2026-04-10 21:00:00,2026-04-10,21,4,4,124,113.4264543650794,Random Forest,10.573545634920606,10.573545634920606
2026-04-10 22:00:00,2026-04-10,22,4,4,100,100.11931349206355,Random Forest,-0.11931349206355435,0.11931349206355435
2026-04-10 23:00:00,2026-04-10,23,4,4,78,77.2795993867244,Random Forest,0.7204006132756007,0.7204006132756007
2026-04-11 00:00:00,2026-04-11,0,5,4,56,56.789163517038475,Random Forest,-0.7891635170384745,0.7891635170384745
2026-04-11 01:00:00,2026-04-11,1,5,4,31,35.26964213564215,Random Forest,-4.269642135642151,4.269642135642151
2026-04-11 02:00:00,2026-04-11,2,5,4,24,27.13999044011544,Random Forest,-3.13999044011544,3.13999044011544
2026-04-11 03:00:00,2026-04-11,3,5,4,14,15.724347287516402,Random Forest,-1.7243472875164017,1.7243472875164017
2026-04-11 04:00:00,2026-04-11,4,5,4,13,10.825547222797526,Random Forest,2.1744527772024735,2.1744527772024735
2026-04-11 05:00:00,2026-04-11,5,5,4,11,12.617649891774889,Random Forest,-1.6176498917748887,1.6176498917748887
2026-04-11 06:00:00,2026-04-11,6,5,4,17,23.388966324532262,Random Forest,-6.388966324532262,6.388966324532262
2026-04-11 07:00:00,2026-04-11,7,5,4,67,56.55876490878402,Random Forest,10.44123509121598,10.44123509121598
2026-04-11 08:00:00,2026-04-11,8,5,4,121,112.12926957601223,Random Forest,8.870730423987766,8.870730423987766
2026-04-11 09:00:00,2026-04-11,9,5,4,137,135.55271030358526,Random Forest,1.4472896964147424,1.4472896964147424
2026-04-11 10:00:00,2026-04-11,10,5,4,170,165.02337301587298,Random Forest,4.976626984127023,4.976626984127023
2026-04-11 11:00:00,2026-04-11,11,5,4,205,205.22031944444447,Random Forest,-0.2203194444444705,0.2203194444444705
2026-04-11 12:00:00,2026-04-11,12,5,4,249,231.73465657953156,Random Forest,17.26534342046844,17.26534342046844
2026-04-11 13:00:00,2026-04-11,13,5,4,248,240.0146423160173,Random Forest,7.9853576839826985,7.9853576839826985
2026-04-11 14:00:00,2026-04-11,14,5,4,218,229.16611165223668,Random Forest,-11.16611165223668,11.16611165223668
2026-04-11 15:00:00,2026-04-11,15,5,4,226,221.22416355866363,Random Forest,4.7758364413363665,4.7758364413363665
2026-04-11 16:00:00,2026-04-11,16,5,4,238,223.85298805361307,Random Forest,14.147011946386925,14.147011946386925
2026-04-11 17:00:00,2026-04-11,17,5,4,212,220.55641321178817,Random Forest,-8.556413211788168,8.556413211788168
2026-04-11 18:00:00,2026-04-11,18,5,4,185,182.9200542790543,Random Forest,2.0799457209456875,2.0799457209456875
2026-04-11 19:00:00,2026-04-11,19,5,4,167,165.75749729437229,Random Forest,1.2425027056277145,1.2425027056277145
2026-04-11 20:00:00,2026-04-11,20,5,4,100,114.67111568694465,Random Forest,-14.671115686944646,14.671115686944646
2026-04-11 21:00:00,2026-04-11,21,5,4,88,80.60598015873018,Random Forest,7.394019841269824,7.394019841269824
2026-04-11 22:00:00,2026-04-11,22,5,4,75,75.67494155844157,Random Forest,-0.6749415584415743,0.6749415584415743
2026-04-11 23:00:00,2026-04-11,23,5,4,56,57.42535515873014,Random Forest,-1.4253551587301416,1.4253551587301416
2026-04-12 00:00:00,2026-04-12,0,6,4,54,49.08750270562769,Random Forest,4.912497294372308,4.912497294372308
2026-04-12 01:00:00,2026-04-12,1,6,4,39,39.14368996305418,Random Forest,-0.1436899630541788,0.1436899630541788
2026-04-12 02:00:00,2026-04-12,2,6,4,36,28.58042760735433,Random Forest,7.419572392645669,7.419572392645669
2026-04-12 03:00:00,2026-04-12,3,6,4,16,16.360193001442994,Random Forest,-0.36019300144299393,0.36019300144299393
2026-04-12 04:00:00,2026-04-12,4,6,4,7,9.043380805881112,Random Forest,-2.043380805881112,2.043380805881112
2026-04-12 05:00:00,2026-04-12,5,6,4,10,9.46810375299919,Random Forest,0.5318962470008106,0.5318962470008106
2026-04-12 06:00:00,2026-04-12,6,6,4,21,14.943039470990511,Random Forest,6.056960529009489,6.056960529009489
2026-04-12 07:00:00,2026-04-12,7,6,4,36,37.36216023485124,Random Forest,-1.3621602348512383,1.3621602348512383
2026-04-12 08:00:00,2026-04-12,8,6,4,74,70.21955573593074,Random Forest,3.78044426406926,3.78044426406926
2026-04-12 09:00:00,2026-04-12,9,6,4,113,105.98625806048094,Random Forest,7.013741939519065,7.013741939519065
2026-04-12 10:00:00,2026-04-12,10,6,4,139,135.9211534299034,Random Forest,3.0788465700966015,3.0788465700966015
2026-04-12 11:00:00,2026-04-12,11,6,4,175,161.74018697311456,Random Forest,13.259813026885439,13.259813026885439
2026-04-12 12:00:00,2026-04-12,12,6,4,246,209.44799801587303,Random Forest,36.552001984126974,36.552001984126974
2026-04-12 13:00:00,2026-04-12,13,6,4,178,202.87193915343917,Random Forest,-24.871939153439172,24.871939153439172
2026-04-12 14:00:00,2026-04-12,14,6,4,224,206.37720141895156,Random Forest,17.622798581048443,17.622798581048443
2026-04-12 15:00:00,2026-04-12,15,6,4,191,199.30742995430498,Random Forest,-8.307429954304979,8.307429954304979
2026-04-12 16:00:00,2026-04-12,16,6,4,177,182.5150720899471,Random Forest,-5.515072089947097,5.515072089947097
2026-04-12 17:00:00,2026-04-12,17,6,4,145,164.08848009860506,Random Forest,-19.08848009860506,19.08848009860506
2026-04-12 18:00:00,2026-04-12,18,6,4,118,120.86999350649347,Random Forest,-2.869993506493472,2.869993506493472
2026-04-12 19:00:00,2026-04-12,19,6,4,112,107.80574242424244,Random Forest,4.194257575757561,4.194257575757561
2026-04-12 20:00:00,2026-04-12,20,6,4,74,79.90476262626265,Random Forest,-5.904762626262652,5.904762626262652
2026-04-12 21:00:00,2026-04-12,21,6,4,41,47.46377777777782,Random Forest,-6.463777777777821,6.463777777777821
2026-04-12 22:00:00,2026-04-12,22,6,4,27,30.47025992063495,Random Forest,-3.4702599206349483,3.4702599206349483
2026-04-12 23:00:00,2026-04-12,23,6,4,30,25.584882936507938,Random Forest,4.415117063492062,4.415117063492062
2026-04-13 00:00:00,2026-04-13,0,0,4,12,19.207738095238096,Random Forest,-7.207738095238096,7.207738095238096
2026-04-13 01:00:00,2026-04-13,1,0,4,6,7.301145571098054,Random Forest,-1.3011455710980542,1.3011455710980542
2026-04-13 02:00:00,2026-04-13,2,0,4,5,5.700112422134051,Random Forest,-0.7001124221340511,0.7001124221340511
2026-04-13 03:00:00,2026-04-13,3,0,4,0,2.237133721670487,Random Forest,-2.237133721670487,2.237133721670487
2026-04-13 04:00:00,2026-04-13,4,0,4,10,10.000589590964587,Random Forest,-0.0005895909645872166,0.0005895909645872166
2026-04-13 05:00:00,2026-04-13,5,0,4,37,34.615345680619264,Random Forest,2.3846543193807364,2.3846543193807364
2026-04-13 06:00:00,2026-04-13,6,0,4,99,94.47706277056277,Random Forest,4.5229372294372325,4.5229372294372325
2026-04-13 07:00:00,2026-04-13,7,0,4,194,190.58318704906208,Random Forest,3.416812950937924,3.416812950937924
2026-04-13 08:00:00,2026-04-13,8,0,4,214,184.7295624098123,Random Forest,29.270437590187697,29.270437590187697
2026-04-13 09:00:00,2026-04-13,9,0,4,87,104.57046507936506,Random Forest,-17.570465079365064,17.570465079365064
2026-04-13 10:00:00,2026-04-13,10,0,4,88,94.37992162698409,Random Forest,-6.3799216269840855,6.3799216269840855
2026-04-13 11:00:00,2026-04-13,11,0,4,84,92.0800320413136,Random Forest,-8.0800320413136,8.0800320413136
2026-04-13 12:00:00,2026-04-13,12,0,4,112,106.98547995676367,Random Forest,5.014520043236331,5.014520043236331
2026-04-13 13:00:00,2026-04-13,13,0,4,144,136.62641884485194,Random Forest,7.3735811551480595,7.3735811551480595
2026-04-13 14:00:00,2026-04-13,14,0,4,186,165.00617424242424,Random Forest,20.993825757575763,20.993825757575763
2026-04-13 15:00:00,2026-04-13,15,0,4,160,194.0562052669553,Random Forest,-34.05620526695529,34.05620526695529
2026-04-13 16:00:00,2026-04-13,16,0,4,229,208.9585674603174,Random Forest,20.041432539682603,20.041432539682603
2026-04-13 17:00:00,2026-04-13,17,0,4,357,302.37806259018765,Random Forest,54.62193740981235,54.62193740981235
2026-04-13 18:00:00,2026-04-13,18,0,4,299,303.86868253968254,Random Forest,-4.868682539682538,4.868682539682538
2026-04-13 19:00:00,2026-04-13,19,0,4,248,224.9648416305916,Random Forest,23.035158369408407,23.035158369408407
2026-04-13 20:00:00,2026-04-13,20,0,4,166,155.0800915057165,Random Forest,10.919908494283504,10.919908494283504
2026-04-13 21:00:00,2026-04-13,21,0,4,93,105.41451984126981,Random Forest,-12.414519841269808,12.414519841269808
2026-04-13 22:00:00,2026-04-13,22,0,4,58,59.49249206349205,Random Forest,-1.492492063492051,1.492492063492051
2026-04-13 23:00:00,2026-04-13,23,0,4,23,30.045093253968254,Random Forest,-7.045093253968254,7.045093253968254
2026-04-14 00:00:00,2026-04-14,0,1,4,27,19.243525573602295,Random Forest,7.7564744263977055,7.7564744263977055
2026-04-14 01:00:00,2026-04-14,1,1,4,11,11.963639790764784,Random Forest,-0.963639790764784,0.963639790764784
2026-04-14 02:00:00,2026-04-14,2,1,4,9,7.19442748792808,Random Forest,1.8055725120719197,1.8055725120719197
2026-04-14 03:00:00,2026-04-14,3,1,4,1,3.228328724813719,Random Forest,-2.228328724813719,2.228328724813719
2026-04-14 04:00:00,2026-04-14,4,1,4,14,14.040506610348721,Random Forest,-0.040506610348721495,0.040506610348721495
2026-04-14 05:00:00,2026-04-14,5,1,4,44,39.428978894361364,Random Forest,4.571021105638636,4.571021105638636
2026-04-14 06:00:00,2026-04-14,6,1,4,130,125.61483351370855,Random Forest,4.385166486291453,4.385166486291453
2026-04-14 07:00:00,2026-04-14,7,1,4,262,240.66807936507928,Random Forest,21.33192063492072,21.33192063492072
2026-04-14 08:00:00,2026-04-14,8,1,4,272,272.5491300505051,Random Forest,-0.5491300505050845,0.5491300505050845
2026-04-14 09:00:00,2026-04-14,9,1,4,111,119.0696130952381,Random Forest,-8.069613095238097,8.069613095238097
2026-04-14 10:00:00,2026-04-14,10,1,4,97,98.18248909423913,Random Forest,-1.1824890942391306,1.1824890942391306
2026-04-14 11:00:00,2026-04-14,11,1,4,102,104.08628345635323,Random Forest,-2.086283456353229,2.086283456353229
2026-04-14 12:00:00,2026-04-14,12,1,4,105,103.29098484596621,Random Forest,1.7090151540337928,1.7090151540337928
2026-04-14 13:00:00,2026-04-14,13,1,4,116,113.32829391777915,Random Forest,2.671706082220851,2.671706082220851
2026-04-14 14:00:00,2026-04-14,14,1,4,134,141.45222934173668,Random Forest,-7.4522293417366825,7.4522293417366825
2026-04-14 15:00:00,2026-04-14,15,1,4,203,189.69804317247082,Random Forest,13.301956827529182,13.301956827529182
2026-04-14 16:00:00,2026-04-14,16,1,4,258,243.63802380952376,Random Forest,14.361976190476241,14.361976190476241
2026-04-14 17:00:00,2026-04-14,17,1,4,440,396.59906637806625,Random Forest,43.400933621933746,43.400933621933746
2026-04-14 18:00:00,2026-04-14,18,1,4,407,368.15800468975476,Random Forest,38.84199531024524,38.84199531024524
2026-04-14 19:00:00,2026-04-14,19,1,4,263,256.99871428571436,Random Forest,6.001285714285643,6.001285714285643
2026-04-14 20:00:00,2026-04-14,20,1,4,187,175.91963365800865,Random Forest,11.08036634199135,11.08036634199135
2026-04-14 21:00:00,2026-04-14,21,1,4,125,129.80146626984126,Random Forest,-4.8014662698412565,4.8014662698412565
2026-04-14 22:00:00,2026-04-14,22,1,4,68,71.0992968975469,Random Forest,-3.099296897546907,3.099296897546907
2026-04-14 23:00:00,2026-04-14,23,1,4,35,34.159816017316004,Random Forest,0.8401839826839961,0.8401839826839961
2026-04-15 00:00:00,2026-04-15,0,2,4,16,19.607375,Random Forest,-3.607375000000001,3.607375000000001
2026-04-15 01:00:00,2026-04-15,1,2,4,16,11.171997374660481,Random Forest,4.8280026253395185,4.8280026253395185
2026-04-15 02:00:00,2026-04-15,2,2,4,6,8.3064141261189,Random Forest,-2.3064141261189004,2.3064141261189004
2026-04-15 03:00:00,2026-04-15,3,2,4,9,5.966352152999651,Random Forest,3.033647847000349,3.033647847000349
2026-04-15 04:00:00,2026-04-15,4,2,4,15,13.919921199040584,Random Forest,1.0800788009594164,1.0800788009594164
2026-04-15 05:00:00,2026-04-15,5,2,4,50,43.91501928104577,Random Forest,6.0849807189542275,6.0849807189542275
2026-04-15 06:00:00,2026-04-15,6,2,4,132,127.02433279220786,Random Forest,4.975667207792142,4.975667207792142
2026-04-15 07:00:00,2026-04-15,7,2,4,236,222.86609000721512,Random Forest,13.13390999278488,13.13390999278488
2026-04-15 08:00:00,2026-04-15,8,2,4,329,301.37629563492067,Random Forest,27.623704365079334,27.623704365079334
2026-04-15 09:00:00,2026-04-15,9,2,4,147,139.6399556277057,Random Forest,7.360044372294311,7.360044372294311
2026-04-15 10:00:00,2026-04-15,10,2,4,103,107.24462140493604,Random Forest,-4.244621404936041,4.244621404936041
2026-04-15 11:00:00,2026-04-15,11,2,4,117,109.97859889131422,Random Forest,7.0214011086857795,7.0214011086857795
2026-04-15 12:00:00,2026-04-15,12,2,4,132,123.13456456471751,Random Forest,8.865435435282492,8.865435435282492
2026-04-15 13:00:00,2026-04-15,13,2,4,108,118.482561966009,Random Forest,-10.482561966009001,10.482561966009001
2026-04-15 14:00:00,2026-04-15,14,2,4,161,137.1649351856577,Random Forest,23.835064814342303,23.835064814342303
2026-04-15 15:00:00,2026-04-15,15,2,4,183,186.53642520710284,Random Forest,-3.5364252071028375,3.5364252071028375
2026-04-15 16:00:00,2026-04-15,16,2,4,231,238.86193849206356,Random Forest,-7.861938492063558,7.861938492063558
2026-04-15 17:00:00,2026-04-15,17,2,4,419,392.42672528860027,Random Forest,26.573274711399733,26.573274711399733
2026-04-15 18:00:00,2026-04-15,18,2,4,409,388.7479650072149,Random Forest,20.252034992785127,20.252034992785127
2026-04-15 19:00:00,2026-04-15,19,2,4,270,264.94388293650803,Random Forest,5.056117063491968,5.056117063491968
2026-04-15 20:00:00,2026-04-15,20,2,4,213,204.48132341269843,Random Forest,8.51867658730157,8.51867658730157
2026-04-15 21:00:00,2026-04-15,21,2,4,144,143.04379838217338,Random Forest,0.9562016178266219,0.9562016178266219
2026-04-15 22:00:00,2026-04-15,22,2,4,99,96.66122224997221,Random Forest,2.3387777500277878,2.3387777500277878
2026-04-15 23:00:00,2026-04-15,23,2,4,51,55.57471230158733,Random Forest,-4.574712301587333,4.574712301587333
2026-04-16 00:00:00,2026-04-16,0,3,4,39,30.629389147688062,Random Forest,8.370610852311938,8.370610852311938
2026-04-16 01:00:00,2026-04-16,1,3,4,17,17.365498556998556,Random Forest,-0.36549855699855627,0.36549855699855627
2026-04-16 02:00:00,2026-04-16,2,3,4,7,7.64967443772702,Random Forest,-0.64967443772702,0.64967443772702
2026-04-16 03:00:00,2026-04-16,3,3,4,2,4.306021281576388,Random Forest,-2.3060212815763883,2.3060212815763883
2026-04-16 04:00:00,2026-04-16,4,3,4,17,13.721356031568781,Random Forest,3.2786439684312185,3.2786439684312185
2026-04-16 05:00:00,2026-04-16,5,3,4,47,45.66509016645118,Random Forest,1.3349098335488208,1.3349098335488208
2026-04-16 06:00:00,2026-04-16,6,3,4,121,123.9135932539683,Random Forest,-2.913593253968301,2.913593253968301
2026-04-16 07:00:00,2026-04-16,7,3,4,267,233.63347222222234,Random Forest,33.36652777777766,33.36652777777766
2026-04-16 08:00:00,2026-04-16,8,3,4,288,299.53025992063493,Random Forest,-11.530259920634933,11.530259920634933
2026-04-16 09:00:00,2026-04-16,9,3,4,157,153.24540584415593,Random Forest,3.7545941558440745,3.7545941558440745
2026-04-16 10:00:00,2026-04-16,10,3,4,113,111.59283569065032,Random Forest,1.4071643093496817,1.4071643093496817
2026-04-16 11:00:00,2026-04-16,11,3,4,127,122.75743920295389,Random Forest,4.24256079704611,4.24256079704611
2026-04-16 12:00:00,2026-04-16,12,3,4,147,139.05414400183156,Random Forest,7.94585599816844,7.94585599816844
2026-04-16 13:00:00,2026-04-16,13,3,4,160,143.72103647741142,Random Forest,16.278963522588583,16.278963522588583
2026-04-16 14:00:00,2026-04-16,14,3,4,150,153.71855866355864,Random Forest,-3.718558663558639,3.718558663558639
2026-04-16 15:00:00,2026-04-16,15,3,4,207,194.31275025705287,Random Forest,12.687249742947131,12.687249742947131
2026-04-16 16:00:00,2026-04-16,16,3,4,264,246.64334920634917,Random Forest,17.35665079365083,17.35665079365083
2026-04-16 17:00:00,2026-04-16,17,3,4,413,396.83082539682545,Random Forest,16.169174603174554,16.169174603174554
2026-04-16 18:00:00,2026-04-16,18,3,4,429,405.97383603896094,Random Forest,23.02616396103906,23.02616396103906
2026-04-16 19:00:00,2026-04-16,19,3,4,275,270.8653075396826,Random Forest,4.13469246031741,4.13469246031741
2026-04-16 20:00:00,2026-04-16,20,3,4,226,211.80101785714282,Random Forest,14.198982142857176,14.198982142857176
2026-04-16 21:00:00,2026-04-16,21,3,4,157,155.9097035048286,Random Forest,1.0902964951714011,1.0902964951714011
2026-04-16 22:00:00,2026-04-16,22,3,4,97,104.89705745643244,Random Forest,-7.897057456432435,7.897057456432435
2026-04-16 23:00:00,2026-04-16,23,3,4,102,79.01941071428575,Random Forest,22.980589285714245,22.980589285714245
2026-04-17 00:00:00,2026-04-17,0,4,4,35,53.409611111111104,Random Forest,-18.409611111111104,18.409611111111104
2026-04-17 01:00:00,2026-04-17,1,4,4,11,15.235421176046177,Random Forest,-4.235421176046177,4.235421176046177
2026-04-17 02:00:00,2026-04-17,2,4,4,20,12.469031300163167,Random Forest,7.5309686998368335,7.5309686998368335
2026-04-17 03:00:00,2026-04-17,3,4,4,5,7.681840728715728,Random Forest,-2.681840728715728,2.681840728715728
2026-04-17 04:00:00,2026-04-17,4,4,4,16,13.385886349902789,Random Forest,2.6141136500972113,2.6141136500972113
2026-04-17 05:00:00,2026-04-17,5,4,4,32,34.817804080999984,Random Forest,-2.8178040809999843,2.8178040809999843
2026-04-17 06:00:00,2026-04-17,6,4,4,109,101.0600059523809,Random Forest,7.939994047619095,7.939994047619095
2026-04-17 07:00:00,2026-04-17,7,4,4,196,200.50693506493505,Random Forest,-4.50693506493505,4.50693506493505
2026-04-17 08:00:00,2026-04-17,8,4,4,235,240.56571428571425,Random Forest,-5.56571428571425,5.56571428571425
2026-04-17 09:00:00,2026-04-17,9,4,4,160,158.46317406204912,Random Forest,1.53682593795088,1.53682593795088
2026-04-17 10:00:00,2026-04-17,10,4,4,142,136.47789700577198,Random Forest,5.522102994228021,5.522102994228021
2026-04-17 11:00:00,2026-04-17,11,4,4,174,161.35954548229552,Random Forest,12.640454517704484,12.640454517704484
2026-04-17 12:00:00,2026-04-17,12,4,4,186,181.3422003968254,Random Forest,4.657799603174595,4.657799603174595
2026-04-17 13:00:00,2026-04-17,13,4,4,195,191.1166309523809,Random Forest,3.8833690476191123,3.8833690476191123
2026-04-17 14:00:00,2026-04-17,14,4,4,146,168.0023630952381,Random Forest,-22.00236309523811,22.00236309523811
2026-04-17 15:00:00,2026-04-17,15,4,4,192,193.9919431818181,Random Forest,-1.991943181818101,1.991943181818101
2026-04-17 16:00:00,2026-04-17,16,4,4,216,223.8805873015872,Random Forest,-7.880587301587212,7.880587301587212
2026-04-17 17:00:00,2026-04-17,17,4,4,335,359.16137499999996,Random Forest,-24.161374999999964,24.161374999999964
2026-04-17 18:00:00,2026-04-17,18,4,4,371,359.6644166666665,Random Forest,11.335583333333489,11.335583333333489
2026-04-17 19:00:00,2026-04-17,19,4,4,301,277.92856944444446,Random Forest,23.071430555555537,23.071430555555537
2026-04-17 20:00:00,2026-04-17,20,4,4,164,185.34878932178938,Random Forest,-21.348789321789383,21.348789321789383
2026-04-17 21:00:00,2026-04-17,21,4,4,158,141.04117150247413,Random Forest,16.95882849752587,16.95882849752587
2026-04-17 22:00:00,2026-04-17,22,4,4,179,144.6388293650794,Random Forest,34.3611706349206,34.3611706349206
2026-04-17 23:00:00,2026-04-17,23,4,4,100,119.95617857142852,Random Forest,-19.956178571428524,19.956178571428524
2026-04-18 00:00:00,2026-04-18,0,5,4,68,66.25433784271283,Random Forest,1.7456621572871711,1.7456621572871711
2026-04-18 01:00:00,2026-04-18,1,5,4,44,43.07166315628817,Random Forest,0.9283368437118327,0.9283368437118327
2026-04-18 02:00:00,2026-04-18,2,5,4,31,30.90562832517725,Random Forest,0.09437167482274944,0.09437167482274944
2026-04-18 03:00:00,2026-04-18,3,5,4,22,19.813686868686872,Random Forest,2.1863131313131277,2.1863131313131277
2026-04-18 04:00:00,2026-04-18,4,5,4,13,12.99851427045177,Random Forest,0.0014857295482304522,0.0014857295482304522
2026-04-18 05:00:00,2026-04-18,5,5,4,12,19.68075901875902,Random Forest,-7.680759018759019,7.680759018759019
2026-04-18 06:00:00,2026-04-18,6,5,4,27,30.444916391357182,Random Forest,-3.4449163913571823,3.4449163913571823
2026-04-18 07:00:00,2026-04-18,7,5,4,93,72.68148214285719,Random Forest,20.31851785714281,20.31851785714281
2026-04-18 08:00:00,2026-04-18,8,5,4,126,125.23000057603694,Random Forest,0.769999423963057,0.769999423963057
2026-04-18 09:00:00,2026-04-18,9,5,4,200,181.65694877344868,Random Forest,18.343051226551324,18.343051226551324
2026-04-18 10:00:00,2026-04-18,10,5,4,263,227.79293253968265,Random Forest,35.20706746031735,35.20706746031735
2026-04-18 11:00:00,2026-04-18,11,5,4,265,258.141123029748,Random Forest,6.858876970252027,6.858876970252027
2026-04-18 12:00:00,2026-04-18,12,5,4,259,256.84406621156614,Random Forest,2.155933788433856,2.155933788433856
2026-04-18 13:00:00,2026-04-18,13,5,4,256,255.34172295759788,Random Forest,0.6582770424021192,0.6582770424021192
2026-04-18 14:00:00,2026-04-18,14,5,4,263,258.12718525918535,Random Forest,4.872814740814647,4.872814740814647
2026-04-18 15:00:00,2026-04-18,15,5,4,234,246.406727106227,Random Forest,-12.40672710622701,12.40672710622701
2026-04-18 16:00:00,2026-04-18,16,5,4,262,254.66909668109673,Random Forest,7.3309033189032675,7.3309033189032675
2026-04-18 17:00:00,2026-04-18,17,5,4,265,264.85381074481063,Random Forest,0.14618925518936976,0.14618925518936976
2026-04-18 18:00:00,2026-04-18,18,5,4,215,247.79003693528682,Random Forest,-32.79003693528682,32.79003693528682
2026-04-18 19:00:00,2026-04-18,19,5,4,161,195.62926404151395,Random Forest,-34.62926404151395,34.62926404151395
2026-04-18 20:00:00,2026-04-18,20,5,4,107,119.4673594877345,Random Forest,-12.467359487734498,12.467359487734498
2026-04-18 21:00:00,2026-04-18,21,5,4,86,86.42297655122658,Random Forest,-0.42297655122658284,0.42297655122658284
2026-04-18 22:00:00,2026-04-18,22,5,4,68,70.7451130952381,Random Forest,-2.7451130952380964,2.7451130952380964
2026-04-18 23:00:00,2026-04-18,23,5,4,59,58.32108531746034,Random Forest,0.6789146825396628,0.6789146825396628
2026-04-19 00:00:00,2026-04-19,0,6,4,56,57.20830032467532,Random Forest,-1.2083003246753208,1.2083003246753208
2026-04-19 01:00:00,2026-04-19,1,6,4,37,42.83566738816739,Random Forest,-5.835667388167387,5.835667388167387
2026-04-19 02:00:00,2026-04-19,2,6,4,24,27.029270923520922,Random Forest,-3.0292709235209223,3.0292709235209223
2026-04-19 03:00:00,2026-04-19,3,6,4,5,10.189848137973138,Random Forest,-5.189848137973138,5.189848137973138
2026-04-19 04:00:00,2026-04-19,4,6,4,12,11.514959600341186,Random Forest,0.4850403996588142,0.4850403996588142
2026-04-19 05:00:00,2026-04-19,5,6,4,41,23.584733161357107,Random Forest,17.415266838642893,17.415266838642893
2026-04-19 06:00:00,2026-04-19,6,6,4,79,59.43579166666664,Random Forest,19.56420833333336,19.56420833333336
2026-04-19 07:00:00,2026-04-19,7,6,4,179,131.5888163780664,Random Forest,47.41118362193359,47.41118362193359
2026-04-19 08:00:00,2026-04-19,8,6,4,220,189.32026587301593,Random Forest,30.679734126984073,30.679734126984073
2026-04-19 09:00:00,2026-04-19,9,6,4,214,214.64481471306473,Random Forest,-0.6448147130647328,0.6448147130647328
2026-04-19 10:00:00,2026-04-19,10,6,4,256,239.27436523199015,Random Forest,16.725634768009854,16.725634768009854
2026-04-19 11:00:00,2026-04-19,11,6,4,212,227.34170253357743,Random Forest,-15.341702533577433,15.341702533577433
2026-04-19 12:00:00,2026-04-19,12,6,4,178,187.97726190476186,Random Forest,-9.97726190476186,9.97726190476186
2026-04-19 13:00:00,2026-04-19,13,6,4,134,169.3876666666667,Random Forest,-35.38766666666669,35.38766666666669
2026-04-19 14:00:00,2026-04-19,14,6,4,53,108.40054101454098,Random Forest,-55.40054101454098,55.40054101454098
2026-04-19 15:00:00,2026-04-19,15,6,4,55,63.38924801587301,Random Forest,-8.389248015873008,8.389248015873008
2026-04-19 16:00:00,2026-04-19,16,6,4,94,78.40977380952384,Random Forest,15.590226190476159,15.590226190476159
2026-04-19 17:00:00,2026-04-19,17,6,4,133,130.2502108585858,Random Forest,2.7497891414141975,2.7497891414141975
2026-04-19 18:00:00,2026-04-19,18,6,4,110,117.58621835839594,Random Forest,-7.586218358395939,7.586218358395939
2026-04-19 19:00:00,2026-04-19,19,6,4,111,105.67921428571428,Random Forest,5.320785714285719,5.320785714285719
2026-04-19 20:00:00,2026-04-19,20,6,4,83,85.94101388888889,Random Forest,-2.9410138888888895,2.9410138888888895
2026-04-19 21:00:00,2026-04-19,21,6,4,58,61.704382936507926,Random Forest,-3.704382936507926,3.704382936507926
2026-04-19 22:00:00,2026-04-19,22,6,4,39,41.60187254412255,Random Forest,-2.60187254412255,2.60187254412255
2026-04-19 23:00:00,2026-04-19,23,6,4,23,26.2069454887218,Random Forest,-3.2069454887218,3.2069454887218
2026-04-20 00:00:00,2026-04-20,0,0,4,13,13.881305555555555,Random Forest,-0.8813055555555547,0.8813055555555547
2026-04-20 01:00:00,2026-04-20,1,0,4,6,7.422358229507203,Random Forest,-1.4223582295072026,1.4223582295072026
2026-04-20 02:00:00,2026-04-20,2,0,4,6,5.876935331878265,Random Forest,0.12306466812173511,0.12306466812173511
2026-04-20 03:00:00,2026-04-20,3,0,4,4,3.492518227991683,Random Forest,0.5074817720083171,0.5074817720083171
2026-04-20 04:00:00,2026-04-20,4,0,4,13,12.932229432042035,Random Forest,0.06777056795796454,0.06777056795796454
2026-04-20 05:00:00,2026-04-20,5,0,4,31,33.69739609198428,Random Forest,-2.697396091984281,2.697396091984281
2026-04-20 06:00:00,2026-04-20,6,0,4,94,93.69191738816735,Random Forest,0.3080826118326456,0.3080826118326456
2026-04-20 07:00:00,2026-04-20,7,0,4,180,188.0683311688312,Random Forest,-8.068331168831207,8.068331168831207
2026-04-20 08:00:00,2026-04-20,8,0,4,177,202.0683172799423,Random Forest,-25.068317279942306,25.068317279942306
2026-04-20 09:00:00,2026-04-20,9,0,4,100,144.24255248917746,Random Forest,-44.242552489177456,44.242552489177456
2026-04-20 10:00:00,2026-04-20,10,0,4,90,94.8107854656112,Random Forest,-4.810785465611204,4.810785465611204
2026-04-20 11:00:00,2026-04-20,11,0,4,86,90.82503884138195,Random Forest,-4.825038841381954,4.825038841381954
2026-04-20 12:00:00,2026-04-20,12,0,4,107,104.34580718011868,Random Forest,2.6541928198813167,2.6541928198813167
2026-04-20 13:00:00,2026-04-20,13,0,4,76,92.74073882995427,Random Forest,-16.740738829954267,16.740738829954267
2026-04-20 14:00:00,2026-04-20,14,0,4,126,100.40231349206343,Random Forest,25.597686507936572,25.597686507936572
2026-04-20 15:00:00,2026-04-20,15,0,4,143,151.24334516751367,Random Forest,-8.243345167513667,8.243345167513667
2026-04-20 16:00:00,2026-04-20,16,0,4,194,190.31298989898994,Random Forest,3.6870101010100598,3.6870101010100598
2026-04-20 17:00:00,2026-04-20,17,0,4,318,287.94937896825394,Random Forest,30.05062103174606,30.05062103174606
2026-04-20 18:00:00,2026-04-20,18,0,4,262,281.84787716450205,Random Forest,-19.84787716450205,19.84787716450205
2026-04-20 19:00:00,2026-04-20,19,0,4,191,197.66058766233763,Random Forest,-6.660587662337633,6.660587662337633
2026-04-20 20:00:00,2026-04-20,20,0,4,124,139.0404226190476,Random Forest,-15.040422619047604,15.040422619047604
2026-04-20 21:00:00,2026-04-20,21,0,4,78,82.06810581085581,Random Forest,-4.068105810855812,4.068105810855812
2026-04-20 22:00:00,2026-04-20,22,0,4,46,49.37216107503609,Random Forest,-3.3721610750360895,3.3721610750360895
2026-04-20 23:00:00,2026-04-20,23,0,4,34,33.379502603676514,Random Forest,0.6204973963234863,0.6204973963234863
2026-04-21 00:00:00,2026-04-21,0,1,4,14,19.35862896825397,Random Forest,-5.358628968253971,5.358628968253971
2026-04-21 01:00:00,2026-04-21,1,1,4,4,5.655842536746155,Random Forest,-1.655842536746155,1.655842536746155
2026-04-21 02:00:00,2026-04-21,2,1,4,2,3.8768242521367524,Random Forest,-1.8768242521367524,1.8768242521367524
2026-04-21 03:00:00,2026-04-21,3,1,4,3,2.7877658245549277,Random Forest,0.21223417544507228,0.21223417544507228
2026-04-21 04:00:00,2026-04-21,4,1,4,18,15.446409638058931,Random Forest,2.553590361941069,2.553590361941069
2026-04-21 05:00:00,2026-04-21,5,1,4,34,35.73988385878107,Random Forest,-1.73988385878107,1.73988385878107
2026-04-21 06:00:00,2026-04-21,6,1,4,108,106.10347935397931,Random Forest,1.89652064602069,1.89652064602069
2026-04-21 07:00:00,2026-04-21,7,1,4,225,207.9388349567099,Random Forest,17.06116504329009,17.06116504329009
2026-04-21 08:00:00,2026-04-21,8,1,4,204,225.25719769119766,Random Forest,-21.25719769119766,21.25719769119766
2026-04-21 09:00:00,2026-04-21,9,1,4,102,100.04609108946607,Random Forest,1.9539089105339258,1.9539089105339258
2026-04-21 10:00:00,2026-04-21,10,1,4,76,86.05002547370458,Random Forest,-10.05002547370458,10.05002547370458
2026-04-21 11:00:00,2026-04-21,11,1,4,84,84.02867519931334,Random Forest,-0.028675199313340727,0.028675199313340727
2026-04-21 12:00:00,2026-04-21,12,1,4,105,100.92796497825273,Random Forest,4.0720350217472685,4.0720350217472685
2026-04-21 13:00:00,2026-04-21,13,1,4,98,100.42162681275099,Random Forest,-2.4216268127509863,2.4216268127509863
2026-04-21 14:00:00,2026-04-21,14,1,4,104,108.03814209577335,Random Forest,-4.0381420957733525,4.0381420957733525
2026-04-21 15:00:00,2026-04-21,15,1,4,154,144.46196740065483,Random Forest,9.538032599345172,9.538032599345172
2026-04-21 16:00:00,2026-04-21,16,1,4,202,208.8252631673881,Random Forest,-6.825263167388101,6.825263167388101
2026-04-21 17:00:00,2026-04-21,17,1,4,318,333.49647817460334,Random Forest,-15.49647817460334,15.49647817460334
2026-04-21 18:00:00,2026-04-21,18,1,4,282,306.2104027777778,Random Forest,-24.2104027777778,24.2104027777778
2026-04-21 19:00:00,2026-04-21,19,1,4,159,183.53772041847049,Random Forest,-24.537720418470485,24.537720418470485
2026-04-21 20:00:00,2026-04-21,20,1,4,136,145.4435734126984,Random Forest,-9.443573412698413,9.443573412698413
2026-04-21 21:00:00,2026-04-21,21,1,4,100,102.45736774336768,Random Forest,-2.4573677433676835,2.4573677433676835
2026-04-21 22:00:00,2026-04-21,22,1,4,49,57.41608658008656,Random Forest,-8.416086580086557,8.416086580086557
2026-04-21 23:00:00,2026-04-21,23,1,4,28,28.968634419959663,Random Forest,-0.9686344199596633,0.9686344199596633
2026-04-22 00:00:00,2026-04-22,0,2,4,12,14.190811327561326,Random Forest,-2.1908113275613257,2.1908113275613257
2026-04-22 01:00:00,2026-04-22,1,2,4,10,8.265301979577064,Random Forest,1.734698020422936,1.734698020422936
2026-04-22 02:00:00,2026-04-22,2,2,4,8,6.683453350541551,Random Forest,1.3165466494584486,1.3165466494584486
2026-04-22 03:00:00,2026-04-22,3,2,4,2,4.077247521928929,Random Forest,-2.0772475219289293,2.0772475219289293
2026-04-22 04:00:00,2026-04-22,4,2,4,9,10.9392413717716,Random Forest,-1.9392413717715993,1.9392413717715993
2026-04-22 05:00:00,2026-04-22,5,2,4,33,34.365415297138924,Random Forest,-1.3654152971389237,1.3654152971389237
2026-04-22 06:00:00,2026-04-22,6,2,4,89,98.58348530636027,Random Forest,-9.583485306360274,9.583485306360274
2026-04-22 07:00:00,2026-04-22,7,2,4,185,190.41339105339094,Random Forest,-5.413391053390939,5.413391053390939
2026-04-22 08:00:00,2026-04-22,8,2,4,215,235.42519841269836,Random Forest,-20.425198412698364,20.425198412698364
2026-04-22 09:00:00,2026-04-22,9,2,4,73,113.14107810245311,Random Forest,-40.14107810245311,40.14107810245311
2026-04-22 10:00:00,2026-04-22,10,2,4,76,82.6801338961692,Random Forest,-6.680133896169195,6.680133896169195
2026-04-22 11:00:00,2026-04-22,11,2,4,79,81.83091544727465,Random Forest,-2.8309154472746485,2.8309154472746485
2026-04-22 12:00:00,2026-04-22,12,2,4,80,88.74793676753954,Random Forest,-8.747936767539542,8.747936767539542
2026-04-22 13:00:00,2026-04-22,13,2,4,96,97.3940532724835,Random Forest,-1.3940532724835037,1.3940532724835037
2026-04-22 14:00:00,2026-04-22,14,2,4,112,107.58067828695884,Random Forest,4.419321713041157,4.419321713041157
2026-04-22 15:00:00,2026-04-22,15,2,4,154,146.44872406066148,Random Forest,7.551275939338524,7.551275939338524
2026-04-22 16:00:00,2026-04-22,16,2,4,223,213.08727579365075,Random Forest,9.912724206349253,9.912724206349253
2026-04-22 17:00:00,2026-04-22,17,2,4,379,360.34083477633476,Random Forest,18.65916522366524,18.65916522366524
2026-04-22 18:00:00,2026-04-22,18,2,4,308,315.3347043650794,Random Forest,-7.3347043650794035,7.3347043650794035
2026-04-22 19:00:00,2026-04-22,19,2,4,220,222.8572611832611,Random Forest,-2.8572611832611017,2.8572611832611017
2026-04-22 20:00:00,2026-04-22,20,2,4,135,155.7599992646243,Random Forest,-20.759999264624298,20.759999264624298
2026-04-22 21:00:00,2026-04-22,21,2,4,100,106.63887499999996,Random Forest,-6.638874999999956,6.638874999999956
2026-04-22 22:00:00,2026-04-22,22,2,4,69,72.24948430735932,Random Forest,-3.2494843073593245,3.2494843073593245
2026-04-22 23:00:00,2026-04-22,23,2,4,34,38.73348719336219,Random Forest,-4.733487193362187,4.733487193362187
2026-04-23 00:00:00,2026-04-23,0,3,4,18,25.231408730158723,Random Forest,-7.231408730158723,7.231408730158723
2026-04-23 01:00:00,2026-04-23,1,3,4,3,8.068053411194986,Random Forest,-5.068053411194986,5.068053411194986
2026-04-23 02:00:00,2026-04-23,2,3,4,7,5.336770004828808,Random Forest,1.663229995171192,1.663229995171192
2026-04-23 03:00:00,2026-04-23,3,3,4,3,3.6275610724360314,Random Forest,-0.6275610724360314,0.6275610724360314
2026-04-23 04:00:00,2026-04-23,4,3,4,12,10.688952898602436,Random Forest,1.3110471013975644,1.3110471013975644
2026-04-23 05:00:00,2026-04-23,5,3,4,39,36.7107939984294,Random Forest,2.289206001570598,2.289206001570598
2026-04-23 06:00:00,2026-04-23,6,3,4,117,109.20607539682537,Random Forest,7.793924603174631,7.793924603174631
2026-04-23 07:00:00,2026-04-23,7,3,4,232,227.41199801587285,Random Forest,4.588001984127146,4.588001984127146
2026-04-23 08:00:00,2026-04-23,8,3,4,269,266.7587335858587,Random Forest,2.2412664141413075,2.2412664141413075
2026-04-23 09:00:00,2026-04-23,9,3,4,121,136.28345562770556,Random Forest,-15.283455627705564,15.283455627705564
2026-04-23 10:00:00,2026-04-23,10,3,4,97,106.18406709956709,Random Forest,-9.184067099567088,9.184067099567088
2026-04-23 11:00:00,2026-04-23,11,3,4,107,106.77245228045797,Random Forest,0.2275477195420308,0.2275477195420308
2026-04-23 12:00:00,2026-04-23,12,3,4,136,119.17981524265808,Random Forest,16.82018475734192,16.82018475734192
2026-04-23 13:00:00,2026-04-23,13,3,4,137,140.4273481090166,Random Forest,-3.427348109016606,3.427348109016606
2026-04-23 14:00:00,2026-04-23,14,3,4,146,148.13454997659355,Random Forest,-2.134549976593547,2.134549976593547
2026-04-23 15:00:00,2026-04-23,15,3,4,163,175.91247485847495,Random Forest,-12.912474858474951,12.912474858474951
2026-04-23 16:00:00,2026-04-23,16,3,4,255,238.80299236874228,Random Forest,16.19700763125772,16.19700763125772
2026-04-23 17:00:00,2026-04-23,17,3,4,370,363.5307292568543,Random Forest,6.469270743145728,6.469270743145728
2026-04-23 18:00:00,2026-04-23,18,3,4,385,373.09593885281384,Random Forest,11.904061147186155,11.904061147186155
2026-04-23 19:00:00,2026-04-23,19,3,4,286,270.98377182539673,Random Forest,15.01622817460327,15.01622817460327
2026-04-23 20:00:00,2026-04-23,20,3,4,186,187.84945436507934,Random Forest,-1.849454365079339,1.849454365079339
2026-04-23 21:00:00,2026-04-23,21,3,4,149,145.73805555555552,Random Forest,3.261944444444481,3.261944444444481
2026-04-23 22:00:00,2026-04-23,22,3,4,117,108.98098773448771,Random Forest,8.019012265512288,8.019012265512288
2026-04-23 23:00:00,2026-04-23,23,3,4,77,83.1574954212454,Random Forest,-6.1574954212454,6.1574954212454
2026-04-24 00:00:00,2026-04-24,0,4,4,30,39.264999014874,Random Forest,-9.264999014874,9.264999014874
2026-04-24 01:00:00,2026-04-24,1,4,4,22,19.919155122655123,Random Forest,2.0808448773448767,2.0808448773448767
2026-04-24 02:00:00,2026-04-24,2,4,4,9,12.22324508824509,Random Forest,-3.22324508824509,3.22324508824509
2026-04-24 03:00:00,2026-04-24,3,4,4,4,5.824672179872949,Random Forest,-1.824672179872949,1.824672179872949
2026-04-24 04:00:00,2026-04-24,4,4,4,12,12.13402879946147,Random Forest,-0.13402879946147017,0.13402879946147017
2026-04-24 05:00:00,2026-04-24,5,4,4,29,32.40877956276218,Random Forest,-3.4087795627621773,3.4087795627621773
2026-04-24 06:00:00,2026-04-24,6,4,4,100,100.95502579365075,Random Forest,-0.9550257936507478,0.9550257936507478
2026-04-24 07:00:00,2026-04-24,7,4,4,177,187.64125378787878,Random Forest,-10.641253787878782,10.641253787878782
2026-04-24 08:00:00,2026-04-24,8,4,4,199,209.82114087301582,Random Forest,-10.821140873015821,10.821140873015821
2026-04-24 09:00:00,2026-04-24,9,4,4,145,148.50108098845604,Random Forest,-3.5010809884560388,3.5010809884560388
2026-04-24 10:00:00,2026-04-24,10,4,4,111,127.35887934144402,Random Forest,-16.358879341444023,16.358879341444023
2026-04-24 11:00:00,2026-04-24,11,4,4,155,138.7268382034632,Random Forest,16.27316179653681,16.27316179653681
2026-04-24 12:00:00,2026-04-24,12,4,4,155,161.4178766095017,Random Forest,-6.41787660950169,6.41787660950169
2026-04-24 13:00:00,2026-04-24,13,4,4,151,167.52690133477643,Random Forest,-16.526901334776426,16.526901334776426
2026-04-24 14:00:00,2026-04-24,14,4,4,183,174.19344852369846,Random Forest,8.806551476301536,8.806551476301536
2026-04-24 15:00:00,2026-04-24,15,4,4,214,215.1625885642136,Random Forest,-1.1625885642135927,1.1625885642135927
2026-04-24 16:00:00,2026-04-24,16,4,4,265,254.6472896825397,Random Forest,10.352710317460293,10.352710317460293
2026-04-24 17:00:00,2026-04-24,17,4,4,350,349.82840349927835,Random Forest,0.17159650072164823,0.17159650072164823
2026-04-24 18:00:00,2026-04-24,18,4,4,297,332.11993127705614,Random Forest,-35.11993127705614,35.11993127705614
2026-04-24 19:00:00,2026-04-24,19,4,4,271,259.46943921356404,Random Forest,11.530560786435956,11.530560786435956
2026-04-24 20:00:00,2026-04-24,20,4,4,120,157.8744301948052,Random Forest,-37.8744301948052,37.8744301948052
2026-04-24 21:00:00,2026-04-24,21,4,4,95,103.49661760461757,Random Forest,-8.496617604617569,8.496617604617569
2026-04-24 22:00:00,2026-04-24,22,4,4,95,88.40901190476194,Random Forest,6.59098809523806,6.59098809523806
2026-04-24 23:00:00,2026-04-24,23,4,4,82,80.94677398989901,Random Forest,1.0532260101009854,1.0532260101009854
2026-04-25 00:00:00,2026-04-25,0,5,4,52,52.84175875513376,Random Forest,-0.8417587551337604,0.8417587551337604
2026-04-25 01:00:00,2026-04-25,1,5,4,48,39.90102182539683,Random Forest,8.098978174603168,8.098978174603168
2026-04-25 02:00:00,2026-04-25,2,5,4,19,26.26534433621932,Random Forest,-7.2653443362193215,7.2653443362193215
2026-04-25 03:00:00,2026-04-25,3,5,4,16,14.416502109002113,Random Forest,1.5834978909978865,1.5834978909978865
2026-04-25 04:00:00,2026-04-25,4,5,4,7,9.87746687661722,Random Forest,-2.87746687661722,2.87746687661722
2026-04-25 05:00:00,2026-04-25,5,5,4,8,10.173171851102111,Random Forest,-2.1731718511021114,2.1731718511021114
2026-04-25 06:00:00,2026-04-25,6,5,4,24,24.700854977281065,Random Forest,-0.7008549772810646,0.7008549772810646
2026-04-25 07:00:00,2026-04-25,7,5,4,69,60.591971428571405,Random Forest,8.408028571428595,8.408028571428595
2026-04-25 08:00:00,2026-04-25,8,5,4,115,115.75001308250575,Random Forest,-0.7500130825057454,0.7500130825057454
2026-04-25 09:00:00,2026-04-25,9,5,4,101,119.07854626092862,Random Forest,-18.07854626092862,18.07854626092862
2026-04-25 10:00:00,2026-04-25,10,5,4,80,89.620653322235,Random Forest,-9.620653322235,9.620653322235
2026-04-25 11:00:00,2026-04-25,11,5,4,54,79.59777211595316,Random Forest,-25.597772115953163,25.597772115953163
2026-04-25 12:00:00,2026-04-25,12,5,4,38,58.140619047619076,Random Forest,-20.140619047619076,20.140619047619076
2026-04-25 13:00:00,2026-04-25,13,5,4,40,42.24173210123209,Random Forest,-2.2417321012320883,2.2417321012320883
2026-04-25 14:00:00,2026-04-25,14,5,4,41,40.2756328948829,Random Forest,0.7243671051171034,0.7243671051171034
2026-04-25 15:00:00,2026-04-25,15,5,4,31,35.63239682539681,Random Forest,-4.63239682539681,4.63239682539681
2026-04-25 16:00:00,2026-04-25,16,5,4,24,31.65986652236652,Random Forest,-7.659866522366521,7.659866522366521
2026-04-25 17:00:00,2026-04-25,17,5,4,48,42.54969336219337,Random Forest,5.4503066378066265,5.4503066378066265
2026-04-25 18:00:00,2026-04-25,18,5,4,35,40.11771825396826,Random Forest,-5.117718253968263,5.117718253968263
2026-04-25 19:00:00,2026-04-25,19,5,4,16,25.312154220779217,Random Forest,-9.312154220779217,9.312154220779217
2026-04-25 20:00:00,2026-04-25,20,5,4,8,13.849494588744585,Random Forest,-5.8494945887445855,5.8494945887445855
2026-04-25 21:00:00,2026-04-25,21,5,4,11,12.259625541125544,Random Forest,-1.2596255411255441,1.2596255411255441
2026-04-25 22:00:00,2026-04-25,22,5,4,10,11.42185371572872,Random Forest,-1.4218537157287194,1.4218537157287194
2026-04-25 23:00:00,2026-04-25,23,5,4,13,12.21704148629149,Random Forest,0.7829585137085093,0.7829585137085093
2026-04-26 00:00:00,2026-04-26,0,6,4,24,18.38928138053467,Random Forest,5.610718619465331,5.610718619465331
2026-04-26 01:00:00,2026-04-26,1,6,4,5,16.85774702380952,Random Forest,-11.85774702380952,11.85774702380952
2026-04-26 02:00:00,2026-04-26,2,6,4,18,12.770174422799425,Random Forest,5.229825577200575,5.229825577200575
2026-04-26 03:00:00,2026-04-26,3,6,4,13,13.011082251082252,Random Forest,-0.011082251082251915,0.011082251082251915
2026-04-26 04:00:00,2026-04-26,4,6,4,8,8.516663500242448,Random Forest,-0.5166635002424478,0.5166635002424478
2026-04-26 05:00:00,2026-04-26,5,6,4,13,13.351552393684745,Random Forest,-0.3515523936847451,0.3515523936847451
2026-04-26 06:00:00,2026-04-26,6,6,4,22,20.177627708536992,Random Forest,1.822372291463008,1.822372291463008
2026-04-26 07:00:00,2026-04-26,7,6,4,44,38.38108432539682,Random Forest,5.61891567460318,5.61891567460318
2026-04-26 08:00:00,2026-04-26,8,6,4,67,74.4573333333333,Random Forest,-7.457333333333295,7.457333333333295
2026-04-26 09:00:00,2026-04-26,9,6,4,100,94.04438722943722,Random Forest,5.95561277056278,5.95561277056278
2026-04-26 10:00:00,2026-04-26,10,6,4,131,118.87009276040303,Random Forest,12.129907239596974,12.129907239596974
2026-04-26 11:00:00,2026-04-26,11,6,4,167,148.24902579365076,Random Forest,18.75097420634924,18.75097420634924
2026-04-26 12:00:00,2026-04-26,12,6,4,165,166.33781349206345,Random Forest,-1.3378134920634466,1.3378134920634466
2026-04-26 13:00:00,2026-04-26,13,6,4,161,167.68333312112728,Random Forest,-6.683333121127276,6.683333121127276
2026-04-26 14:00:00,2026-04-26,14,6,4,158,150.31460876623385,Random Forest,7.685391233766154,7.685391233766154
2026-04-26 15:00:00,2026-04-26,15,6,4,160,154.58212265512276,Random Forest,5.41787734487724,5.41787734487724
2026-04-26 16:00:00,2026-04-26,16,6,4,210,174.66512896825395,Random Forest,35.33487103174605,35.33487103174605
2026-04-26 17:00:00,2026-04-26,17,6,4,208,193.02095238095237,Random Forest,14.979047619047634,14.979047619047634
2026-04-26 18:00:00,2026-04-26,18,6,4,216,192.3080932539682,Random Forest,23.691906746031805,23.691906746031805
2026-04-26 19:00:00,2026-04-26,19,6,4,194,183.38712698412695,Random Forest,10.612873015873049,10.612873015873049
2026-04-26 20:00:00,2026-04-26,20,6,4,103,126.91805158730162,Random Forest,-23.91805158730162,23.91805158730162
2026-04-26 21:00:00,2026-04-26,21,6,4,61,67.00774729437231,Random Forest,-6.007747294372308,6.007747294372308
2026-04-26 22:00:00,2026-04-26,22,6,4,35,37.9545984848485,Random Forest,-2.9545984848485034,2.9545984848485034
2026-04-26 23:00:00,2026-04-26,23,6,4,19,20.40819336219337,Random Forest,-1.4081933621933693,1.4081933621933693
2026-04-27 00:00:00,2026-04-27,0,0,4,19,15.703527958152966,Random Forest,3.296472041847034,3.296472041847034
2026-04-27 01:00:00,2026-04-27,1,0,4,6,7.205991894513984,Random Forest,-1.2059918945139838,1.2059918945139838
2026-04-27 02:00:00,2026-04-27,2,0,4,5,5.544333739921834,Random Forest,-0.544333739921834,0.544333739921834
2026-04-27 03:00:00,2026-04-27,3,0,4,5,4.3257663772761275,Random Forest,0.6742336227238725,0.6742336227238725
2026-04-27 04:00:00,2026-04-27,4,0,4,13,12.492079815647108,Random Forest,0.5079201843528924,0.5079201843528924
2026-04-27 05:00:00,2026-04-27,5,0,4,39,36.59679916782645,Random Forest,2.403200832173553,2.403200832173553
2026-04-27 06:00:00,2026-04-27,6,0,4,108,102.95524891774892,Random Forest,5.044751082251082,5.044751082251082
2026-04-27 07:00:00,2026-04-27,7,0,4,223,203.8892166305916,Random Forest,19.11078336940841,19.11078336940841
2026-04-27 08:00:00,2026-04-27,8,0,4,207,203.11712247474742,Random Forest,3.8828775252525816,3.8828775252525816
2026-04-27 09:00:00,2026-04-27,9,0,4,134,121.6720052308803,Random Forest,12.327994769119698,12.327994769119698
2026-04-27 10:00:00,2026-04-27,10,0,4,110,107.71210515873025,Random Forest,2.287894841269747,2.287894841269747
2026-04-27 11:00:00,2026-04-27,11,0,4,114,113.286317891814,Random Forest,0.7136821081860063,0.7136821081860063
2026-04-27 12:00:00,2026-04-27,12,0,4,123,124.96092685255925,Random Forest,-1.960926852559254,1.960926852559254
2026-04-27 13:00:00,2026-04-27,13,0,4,113,118.9356863553114,Random Forest,-5.935686355311404,5.935686355311404
2026-04-27 14:00:00,2026-04-27,14,0,4,137,132.46006496453685,Random Forest,4.539935035463145,4.539935035463145
2026-04-27 15:00:00,2026-04-27,15,0,4,198,187.9889446109446,Random Forest,10.0110553890554,10.0110553890554
2026-04-27 16:00:00,2026-04-27,16,0,4,270,257.83672619047616,Random Forest,12.163273809523844,12.163273809523844
2026-04-27 17:00:00,2026-04-27,17,0,4,342,338.3776976911976,Random Forest,3.622302308802375,3.622302308802375
2026-04-27 18:00:00,2026-04-27,18,0,4,369,335.9107215007215,Random Forest,33.08927849927852,33.08927849927852
2026-04-27 19:00:00,2026-04-27,19,0,4,205,226.99449007936514,Random Forest,-21.994490079365136,21.994490079365136
2026-04-27 20:00:00,2026-04-27,20,0,4,157,149.40733532439776,Random Forest,7.5926646756022365,7.5926646756022365
2026-04-27 21:00:00,2026-04-27,21,0,4,87,96.68967658730158,Random Forest,-9.689676587301577,9.689676587301577
2026-04-27 22:00:00,2026-04-27,22,0,4,53,52.22560533910534,Random Forest,0.7743946608946572,0.7743946608946572
2026-04-27 23:00:00,2026-04-27,23,0,4,23,27.397213462262368,Random Forest,-4.397213462262368,4.397213462262368
2026-04-28 00:00:00,2026-04-28,0,1,4,18,17.62773863636364,Random Forest,0.3722613636363583,0.3722613636363583
2026-04-28 01:00:00,2026-04-28,1,1,4,9,10.50587804113311,Random Forest,-1.5058780411331103,1.5058780411331103
2026-04-28 02:00:00,2026-04-28,2,1,4,5,5.746680115368424,Random Forest,-0.7466801153684237,0.7466801153684237
2026-04-28 03:00:00,2026-04-28,3,1,4,5,4.767208618156077,Random Forest,0.23279138184392334,0.23279138184392334
2026-04-28 04:00:00,2026-04-28,4,1,4,20,16.668122848094516,Random Forest,3.331877151905484,3.331877151905484
2026-04-28 05:00:00,2026-04-28,5,1,4,34,37.82627748983625,Random Forest,-3.826277489836251,3.826277489836251
2026-04-28 06:00:00,2026-04-28,6,1,4,125,116.66712499999996,Random Forest,8.332875000000044,8.332875000000044
2026-04-28 07:00:00,2026-04-28,7,1,4,257,245.27532738095232,Random Forest,11.72467261904768,11.72467261904768
2026-04-28 08:00:00,2026-04-28,8,1,4,256,262.0641706487957,Random Forest,-6.064170648795709,6.064170648795709
2026-04-28 09:00:00,2026-04-28,9,1,4,142,136.4631143578644,Random Forest,5.536885642135587,5.536885642135587
2026-04-28 10:00:00,2026-04-28,10,1,4,105,109.90459225630686,Random Forest,-4.904592256306856,4.904592256306856
2026-04-28 11:00:00,2026-04-28,11,1,4,97,102.99179040157092,Random Forest,-5.991790401570924,5.991790401570924
2026-04-28 12:00:00,2026-04-28,12,1,4,88,102.6724788135306,Random Forest,-14.672478813530603,14.672478813530603
2026-04-28 13:00:00,2026-04-28,13,1,4,114,105.72979925646975,Random Forest,8.270200743530253,8.270200743530253
2026-04-28 14:00:00,2026-04-28,14,1,4,132,131.81526979882858,Random Forest,0.18473020117141914,0.18473020117141914
2026-04-28 15:00:00,2026-04-28,15,1,4,162,172.48169866975135,Random Forest,-10.481698669751353,10.481698669751353
2026-04-28 16:00:00,2026-04-28,16,1,4,209,211.51871248196258,Random Forest,-2.518712481962581,2.518712481962581
2026-04-28 17:00:00,2026-04-28,17,1,4,351,344.3198800505051,Random Forest,6.680119949494895,6.680119949494895
2026-04-28 18:00:00,2026-04-28,18,1,4,305,344.4232817460317,Random Forest,-39.423281746031705,39.423281746031705
2026-04-28 19:00:00,2026-04-28,19,1,4,225,223.85329112554115,Random Forest,1.1467088744588523,1.1467088744588523
2026-04-28 20:00:00,2026-04-28,20,1,4,138,145.88967261904762,Random Forest,-7.889672619047616,7.889672619047616
2026-04-28 21:00:00,2026-04-28,21,1,4,108,107.64911958874455,Random Forest,0.3508804112554458,0.3508804112554458
2026-04-28 22:00:00,2026-04-28,22,1,4,84,70.13017027417023,Random Forest,13.869829725829774,13.869829725829774
2026-04-28 23:00:00,2026-04-28,23,1,4,36,38.60628823953825,Random Forest,-2.6062882395382516,2.6062882395382516
2026-04-29 00:00:00,2026-04-29,0,2,4,23,18.823983405483407,Random Forest,4.176016594516593,4.176016594516593
2026-04-29 01:00:00,2026-04-29,1,2,4,14,14.58874638889812,Random Forest,-0.5887463888981195,0.5887463888981195
2026-04-29 02:00:00,2026-04-29,2,2,4,5,6.043474076025542,Random Forest,-1.043474076025542,1.043474076025542
2026-04-29 03:00:00,2026-04-29,3,2,4,6,5.039218107459044,Random Forest,0.9607818925409557,0.9607818925409557
2026-04-29 04:00:00,2026-04-29,4,2,4,10,10.673715741369154,Random Forest,-0.6737157413691541,0.6737157413691541
2026-04-29 05:00:00,2026-04-29,5,2,4,38,37.40204424922772,Random Forest,0.5979557507722788,0.5979557507722788
2026-04-29 06:00:00,2026-04-29,6,2,4,130,116.87129978354974,Random Forest,13.128700216450255,13.128700216450255
2026-04-29 07:00:00,2026-04-29,7,2,4,219,225.00379383116888,Random Forest,-6.003793831168878,6.003793831168878
2026-04-29 08:00:00,2026-04-29,8,2,4,315,283.1278849206351,Random Forest,31.872115079364903,31.872115079364903
2026-04-29 09:00:00,2026-04-29,9,2,4,138,142.11716269841267,Random Forest,-4.11716269841267,4.11716269841267
2026-04-29 10:00:00,2026-04-29,10,2,4,120,111.80482710479178,Random Forest,8.195172895208216,8.195172895208216
2026-04-29 11:00:00,2026-04-29,11,2,4,109,111.89460406394367,Random Forest,-2.8946040639436745,2.8946040639436745
2026-04-29 12:00:00,2026-04-29,12,2,4,118,115.57326130942539,Random Forest,2.4267386905746093,2.4267386905746093
2026-04-29 13:00:00,2026-04-29,13,2,4,119,118.17228549688987,Random Forest,0.8277145031101298,0.8277145031101298
2026-04-29 14:00:00,2026-04-29,14,2,4,151,139.7426124516823,Random Forest,11.257387548317695,11.257387548317695
2026-04-29 15:00:00,2026-04-29,15,2,4,162,174.02903426471192,Random Forest,-12.029034264711925,12.029034264711925
2026-04-29 16:00:00,2026-04-29,16,2,4,194,213.14784920634926,Random Forest,-19.147849206349264,19.147849206349264
2026-04-29 17:00:00,2026-04-29,17,2,4,348,337.9460395021646,Random Forest,10.05396049783542,10.05396049783542
2026-04-29 18:00:00,2026-04-29,18,2,4,302,309.1793095238095,Random Forest,-7.179309523809479,7.179309523809479
2026-04-29 19:00:00,2026-04-29,19,2,4,177,208.81479960317458,Random Forest,-31.814799603174578,31.814799603174578
2026-04-29 20:00:00,2026-04-29,20,2,4,103,118.33071428571438,Random Forest,-15.330714285714379,15.330714285714379
2026-04-29 21:00:00,2026-04-29,21,2,4,47,64.77233333333334,Random Forest,-17.772333333333336,17.772333333333336
2026-04-29 22:00:00,2026-04-29,22,2,4,23,40.36718506493507,Random Forest,-17.36718506493507,17.36718506493507
2026-04-29 23:00:00,2026-04-29,23,2,4,9,18.696668376558083,Random Forest,-9.696668376558083,9.696668376558083
2026-04-30 00:00:00,2026-04-30,0,3,4,4,7.536311667176991,Random Forest,-3.5363116671769914,3.5363116671769914
2026-04-30 01:00:00,2026-04-30,1,3,4,0,2.0945086787230567,Random Forest,-2.0945086787230567,2.0945086787230567
2026-04-30 02:00:00,2026-04-30,2,3,4,2,4.026204688612038,Random Forest,-2.0262046886120384,2.0262046886120384
2026-04-30 03:00:00,2026-04-30,3,3,4,2,1.8476374168515193,Random Forest,0.15236258314848072,0.15236258314848072
2026-04-30 04:00:00,2026-04-30,4,3,4,12,10.891406158726475,Random Forest,1.1085938412735246,1.1085938412735246
2026-04-30 05:00:00,2026-04-30,5,3,4,30,34.58215086918012,Random Forest,-4.5821508691801185,4.5821508691801185
2026-04-30 06:00:00,2026-04-30,6,3,4,94,99.09125396825395,Random Forest,-5.091253968253952,5.091253968253952
2026-04-30 07:00:00,2026-04-30,7,3,4,191,191.17095454545452,Random Forest,-0.1709545454545207,0.1709545454545207
2026-04-30 08:00:00,2026-04-30,8,3,4,259,267.74685371572866,Random Forest,-8.746853715728662,8.746853715728662
2026-04-30 09:00:00,2026-04-30,9,3,4,137,132.38028264790765,Random Forest,4.619717352092351,4.619717352092351
2026-04-30 10:00:00,2026-04-30,10,3,4,73,92.35458947852914,Random Forest,-19.354589478529135,19.354589478529135
2026-04-30 11:00:00,2026-04-30,11,3,4,82,84.34444872539584,Random Forest,-2.3444487253958357,2.3444487253958357
2026-04-30 12:00:00,2026-04-30,12,3,4,95,98.27952789131322,Random Forest,-3.279527891313222,3.279527891313222
2026-04-30 13:00:00,2026-04-30,13,3,4,98,105.70106199173394,Random Forest,-7.701061991733937,7.701061991733937
2026-04-30 14:00:00,2026-04-30,14,3,4,109,114.00209242869128,Random Forest,-5.0020924286912845,5.0020924286912845
2026-04-30 15:00:00,2026-04-30,15,3,4,145,140.47520563272934,Random Forest,4.524794367270658,4.524794367270658
2026-04-30 16:00:00,2026-04-30,16,3,4,213,206.74688618326113,Random Forest,6.253113816738875,6.253113816738875
2026-04-30 17:00:00,2026-04-30,17,3,4,355,349.38714646464643,Random Forest,5.612853535353565,5.612853535353565
2026-04-30 18:00:00,2026-04-30,18,3,4,344,333.8453611111111,Random Forest,10.154638888888883,10.154638888888883
2026-04-30 19:00:00,2026-04-30,19,3,4,264,256.58690277777765,Random Forest,7.413097222222348,7.413097222222348
2026-04-30 20:00:00,2026-04-30,20,3,4,169,171.4955966117216,Random Forest,-2.495596611721595,2.495596611721595
2026-04-30 21:00:00,2026-04-30,21,3,4,132,133.60835497835492,Random Forest,-1.6083549783549245,1.6083549783549245
2026-04-30 22:00:00,2026-04-30,22,3,4,95,105.35144047619049,Random Forest,-10.35144047619049,10.35144047619049
2026-04-30 23:00:00,2026-04-30,23,3,4,72,73.81449224386726,Random Forest,-1.8144922438672637,1.8144922438672637
2026-05-01 00:00:00,2026-05-01,0,4,5,41,42.60330014430015,Random Forest,-1.6033001443001496,1.6033001443001496
2026-05-01 01:00:00,2026-05-01,1,4,5,20,19.867615079365077,Random Forest,0.13238492063492302,0.13238492063492302
2026-05-01 02:00:00,2026-05-01,2,4,5,7,7.749821833451901,Random Forest,-0.7498218334519011,0.7498218334519011
2026-05-01 03:00:00,2026-05-01,3,4,5,9,6.92280153436811,Random Forest,2.0771984656318896,2.0771984656318896
2026-05-01 04:00:00,2026-05-01,4,4,5,21,14.897213856546477,Random Forest,6.102786143453523,6.102786143453523
2026-05-01 05:00:00,2026-05-01,5,4,5,29,32.47657693703937,Random Forest,-3.4765769370393684,3.4765769370393684
2026-05-01 06:00:00,2026-05-01,6,4,5,90,94.39242261904761,Random Forest,-4.392422619047608,4.392422619047608
2026-05-01 07:00:00,2026-05-01,7,4,5,194,197.7525854978355,Random Forest,-3.752585497835497,3.752585497835497
2026-05-01 08:00:00,2026-05-01,8,4,5,214,227.805912999038,Random Forest,-13.805912999037986,13.805912999037986
2026-05-01 09:00:00,2026-05-01,9,4,5,125,139.76733297258298,Random Forest,-14.767332972582977,14.767332972582977
2026-05-01 10:00:00,2026-05-01,10,4,5,141,133.19608041549958,Random Forest,7.80391958450042,7.80391958450042
2026-05-01 11:00:00,2026-05-01,11,4,5,117,137.39935440539853,Random Forest,-20.399354405398526,20.399354405398526
2026-05-01 12:00:00,2026-05-01,12,4,5,162,147.31821084471085,Random Forest,14.681789155289152,14.681789155289152
2026-05-01 13:00:00,2026-05-01,13,4,5,168,167.90847457689367,Random Forest,0.09152542310633294,0.09152542310633294
2026-05-01 14:00:00,2026-05-01,14,4,5,226,200.3969166666666,Random Forest,25.603083333333387,25.603083333333387
2026-05-01 15:00:00,2026-05-01,15,4,5,255,247.00889178876687,Random Forest,7.991108211233126,7.991108211233126
2026-05-01 16:00:00,2026-05-01,16,4,5,315,291.9156491702741,Random Forest,23.084350829725906,23.084350829725906
2026-05-01 17:00:00,2026-05-01,17,4,5,372,363.4039563492061,Random Forest,8.596043650793888,8.596043650793888
2026-05-01 18:00:00,2026-05-01,18,4,5,296,306.6558630952379,Random Forest,-10.655863095237919,10.655863095237919
2026-05-01 19:00:00,2026-05-01,19,4,5,240,245.87589484126974,Random Forest,-5.875894841269741,5.875894841269741
2026-05-01 20:00:00,2026-05-01,20,4,5,143,161.00738708513708,Random Forest,-18.007387085137083,18.007387085137083
2026-05-01 21:00:00,2026-05-01,21,4,5,119,119.56164903152403,Random Forest,-0.561649031524027,0.561649031524027
2026-05-01 22:00:00,2026-05-01,22,4,5,108,104.6019007936508,Random Forest,3.398099206349201,3.398099206349201
2026-05-01 23:00:00,2026-05-01,23,4,5,78,80.58521861471864,Random Forest,-2.5852186147186416,2.5852186147186416
2026-05-02 00:00:00,2026-05-02,0,5,5,66,62.05807738095239,Random Forest,3.9419226190476095,3.9419226190476095
2026-05-02 01:00:00,2026-05-02,1,5,5,24,37.48772773060272,Random Forest,-13.487727730602721,13.487727730602721
2026-05-02 02:00:00,2026-05-02,2,5,5,22,19.493857142857152,Random Forest,2.506142857142848,2.506142857142848
2026-05-02 03:00:00,2026-05-02,3,5,5,13,13.993067460317475,Random Forest,-0.9930674603174747,0.9930674603174747
2026-05-02 04:00:00,2026-05-02,4,5,5,12,11.545321162066449,Random Forest,0.45467883793355135,0.45467883793355135
2026-05-02 05:00:00,2026-05-02,5,5,5,14,14.283960622710616,Random Forest,-0.28396062271061595,0.28396062271061595
2026-05-02 06:00:00,2026-05-02,6,5,5,21,26.639643839023183,Random Forest,-5.639643839023183,5.639643839023183
2026-05-02 07:00:00,2026-05-02,7,5,5,75,59.9519623015873,Random Forest,15.0480376984127,15.0480376984127
2026-05-02 08:00:00,2026-05-02,8,5,5,94,109.81829397412872,Random Forest,-15.818293974128721,15.818293974128721
2026-05-02 09:00:00,2026-05-02,9,5,5,149,131.16345833333335,Random Forest,17.836541666666648,17.836541666666648
2026-05-02 10:00:00,2026-05-02,10,5,5,191,166.30658975746476,Random Forest,24.693410242535236,24.693410242535236
2026-05-02 11:00:00,2026-05-02,11,5,5,197,181.70889484126994,Random Forest,15.291105158730062,15.291105158730062
2026-05-02 12:00:00,2026-05-02,12,5,5,180,192.1583002645502,Random Forest,-12.158300264550206,12.158300264550206
2026-05-02 13:00:00,2026-05-02,13,5,5,199,195.08720701058206,Random Forest,3.9127929894179374,3.9127929894179374
2026-05-02 14:00:00,2026-05-02,14,5,5,209,200.8402216810967,Random Forest,8.159778318903307,8.159778318903307
2026-05-02 15:00:00,2026-05-02,15,5,5,224,228.04913492063494,Random Forest,-4.049134920634941,4.049134920634941
2026-05-02 16:00:00,2026-05-02,16,5,5,192,205.5488492063491,Random Forest,-13.548849206349104,13.548849206349104
2026-05-02 17:00:00,2026-05-02,17,5,5,238,234.41273809523807,Random Forest,3.587261904761931,3.587261904761931
2026-05-02 18:00:00,2026-05-02,18,5,5,227,218.77322059884554,Random Forest,8.22677940115446,8.22677940115446
2026-05-02 19:00:00,2026-05-02,19,5,5,141,161.430371031746,Random Forest,-20.430371031746006,20.430371031746006
2026-05-02 20:00:00,2026-05-02,20,5,5,113,104.91546374458875,Random Forest,8.084536255411251,8.084536255411251
2026-05-02 21:00:00,2026-05-02,21,5,5,124,100.94274585137083,Random Forest,23.05725414862917,23.05725414862917
2026-05-02 22:00:00,2026-05-02,22,5,5,90,92.86324675324671,Random Forest,-2.863246753246713,2.863246753246713
2026-05-02 23:00:00,2026-05-02,23,5,5,70,69.238886002886,Random Forest,0.7611139971139949,0.7611139971139949
2026-05-03 00:00:00,2026-05-03,0,6,5,49,56.235309523809526,Random Forest,-7.235309523809526,7.235309523809526
2026-05-03 01:00:00,2026-05-03,1,6,5,39,35.92944095511769,Random Forest,3.070559044882309,3.070559044882309
2026-05-03 02:00:00,2026-05-03,2,6,5,26,26.670961157137896,Random Forest,-0.6709611571378957,0.6709611571378957
2026-05-03 03:00:00,2026-05-03,3,6,5,22,18.557875360750348,Random Forest,3.442124639249652,3.442124639249652
2026-05-03 04:00:00,2026-05-03,4,6,5,5,7.8918569624819614,Random Forest,-2.8918569624819614,2.8918569624819614
2026-05-03 05:00:00,2026-05-03,5,6,5,13,12.216736618307833,Random Forest,0.7832633816921675,0.7832633816921675
2026-05-03 06:00:00,2026-05-03,6,6,5,16,18.782950635609915,Random Forest,-2.7829506356099145,2.7829506356099145
2026-05-03 07:00:00,2026-05-03,7,6,5,47,45.75188774691361,Random Forest,1.24811225308639,1.24811225308639
2026-05-03 08:00:00,2026-05-03,8,6,5,76,80.56734866522368,Random Forest,-4.567348665223676,4.567348665223676
2026-05-03 09:00:00,2026-05-03,9,6,5,114,110.61835850097614,Random Forest,3.381641499023857,3.381641499023857
2026-05-03 10:00:00,2026-05-03,10,6,5,171,154.97836634199132,Random Forest,16.021633658008682,16.021633658008682
2026-05-03 11:00:00,2026-05-03,11,6,5,161,171.005736050986,Random Forest,-10.005736050986002,10.005736050986002
2026-05-03 12:00:00,2026-05-03,12,6,5,197,176.80581684981672,Random Forest,20.194183150183278,20.194183150183278
2026-05-03 13:00:00,2026-05-03,13,6,5,183,191.14709177859174,Random Forest,-8.147091778591744,8.147091778591744
2026-05-03 14:00:00,2026-05-03,14,6,5,185,185.5143236439486,Random Forest,-0.5143236439485861,0.5143236439485861
2026-05-03 15:00:00,2026-05-03,15,6,5,196,187.42971595996593,Random Forest,8.570284040034068,8.570284040034068
2026-05-03 16:00:00,2026-05-03,16,6,5,176,185.7668302068302,Random Forest,-9.766830206830207,9.766830206830207
2026-05-03 17:00:00,2026-05-03,17,6,5,210,196.47871476671472,Random Forest,13.521285233285283,13.521285233285283
2026-05-03 18:00:00,2026-05-03,18,6,5,186,187.53044841269838,Random Forest,-1.5304484126983766,1.5304484126983766
2026-05-03 19:00:00,2026-05-03,19,6,5,173,175.30249603174607,Random Forest,-2.302496031746074,2.302496031746074
2026-05-03 20:00:00,2026-05-03,20,6,5,79,112.71017063492062,Random Forest,-33.710170634920615,33.710170634920615
2026-05-03 21:00:00,2026-05-03,21,6,5,67,64.97519552669552,Random Forest,2.024804473304485,2.024804473304485
2026-05-03 22:00:00,2026-05-03,22,6,5,53,50.525996031746054,Random Forest,2.474003968253946,2.474003968253946
2026-05-03 23:00:00,2026-05-03,23,6,5,19,31.075855158730157,Random Forest,-12.075855158730157,12.075855158730157
2026-05-04 00:00:00,2026-05-04,0,0,5,7,12.207073412698412,Random Forest,-5.207073412698412,5.207073412698412
2026-05-04 01:00:00,2026-05-04,1,0,5,3,5.73319487956238,Random Forest,-2.7331948795623804,2.7331948795623804
2026-05-04 02:00:00,2026-05-04,2,0,5,3,4.808252074075349,Random Forest,-1.808252074075349,1.808252074075349
2026-05-04 03:00:00,2026-05-04,3,0,5,8,5.682613157436431,Random Forest,2.317386842563569,2.317386842563569
2026-05-04 04:00:00,2026-05-04,4,0,5,12,12.179201501995337,Random Forest,-0.1792015019953368,0.1792015019953368
2026-05-04 05:00:00,2026-05-04,5,0,5,37,36.887056826590694,Random Forest,0.11294317340930604,0.11294317340930604
2026-05-04 06:00:00,2026-05-04,6,0,5,100,102.87030248917746,Random Forest,-2.870302489177462,2.870302489177462
2026-05-04 07:00:00,2026-05-04,7,0,5,183,191.10833152958145,Random Forest,-8.108331529581449,8.108331529581449
2026-05-04 08:00:00,2026-05-04,8,0,5,236,228.97701419413926,Random Forest,7.022985805860742,7.022985805860742
2026-05-04 09:00:00,2026-05-04,9,0,5,117,121.94527915711747,Random Forest,-4.945279157117469,4.945279157117469
2026-05-04 10:00:00,2026-05-04,10,0,5,132,131.38964524527756,Random Forest,0.6103547547224366,0.6103547547224366
2026-05-04 11:00:00,2026-05-04,11,0,5,110,128.03649242424248,Random Forest,-18.036492424242482,18.036492424242482
2026-05-04 12:00:00,2026-05-04,12,0,5,146,130.9667170137684,Random Forest,15.033282986231598,15.033282986231598
2026-05-04 13:00:00,2026-05-04,13,0,5,164,157.47161706349206,Random Forest,6.528382936507938,6.528382936507938
2026-05-04 14:00:00,2026-05-04,14,0,5,135,152.36634523809525,Random Forest,-17.36634523809525,17.36634523809525
2026-05-04 15:00:00,2026-05-04,15,0,5,174,176.79001053113552,Random Forest,-2.790010531135522,2.790010531135522
2026-05-04 16:00:00,2026-05-04,16,0,5,246,239.99940037740046,Random Forest,6.0005996225995375,6.0005996225995375
2026-05-04 17:00:00,2026-05-04,17,0,5,383,344.5577202380952,Random Forest,38.442279761904786,38.442279761904786
2026-05-04 18:00:00,2026-05-04,18,0,5,359,349.5581051587301,Random Forest,9.441894841269914,9.441894841269914
2026-05-04 19:00:00,2026-05-04,19,0,5,230,234.19529274891772,Random Forest,-4.195292748917723,4.195292748917723
2026-05-04 20:00:00,2026-05-04,20,0,5,139,147.99768650793646,Random Forest,-8.997686507936464,8.997686507936464
2026-05-04 21:00:00,2026-05-04,21,0,5,110,104.9695252525252,Random Forest,5.030474747474798,5.030474747474798
2026-05-04 22:00:00,2026-05-04,22,0,5,48,54.63888275613276,Random Forest,-6.638882756132759,6.638882756132759
2026-05-04 23:00:00,2026-05-04,23,0,5,35,31.169438750862653,Random Forest,3.8305612491373466,3.8305612491373466
2026-05-05 00:00:00,2026-05-05,0,1,5,10,13.356076298701298,Random Forest,-3.356076298701298,3.356076298701298
2026-05-05 01:00:00,2026-05-05,1,1,5,6,5.985793352968232,Random Forest,0.014206647031768327,0.014206647031768327
2026-05-05 02:00:00,2026-05-05,2,1,5,8,6.595304732238979,Random Forest,1.4046952677610207,1.4046952677610207
2026-05-05 03:00:00,2026-05-05,3,1,5,4,5.002434508758268,Random Forest,-1.0024345087582676,1.0024345087582676
2026-05-05 04:00:00,2026-05-05,4,1,5,13,13.835390689644095,Random Forest,-0.835390689644095,0.835390689644095
2026-05-05 05:00:00,2026-05-05,5,1,5,49,44.557629923351726,Random Forest,4.442370076648274,4.442370076648274
2026-05-05 06:00:00,2026-05-05,6,1,5,126,127.90565891053389,Random Forest,-1.9056589105338873,1.9056589105338873
2026-05-05 07:00:00,2026-05-05,7,1,5,238,233.81973809523797,Random Forest,4.180261904762034,4.180261904762034
2026-05-05 08:00:00,2026-05-05,8,1,5,310,297.088875,Random Forest,12.911125000000027,12.911125000000027
2026-05-05 09:00:00,2026-05-05,9,1,5,127,135.75470973470973,Random Forest,-8.754709734709735,8.754709734709735
2026-05-05 10:00:00,2026-05-05,10,1,5,97,108.40800198412697,Random Forest,-11.408001984126969,11.408001984126969
2026-05-05 11:00:00,2026-05-05,11,1,5,88,95.35424972432622,Random Forest,-7.354249724326223,7.354249724326223
2026-05-05 12:00:00,2026-05-05,12,1,5,112,108.22234956697888,Random Forest,3.7776504330211225,3.7776504330211225
2026-05-05 13:00:00,2026-05-05,13,1,5,129,131.93236133751876,Random Forest,-2.9323613375187563,2.9323613375187563
2026-05-05 14:00:00,2026-05-05,14,1,5,144,145.11051208513712,Random Forest,-1.1105120851371169,1.1105120851371169
2026-05-05 15:00:00,2026-05-05,15,1,5,191,186.8682866994117,Random Forest,4.131713300588302,4.131713300588302
2026-05-05 16:00:00,2026-05-05,16,1,5,264,251.00311665785185,Random Forest,12.996883342148152,12.996883342148152
2026-05-05 17:00:00,2026-05-05,17,1,5,409,395.93843668831187,Random Forest,13.061563311688133,13.061563311688133
2026-05-05 18:00:00,2026-05-05,18,1,5,426,402.24697709235215,Random Forest,23.753022907647846,23.753022907647846
2026-05-05 19:00:00,2026-05-05,19,1,5,246,253.33049224386733,Random Forest,-7.330492243867326,7.330492243867326
2026-05-05 20:00:00,2026-05-05,20,1,5,180,167.73016522366524,Random Forest,12.269834776334761,12.269834776334761
2026-05-05 21:00:00,2026-05-05,21,1,5,142,137.90456605894104,Random Forest,4.095433941058957,4.095433941058957
2026-05-05 22:00:00,2026-05-05,22,1,5,80,89.61624007936506,Random Forest,-9.616240079365056,9.616240079365056
2026-05-05 23:00:00,2026-05-05,23,1,5,65,54.453408008658016,Random Forest,10.546591991341984,10.546591991341984
2026-05-06 00:00:00,2026-05-06,0,2,5,18,27.677501984126984,Random Forest,-9.677501984126984,9.677501984126984
2026-05-06 01:00:00,2026-05-06,1,2,5,25,16.749792429792436,Random Forest,8.250207570207564,8.250207570207564
2026-05-06 02:00:00,2026-05-06,2,2,5,8,10.342984126984128,Random Forest,-2.3429841269841276,2.3429841269841276
2026-05-06 03:00:00,2026-05-06,3,2,5,6,5.833349776883051,Random Forest,0.16665022311694866,0.16665022311694866
2026-05-06 04:00:00,2026-05-06,4,2,5,10,11.745928006535241,Random Forest,-1.745928006535241,1.745928006535241
2026-05-06 05:00:00,2026-05-06,5,2,5,45,45.09444588794268,Random Forest,-0.09444588794268327,0.09444588794268327
2026-05-06 06:00:00,2026-05-06,6,2,5,139,136.56717460317455,Random Forest,2.43282539682545,2.43282539682545
2026-05-06 07:00:00,2026-05-06,7,2,5,243,243.89985084033603,Random Forest,-0.899850840336029,0.899850840336029
2026-05-06 08:00:00,2026-05-06,8,2,5,312,317.59791269841276,Random Forest,-5.597912698412756,5.597912698412756
2026-05-06 09:00:00,2026-05-06,9,2,5,141,142.30454288766794,Random Forest,-1.3045428876679352,1.3045428876679352
2026-05-06 10:00:00,2026-05-06,10,2,5,103,110.49793273249733,Random Forest,-7.497932732497333,7.497932732497333
2026-05-06 11:00:00,2026-05-06,11,2,5,105,103.15337742112058,Random Forest,1.846622578879419,1.846622578879419
2026-05-06 12:00:00,2026-05-06,12,2,5,58,91.50019602420575,Random Forest,-33.50019602420575,33.50019602420575
2026-05-06 13:00:00,2026-05-06,13,2,5,52,67.9450496031746,Random Forest,-15.945049603174596,15.945049603174596
2026-05-06 14:00:00,2026-05-06,14,2,5,103,85.85430158730159,Random Forest,17.145698412698408,17.145698412698408
2026-05-06 15:00:00,2026-05-06,15,2,5,134,139.83955925324673,Random Forest,-5.839559253246733,5.839559253246733
2026-05-06 16:00:00,2026-05-06,16,2,5,164,176.4926582306582,Random Forest,-12.492658230658208,12.492658230658208
2026-05-06 17:00:00,2026-05-06,17,2,5,309,322.8335196608947,Random Forest,-13.833519660894694,13.833519660894694
2026-05-06 18:00:00,2026-05-06,18,2,5,314,348.0150198412699,Random Forest,-34.01501984126992,34.01501984126992
2026-05-06 19:00:00,2026-05-06,19,2,5,203,216.93839468864462,Random Forest,-13.938394688644621,13.938394688644621
2026-05-06 20:00:00,2026-05-06,20,2,5,156,167.79904437229442,Random Forest,-11.799044372294418,11.799044372294418
2026-05-06 21:00:00,2026-05-06,21,2,5,49,87.15701533189035,Random Forest,-38.15701533189035,38.15701533189035
2026-05-06 22:00:00,2026-05-06,22,2,5,57,48.006095598845604,Random Forest,8.993904401154396,8.993904401154396
2026-05-06 23:00:00,2026-05-06,23,2,5,27,33.99875450937951,Random Forest,-6.998754509379509,6.998754509379509
2026-05-07 00:00:00,2026-05-07,0,3,5,19,15.89960551948051,Random Forest,3.1003944805194905,3.1003944805194905
2026-05-07 01:00:00,2026-05-07,1,3,5,10,10.626929112554116,Random Forest,-0.6269291125541159,0.6269291125541159
2026-05-07 02:00:00,2026-05-07,2,3,5,1,3.640812733817322,Random Forest,-2.640812733817322,2.640812733817322
2026-05-07 03:00:00,2026-05-07,3,3,5,0,1.7906143431860548,Random Forest,-1.7906143431860548,1.7906143431860548
2026-05-07 04:00:00,2026-05-07,4,3,5,10,10.330925280299626,Random Forest,-0.33092528029962587,0.33092528029962587
2026-05-07 05:00:00,2026-05-07,5,3,5,42,38.40304267686218,Random Forest,3.596957323137822,3.596957323137822
2026-05-07 06:00:00,2026-05-07,6,3,5,90,100.5931498917749,Random Forest,-10.5931498917749,10.5931498917749
2026-05-07 07:00:00,2026-05-07,7,3,5,232,207.91252579365081,Random Forest,24.087474206349185,24.087474206349185
2026-05-07 08:00:00,2026-05-07,8,3,5,281,300.3926785714287,Random Forest,-19.39267857142869,19.39267857142869
2026-05-07 09:00:00,2026-05-07,9,3,5,116,130.63706872294378,Random Forest,-14.63706872294378,14.63706872294378
2026-05-07 10:00:00,2026-05-07,10,3,5,121,108.11674341070808,Random Forest,12.883256589291918,12.883256589291918
2026-05-07 11:00:00,2026-05-07,11,3,5,111,113.54699259371462,Random Forest,-2.54699259371462,2.54699259371462
2026-05-07 12:00:00,2026-05-07,12,3,5,127,118.16089534721064,Random Forest,8.83910465278936,8.83910465278936
2026-05-07 13:00:00,2026-05-07,13,3,5,130,123.47940277777784,Random Forest,6.520597222222165,6.520597222222165
2026-05-07 14:00:00,2026-05-07,14,3,5,133,130.43706869132754,Random Forest,2.5629313086724608,2.5629313086724608
2026-05-07 15:00:00,2026-05-07,15,3,5,192,175.39313512876015,Random Forest,16.60686487123985,16.60686487123985
2026-05-07 16:00:00,2026-05-07,16,3,5,238,226.97682967032975,Random Forest,11.02317032967025,11.02317032967025
2026-05-07 17:00:00,2026-05-07,17,3,5,394,367.24493055555564,Random Forest,26.75506944444436,26.75506944444436
2026-05-07 18:00:00,2026-05-07,18,3,5,342,346.37438888888886,Random Forest,-4.374388888888859,4.374388888888859
2026-05-07 19:00:00,2026-05-07,19,3,5,271,261.59793632756134,Random Forest,9.402063672438658,9.402063672438658
2026-05-07 20:00:00,2026-05-07,20,3,5,162,164.50865018315014,Random Forest,-2.508650183150138,2.508650183150138
2026-05-07 21:00:00,2026-05-07,21,3,5,127,121.63624923687425,Random Forest,5.363750763125751,5.363750763125751
2026-05-07 22:00:00,2026-05-07,22,3,5,79,86.15230674880677,Random Forest,-7.152306748806765,7.152306748806765
2026-05-07 23:00:00,2026-05-07,23,3,5,48,54.57028058053055,Random Forest,-6.57028058053055,6.57028058053055
2026-05-08 00:00:00,2026-05-08,0,4,5,21,24.585289682539692,Random Forest,-3.585289682539692,3.585289682539692
2026-05-08 01:00:00,2026-05-08,1,4,5,17,14.314377673796793,Random Forest,2.685622326203207,2.685622326203207
2026-05-08 02:00:00,2026-05-08,2,4,5,5,6.464218659932023,Random Forest,-1.4642186599320226,1.4642186599320226
2026-05-08 03:00:00,2026-05-08,3,4,5,4,5.279283947996446,Random Forest,-1.2792839479964462,1.2792839479964462
2026-05-08 04:00:00,2026-05-08,4,4,5,7,9.884297057206926,Random Forest,-2.8842970572069255,2.8842970572069255
2026-05-08 05:00:00,2026-05-08,5,4,5,36,33.09703178916494,Random Forest,2.9029682108350627,2.9029682108350627
2026-05-08 06:00:00,2026-05-08,6,4,5,100,101.64727092352088,Random Forest,-1.6472709235208782,1.6472709235208782
2026-05-08 07:00:00,2026-05-08,7,4,5,197,194.52569227994223,Random Forest,2.474307720057766,2.474307720057766
2026-05-08 08:00:00,2026-05-08,8,4,5,252,243.70296225669748,Random Forest,8.297037743302525,8.297037743302525
2026-05-08 09:00:00,2026-05-08,9,4,5,116,129.24175000000005,Random Forest,-13.241750000000053,13.241750000000053
2026-05-08 10:00:00,2026-05-08,10,4,5,137,131.82277930566167,Random Forest,5.177220694338331,5.177220694338331
2026-05-08 11:00:00,2026-05-08,11,4,5,147,144.1722176018426,Random Forest,2.82778239815741,2.82778239815741
2026-05-08 12:00:00,2026-05-08,12,4,5,147,147.85425801975805,Random Forest,-0.8542580197580492,0.8542580197580492
2026-05-08 13:00:00,2026-05-08,13,4,5,137,146.54484043734047,Random Forest,-9.544840437340468,9.544840437340468
2026-05-08 14:00:00,2026-05-08,14,4,5,182,178.92350595238102,Random Forest,3.0764940476189793,3.0764940476189793
2026-05-08 15:00:00,2026-05-08,15,4,5,241,232.05484122495156,Random Forest,8.94515877504844,8.94515877504844
2026-05-08 16:00:00,2026-05-08,16,4,5,236,264.29265458152946,Random Forest,-28.29265458152946,28.29265458152946
2026-05-08 17:00:00,2026-05-08,17,4,5,328,339.8310974025974,Random Forest,-11.83109740259738,11.83109740259738
2026-05-08 18:00:00,2026-05-08,18,4,5,315,307.21591071428554,Random Forest,7.784089285714458,7.784089285714458
2026-05-08 19:00:00,2026-05-08,19,4,5,233,239.39886219336225,Random Forest,-6.398862193362248,6.398862193362248
2026-05-08 20:00:00,2026-05-08,20,4,5,143,155.24136381673884,Random Forest,-12.24136381673884,12.24136381673884
2026-05-08 21:00:00,2026-05-08,21,4,5,123,122.00300721500714,Random Forest,0.9969927849928553,0.9969927849928553
2026-05-08 22:00:00,2026-05-08,22,4,5,125,111.12420797258301,Random Forest,13.875792027416992,13.875792027416992
2026-05-08 23:00:00,2026-05-08,23,4,5,85,84.4304506882007,Random Forest,0.5695493117993067,0.5695493117993067
2026-05-09 00:00:00,2026-05-09,0,5,5,46,52.68840954878454,Random Forest,-6.688409548784541,6.688409548784541
2026-05-09 01:00:00,2026-05-09,1,5,5,29,27.431609385783315,Random Forest,1.5683906142166855,1.5683906142166855
2026-05-09 02:00:00,2026-05-09,2,5,5,29,25.266410714285715,Random Forest,3.7335892857142845,3.7335892857142845
2026-05-09 03:00:00,2026-05-09,3,5,5,15,18.344047979797963,Random Forest,-3.3440479797979634,3.3440479797979634
2026-05-09 04:00:00,2026-05-09,4,5,5,9,9.844226868517307,Random Forest,-0.8442268685173069,0.8442268685173069
2026-05-09 05:00:00,2026-05-09,5,5,5,11,16.76354990842491,Random Forest,-5.76354990842491,5.76354990842491
2026-05-09 06:00:00,2026-05-09,6,5,5,29,28.670858501534575,Random Forest,0.3291414984654253,0.3291414984654253
2026-05-09 07:00:00,2026-05-09,7,5,5,47,64.00691071428571,Random Forest,-17.00691071428571,17.00691071428571
2026-05-09 08:00:00,2026-05-09,8,5,5,125,108.18053373015879,Random Forest,16.819466269841215,16.819466269841215
2026-05-09 09:00:00,2026-05-09,9,5,5,153,151.35742051004556,Random Forest,1.6425794899544428,1.6425794899544428
2026-05-09 10:00:00,2026-05-09,10,5,5,235,197.3385436507937,Random Forest,37.661456349206304,37.661456349206304
2026-05-09 11:00:00,2026-05-09,11,5,5,199,221.1376311327562,Random Forest,-22.137631132756212,22.137631132756212
2026-05-09 12:00:00,2026-05-09,12,5,5,218,217.67713690476202,Random Forest,0.3228630952379774,0.3228630952379774
2026-05-09 13:00:00,2026-05-09,13,5,5,223,214.26475992063487,Random Forest,8.735240079365127,8.735240079365127
2026-05-09 14:00:00,2026-05-09,14,5,5,68,168.33863782051287,Random Forest,-100.33863782051287,100.33863782051287
2026-05-09 15:00:00,2026-05-09,15,5,5,79,77.27791739766081,Random Forest,1.722082602339185,1.722082602339185
2026-05-09 16:00:00,2026-05-09,16,5,5,65,87.24769642857146,Random Forest,-22.24769642857146,22.24769642857146
2026-05-09 17:00:00,2026-05-09,17,5,5,96,84.56662896825395,Random Forest,11.433371031746049,11.433371031746049
2026-05-09 18:00:00,2026-05-09,18,5,5,60,86.70447023809521,Random Forest,-26.70447023809521,26.70447023809521
2026-05-09 19:00:00,2026-05-09,19,5,5,109,92.41747619047622,Random Forest,16.582523809523778,16.582523809523778
2026-05-09 20:00:00,2026-05-09,20,5,5,85,87.24470634920635,Random Forest,-2.2447063492063535,2.2447063492063535
2026-05-09 21:00:00,2026-05-09,21,5,5,72,75.38718650793649,Random Forest,-3.387186507936491,3.387186507936491
2026-05-09 22:00:00,2026-05-09,22,5,5,52,60.42391865079367,Random Forest,-8.423918650793667,8.423918650793667
2026-05-09 23:00:00,2026-05-09,23,5,5,61,55.725190476190484,Random Forest,5.274809523809516,5.274809523809516
2026-05-10 00:00:00,2026-05-10,0,6,5,51,52.31651641414142,Random Forest,-1.316516414141418,1.316516414141418
2026-05-10 01:00:00,2026-05-10,1,6,5,39,39.62057551500226,Random Forest,-0.6205755150022583,0.6205755150022583
2026-05-10 02:00:00,2026-05-10,2,6,5,26,27.508236590038322,Random Forest,-1.5082365900383223,1.5082365900383223
2026-05-10 03:00:00,2026-05-10,3,6,5,25,23.019724753694575,Random Forest,1.9802752463054247,1.9802752463054247
2026-05-10 04:00:00,2026-05-10,4,6,5,3,8.726975108225112,Random Forest,-5.726975108225112,5.726975108225112
2026-05-10 05:00:00,2026-05-10,5,6,5,10,10.663583258065842,Random Forest,-0.6635832580658416,0.6635832580658416
2026-05-10 06:00:00,2026-05-10,6,6,5,21,20.365331195356934,Random Forest,0.6346688046430664,0.6346688046430664
2026-05-10 07:00:00,2026-05-10,7,6,5,47,44.316889439062045,Random Forest,2.683110560937955,2.683110560937955
2026-05-10 08:00:00,2026-05-10,8,6,5,90,89.62144137806635,Random Forest,0.3785586219336494,0.3785586219336494
2026-05-10 09:00:00,2026-05-10,9,6,5,137,128.6567297471048,Random Forest,8.343270252895195,8.343270252895195
2026-05-10 10:00:00,2026-05-10,10,6,5,159,148.78511111111118,Random Forest,10.214888888888822,10.214888888888822
2026-05-10 11:00:00,2026-05-10,11,6,5,139,145.91832936507936,Random Forest,-6.918329365079359,6.918329365079359
2026-05-10 12:00:00,2026-05-10,12,6,5,166,161.92662362637355,Random Forest,4.073376373626445,4.073376373626445
2026-05-10 13:00:00,2026-05-10,13,6,5,186,176.77020069745072,Random Forest,9.229799302549281,9.229799302549281
2026-05-10 14:00:00,2026-05-10,14,6,5,151,171.94597619047613,Random Forest,-20.94597619047613,20.94597619047613
2026-05-10 15:00:00,2026-05-10,15,6,5,182,174.71557539682536,Random Forest,7.284424603174642,7.284424603174642
2026-05-10 16:00:00,2026-05-10,16,6,5,147,161.33954960317462,Random Forest,-14.339549603174618,14.339549603174618
2026-05-10 17:00:00,2026-05-10,17,6,5,93,129.153119047619,Random Forest,-36.153119047618986,36.153119047618986
2026-05-10 18:00:00,2026-05-10,18,6,5,110,102.94584108946603,Random Forest,7.054158910533971,7.054158910533971
2026-05-10 19:00:00,2026-05-10,19,6,5,136,113.91833730158731,Random Forest,22.081662698412686,22.081662698412686
2026-05-10 20:00:00,2026-05-10,20,6,5,107,102.70919173881671,Random Forest,4.290808261183287,4.290808261183287
2026-05-10 21:00:00,2026-05-10,21,6,5,47,60.18805753968253,Random Forest,-13.188057539682532,13.188057539682532
2026-05-10 22:00:00,2026-05-10,22,6,5,59,48.46577176661059,Random Forest,10.534228233389413,10.534228233389413
2026-05-10 23:00:00,2026-05-10,23,6,5,41,38.86885768398268,Random Forest,2.1311423160173177,2.1311423160173177
2026-05-11 00:00:00,2026-05-11,0,0,5,20,22.31417875180375,Random Forest,-2.3141787518037518,2.3141787518037518
2026-05-11 01:00:00,2026-05-11,1,0,5,17,11.843924963924968,Random Forest,5.156075036075032,5.156075036075032
2026-05-11 02:00:00,2026-05-11,2,0,5,0,4.414443337853297,Random Forest,-4.414443337853297,4.414443337853297
2026-05-11 03:00:00,2026-05-11,3,0,5,9,7.387510822510823,Random Forest,1.6124891774891772,1.6124891774891772
2026-05-11 04:00:00,2026-05-11,4,0,5,10,11.256517327692636,Random Forest,-1.2565173276926362,1.2565173276926362
2026-05-11 05:00:00,2026-05-11,5,0,5,39,35.911273096431955,Random Forest,3.0887269035680447,3.0887269035680447
2026-05-11 06:00:00,2026-05-11,6,0,5,93,99.02013383838383,Random Forest,-6.020133838383828,6.020133838383828
2026-05-11 07:00:00,2026-05-11,7,0,5,202,194.13819101731602,Random Forest,7.861808982683982,7.861808982683982
2026-05-11 08:00:00,2026-05-11,8,0,5,229,231.1183594322345,Random Forest,-2.118359432234513,2.118359432234513
2026-05-11 09:00:00,2026-05-11,9,0,5,99,114.34981349206353,Random Forest,-15.349813492063532,15.349813492063532
2026-05-11 10:00:00,2026-05-11,10,0,5,110,105.55947240369562,Random Forest,4.440527596304378,4.440527596304378
2026-05-11 11:00:00,2026-05-11,11,0,5,86,101.77841082058829,Random Forest,-15.778410820588292,15.778410820588292
2026-05-11 12:00:00,2026-05-11,12,0,5,99,103.30509691295214,Random Forest,-4.305096912952138,4.305096912952138
2026-05-11 13:00:00,2026-05-11,13,0,5,105,108.70331399548058,Random Forest,-3.7033139954805847,3.7033139954805847
2026-05-11 14:00:00,2026-05-11,14,0,5,118,114.1737668978309,Random Forest,3.8262331021690983,3.8262331021690983
2026-05-11 15:00:00,2026-05-11,15,0,5,149,153.58189468864467,Random Forest,-4.581894688644667,4.581894688644667
2026-05-11 16:00:00,2026-05-11,16,0,5,208,199.67802344877353,Random Forest,8.32197655122647,8.32197655122647
2026-05-11 17:00:00,2026-05-11,17,0,5,347,301.6031253607504,Random Forest,45.396874639249575,45.396874639249575
2026-05-11 18:00:00,2026-05-11,18,0,5,309,308.0263158369409,Random Forest,0.9736841630590902,0.9736841630590902
2026-05-11 19:00:00,2026-05-11,19,0,5,214,224.0267853535354,Random Forest,-10.026785353535388,10.026785353535388
2026-05-11 20:00:00,2026-05-11,20,0,5,155,150.0504613095238,Random Forest,4.949538690476203,4.949538690476203
2026-05-11 21:00:00,2026-05-11,21,0,5,112,112.59113163225658,Random Forest,-0.5911316322565767,0.5911316322565767
2026-05-11 22:00:00,2026-05-11,22,0,5,62,62.23534072871575,Random Forest,-0.23534072871574807,0.23534072871574807
2026-05-11 23:00:00,2026-05-11,23,0,5,51,47.9605164141414,Random Forest,3.039483585858598,3.039483585858598
2026-05-12 00:00:00,2026-05-12,0,1,5,9,21.143139971139966,Random Forest,-12.143139971139966,12.143139971139966
2026-05-12 01:00:00,2026-05-12,1,1,5,7,6.680922165122987,Random Forest,0.3190778348770129,0.3190778348770129
2026-05-12 02:00:00,2026-05-12,2,1,5,10,7.319262131799275,Random Forest,2.6807378682007252,2.6807378682007252
2026-05-12 03:00:00,2026-05-12,3,1,5,4,4.8052054753448425,Random Forest,-0.8052054753448425,0.8052054753448425
2026-05-12 04:00:00,2026-05-12,4,1,5,13,13.38621593420056,Random Forest,-0.38621593420056044,0.38621593420056044
2026-05-12 05:00:00,2026-05-12,5,1,5,43,41.551740213387184,Random Forest,1.448259786612816,1.448259786612816
2026-05-12 06:00:00,2026-05-12,6,1,5,138,130.8660337301587,Random Forest,7.133966269841295,7.133966269841295
2026-05-12 07:00:00,2026-05-12,7,1,5,239,235.29756547619044,Random Forest,3.7024345238095577,3.7024345238095577
2026-05-12 08:00:00,2026-05-12,8,1,5,254,275.7282638888888,Random Forest,-21.72826388888882,21.72826388888882
2026-05-12 09:00:00,2026-05-12,9,1,5,110,118.69222290903546,Random Forest,-8.692222909035465,8.692222909035465
2026-05-12 10:00:00,2026-05-12,10,1,5,82,88.3216145978782,Random Forest,-6.321614597878195,6.321614597878195
2026-05-12 11:00:00,2026-05-12,11,1,5,92,96.18746468317262,Random Forest,-4.187464683172621,4.187464683172621
2026-05-12 12:00:00,2026-05-12,12,1,5,114,108.53982957808238,Random Forest,5.460170421917624,5.460170421917624
2026-05-12 13:00:00,2026-05-12,13,1,5,115,123.51141616044346,Random Forest,-8.51141616044346,8.51141616044346
2026-05-12 14:00:00,2026-05-12,14,1,5,135,134.9655245453253,Random Forest,0.034475454674691264,0.034475454674691264
2026-05-12 15:00:00,2026-05-12,15,1,5,157,168.06452593240098,Random Forest,-11.064525932400983,11.064525932400983
2026-05-12 16:00:00,2026-05-12,16,1,5,252,238.51810679271702,Random Forest,13.48189320728298,13.48189320728298
2026-05-12 17:00:00,2026-05-12,17,1,5,357,366.5101435786434,Random Forest,-9.510143578643408,9.510143578643408
2026-05-12 18:00:00,2026-05-12,18,1,5,386,373.0550218253968,Random Forest,12.944978174603193,12.944978174603193
2026-05-12 19:00:00,2026-05-12,19,1,5,251,254.5960129870131,Random Forest,-3.596012987013097,3.596012987013097
2026-05-12 20:00:00,2026-05-12,20,1,5,163,175.48254304029314,Random Forest,-12.482543040293137,12.482543040293137
2026-05-12 21:00:00,2026-05-12,21,1,5,99,109.96149648268393,Random Forest,-10.961496482683927,10.961496482683927
2026-05-12 22:00:00,2026-05-12,22,1,5,82,79.33314105339106,Random Forest,2.66685894660894,2.66685894660894
2026-05-12 23:00:00,2026-05-12,23,1,5,38,47.28176100288598,Random Forest,-9.281761002885979,9.281761002885979
2026-05-13 00:00:00,2026-05-13,0,2,5,17,17.7959659090909,Random Forest,-0.7959659090908993,0.7959659090908993
2026-05-13 01:00:00,2026-05-13,1,2,5,7,8.908053525722641,Random Forest,-1.9080535257226412,1.9080535257226412
2026-05-13 02:00:00,2026-05-13,2,2,5,4,5.3688959313185025,Random Forest,-1.3688959313185025,1.3688959313185025
2026-05-13 03:00:00,2026-05-13,3,2,5,4,4.390716663342377,Random Forest,-0.39071666334237687,0.39071666334237687
2026-05-13 04:00:00,2026-05-13,4,2,5,16,12.422251374326715,Random Forest,3.5777486256732853,3.5777486256732853
2026-05-13 05:00:00,2026-05-13,5,2,5,49,47.55627241883933,Random Forest,1.4437275811606725,1.4437275811606725
2026-05-13 06:00:00,2026-05-13,6,2,5,131,131.88757341269843,Random Forest,-0.8875734126984298,0.8875734126984298
2026-05-13 07:00:00,2026-05-13,7,2,5,227,230.6648136724387,Random Forest,-3.6648136724386973,3.6648136724386973
2026-05-13 08:00:00,2026-05-13,8,2,5,280,275.2663593073594,Random Forest,4.73364069264062,4.73364069264062
2026-05-13 09:00:00,2026-05-13,9,2,5,155,141.4741626082251,Random Forest,13.5258373917749,13.5258373917749
2026-05-13 10:00:00,2026-05-13,10,2,5,108,107.22351154401153,Random Forest,0.7764884559884706,0.7764884559884706
2026-05-13 11:00:00,2026-05-13,11,2,5,108,110.72348465980542,Random Forest,-2.723484659805422,2.723484659805422
2026-05-13 12:00:00,2026-05-13,12,2,5,117,116.684940873179,Random Forest,0.3150591268209979,0.3150591268209979
2026-05-13 13:00:00,2026-05-13,13,2,5,106,113.12533479726265,Random Forest,-7.125334797262653,7.125334797262653
2026-05-13 14:00:00,2026-05-13,14,2,5,130,127.74807820178137,Random Forest,2.251921798218632,2.251921798218632
2026-05-13 15:00:00,2026-05-13,15,2,5,188,182.81172741147734,Random Forest,5.188272588522665,5.188272588522665
2026-05-13 16:00:00,2026-05-13,16,2,5,263,251.3350236013987,Random Forest,11.664976398601311,11.664976398601311
2026-05-13 17:00:00,2026-05-13,17,2,5,343,352.9040027056278,Random Forest,-9.904002705627818,9.904002705627818
2026-05-13 18:00:00,2026-05-13,18,2,5,342,338.57289682539687,Random Forest,3.4271031746031326,3.4271031746031326
2026-05-13 19:00:00,2026-05-13,19,2,5,265,260.11687987012994,Random Forest,4.883120129870065,4.883120129870065
2026-05-13 20:00:00,2026-05-13,20,2,5,172,171.5321091269841,Random Forest,0.4678908730159037,0.4678908730159037
2026-05-13 21:00:00,2026-05-13,21,2,5,137,130.07323687423687,Random Forest,6.926763125763131,6.926763125763131
2026-05-13 22:00:00,2026-05-13,22,2,5,73,84.67327344877343,Random Forest,-11.673273448773429,11.673273448773429
2026-05-13 23:00:00,2026-05-13,23,2,5,32,38.64872799422798,Random Forest,-6.648727994227983,6.648727994227983
2026-05-14 00:00:00,2026-05-14,0,3,5,17,16.7877876984127,Random Forest,0.2122123015873001,0.2122123015873001
2026-05-14 01:00:00,2026-05-14,1,3,5,3,6.222238505801044,Random Forest,-3.2222385058010437,3.2222385058010437
2026-05-14 02:00:00,2026-05-14,2,3,5,1,2.428152914762957,Random Forest,-1.4281529147629568,1.4281529147629568
2026-05-14 03:00:00,2026-05-14,3,3,5,3,2.4708435570277674,Random Forest,0.5291564429722326,0.5291564429722326
2026-05-14 04:00:00,2026-05-14,4,3,5,8,10.33180763823825,Random Forest,-2.3318076382382493,2.3318076382382493
2026-05-14 05:00:00,2026-05-14,5,3,5,45,43.430951097105506,Random Forest,1.5690489028944938,1.5690489028944938
2026-05-14 06:00:00,2026-05-14,6,3,5,125,124.77618253968257,Random Forest,0.22381746031743432,0.22381746031743432
2026-05-14 07:00:00,2026-05-14,7,3,5,226,230.42033134920635,Random Forest,-4.42033134920635,4.42033134920635
2026-05-14 08:00:00,2026-05-14,8,3,5,244,259.98732160894656,Random Forest,-15.987321608946559,15.987321608946559
2026-05-14 09:00:00,2026-05-14,9,3,5,116,138.7217342749843,Random Forest,-22.7217342749843,22.7217342749843
2026-05-14 10:00:00,2026-05-14,10,3,5,96,109.4120084900731,Random Forest,-13.412008490073106,13.412008490073106
2026-05-14 11:00:00,2026-05-14,11,3,5,85,94.21917467793823,Random Forest,-9.219174677938227,9.219174677938227
2026-05-14 12:00:00,2026-05-14,12,3,5,105,101.33450715701366,Random Forest,3.665492842986339,3.665492842986339
2026-05-14 13:00:00,2026-05-14,13,3,5,101,103.23945322193326,Random Forest,-2.2394532219332604,2.2394532219332604
2026-05-14 14:00:00,2026-05-14,14,3,5,124,119.14132565693639,Random Forest,4.858674343063612,4.858674343063612
2026-05-14 15:00:00,2026-05-14,15,3,5,187,180.87951663614172,Random Forest,6.120483363858284,6.120483363858284
2026-05-14 16:00:00,2026-05-14,16,3,5,240,240.25722019320537,Random Forest,-0.25722019320537015,0.25722019320537015
2026-05-14 17:00:00,2026-05-14,17,3,5,363,361.47950234487723,Random Forest,1.5204976551227674,1.5204976551227674
2026-05-14 18:00:00,2026-05-14,18,3,5,329,337.9795714285715,Random Forest,-8.97957142857149,8.97957142857149
2026-05-14 19:00:00,2026-05-14,19,3,5,260,259.88325396825394,Random Forest,0.11674603174606091,0.11674603174606091
2026-05-14 20:00:00,2026-05-14,20,3,5,174,169.5832123015873,Random Forest,4.416787698412691,4.416787698412691
2026-05-14 21:00:00,2026-05-14,21,3,5,132,130.03032918470421,Random Forest,1.9696708152957854,1.9696708152957854
2026-05-14 22:00:00,2026-05-14,22,3,5,98,96.0899603174603,Random Forest,1.9100396825397041,1.9100396825397041
2026-05-14 23:00:00,2026-05-14,23,3,5,60,60.693991702741705,Random Forest,-0.6939917027417053,0.6939917027417053
2026-05-15 00:00:00,2026-05-15,0,4,5,19,24.35085217077609,Random Forest,-5.35085217077609,5.35085217077609
2026-05-15 01:00:00,2026-05-15,1,4,5,16,14.072243714618718,Random Forest,1.9277562853812817,1.9277562853812817
2026-05-15 02:00:00,2026-05-15,2,4,5,10,7.732026714244564,Random Forest,2.2679732857554358,2.2679732857554358
2026-05-15 03:00:00,2026-05-15,3,4,5,4,5.335755208473253,Random Forest,-1.3357552084732527,1.3357552084732527
2026-05-15 04:00:00,2026-05-15,4,4,5,7,8.030849943470228,Random Forest,-1.030849943470228,1.030849943470228
2026-05-15 05:00:00,2026-05-15,5,4,5,39,36.672464328847475,Random Forest,2.327535671152525,2.327535671152525
2026-05-15 06:00:00,2026-05-15,6,4,5,99,106.14589195526698,Random Forest,-7.1458919552669755,7.1458919552669755
2026-05-15 07:00:00,2026-05-15,7,4,5,203,195.12349404761906,Random Forest,7.876505952380938,7.876505952380938
2026-05-15 08:00:00,2026-05-15,8,4,5,231,238.55309122495146,Random Forest,-7.553091224951459,7.553091224951459
2026-05-15 09:00:00,2026-05-15,9,4,5,156,140.18848115079365,Random Forest,15.811518849206351,15.811518849206351
2026-05-15 10:00:00,2026-05-15,10,4,5,136,139.96923792730263,Random Forest,-3.969237927302629,3.969237927302629
2026-05-15 11:00:00,2026-05-15,11,4,5,149,144.98593530081035,Random Forest,4.014064699189646,4.014064699189646
2026-05-15 12:00:00,2026-05-15,12,4,5,143,150.25134523809527,Random Forest,-7.2513452380952685,7.2513452380952685
2026-05-15 13:00:00,2026-05-15,13,4,5,180,157.4395945249534,Random Forest,22.560405475046593,22.560405475046593
2026-05-15 14:00:00,2026-05-15,14,4,5,175,183.7891527777778,Random Forest,-8.789152777777787,8.789152777777787
2026-05-15 15:00:00,2026-05-15,15,4,5,253,233.02432504668525,Random Forest,19.97567495331475,19.97567495331475
2026-05-15 16:00:00,2026-05-15,16,4,5,297,280.0780712481962,Random Forest,16.92192875180382,16.92192875180382
2026-05-15 17:00:00,2026-05-15,17,4,5,356,350.3306415945164,Random Forest,5.669358405483592,5.669358405483592
2026-05-15 18:00:00,2026-05-15,18,4,5,304,305.44089880952373,Random Forest,-1.4408988095237305,1.4408988095237305
2026-05-15 19:00:00,2026-05-15,19,4,5,237,237.9601886724387,Random Forest,-0.9601886724387043,0.9601886724387043
2026-05-15 20:00:00,2026-05-15,20,4,5,162,163.7961724386725,Random Forest,-1.7961724386724995,1.7961724386724995
2026-05-15 21:00:00,2026-05-15,21,4,5,129,126.8734568903318,Random Forest,2.126543109668205,2.126543109668205
2026-05-15 22:00:00,2026-05-15,22,4,5,120,113.92322903485405,Random Forest,6.076770965145954,6.076770965145954
2026-05-15 23:00:00,2026-05-15,23,4,5,79,82.8267757936508,Random Forest,-3.8267757936507962,3.8267757936507962
2026-05-16 00:00:00,2026-05-16,0,5,5,64,56.35353617216118,Random Forest,7.646463827838822,7.646463827838822
2026-05-16 01:00:00,2026-05-16,1,5,5,39,38.36165277777778,Random Forest,0.6383472222222224,0.6383472222222224
2026-05-16 02:00:00,2026-05-16,2,5,5,43,31.876232142857138,Random Forest,11.123767857142862,11.123767857142862
2026-05-16 03:00:00,2026-05-16,3,5,5,17,20.217851190476193,Random Forest,-3.2178511904761926,3.2178511904761926
2026-05-16 04:00:00,2026-05-16,4,5,5,19,13.919476190476194,Random Forest,5.080523809523806,5.080523809523806
2026-05-16 05:00:00,2026-05-16,5,5,5,35,26.03440277777778,Random Forest,8.965597222222222,8.965597222222222
2026-05-16 06:00:00,2026-05-16,6,5,5,37,61.01524801587307,Random Forest,-24.01524801587307,24.01524801587307
2026-05-16 07:00:00,2026-05-16,7,5,5,72,69.25214484126985,Random Forest,2.7478551587301467,2.7478551587301467
2026-05-16 08:00:00,2026-05-16,8,5,5,138,124.89884605508871,Random Forest,13.101153944911289,13.101153944911289
2026-05-16 09:00:00,2026-05-16,9,5,5,189,179.33685050402804,Random Forest,9.663149495971965,9.663149495971965
2026-05-16 10:00:00,2026-05-16,10,5,5,229,215.98522222222215,Random Forest,13.014777777777851,13.014777777777851
2026-05-16 11:00:00,2026-05-16,11,5,5,274,251.63372817460328,Random Forest,22.366271825396723,22.366271825396723
2026-05-16 12:00:00,2026-05-16,12,5,5,284,277.20777435064934,Random Forest,6.792225649350655,6.792225649350655
2026-05-16 13:00:00,2026-05-16,13,5,5,294,277.62790945165943,Random Forest,16.372090548340566,16.372090548340566
2026-05-16 14:00:00,2026-05-16,14,5,5,256,237.34321915584422,Random Forest,18.656780844155776,18.656780844155776
2026-05-16 15:00:00,2026-05-16,15,5,5,292,266.45847619047623,Random Forest,25.541523809523767,25.541523809523767
2026-05-16 16:00:00,2026-05-16,16,5,5,266,263.96540079365064,Random Forest,2.0345992063493554,2.0345992063493554
2026-05-16 17:00:00,2026-05-16,17,5,5,274,266.77886233211217,Random Forest,7.221137667887831,7.221137667887831
2026-05-16 18:00:00,2026-05-16,18,5,5,261,256.5051072954823,Random Forest,4.494892704517724,4.494892704517724
2026-05-16 19:00:00,2026-05-16,19,5,5,238,223.193000901876,Random Forest,14.80699909812401,14.80699909812401
2026-05-16 20:00:00,2026-05-16,20,5,5,195,190.19568452380958,Random Forest,4.804315476190425,4.804315476190425
2026-05-16 21:00:00,2026-05-16,21,5,5,172,162.96356349206349,Random Forest,9.036436507936514,9.036436507936514
2026-05-16 22:00:00,2026-05-16,22,5,5,134,134.0634742063492,Random Forest,-0.06347420634921264,0.06347420634921264
2026-05-16 23:00:00,2026-05-16,23,5,5,113,104.56645238095238,Random Forest,8.433547619047616,8.433547619047616
2026-05-17 00:00:00,2026-05-17,0,6,5,74,78.88925793650799,Random Forest,-4.889257936507988,4.889257936507988
2026-05-17 01:00:00,2026-05-17,1,6,5,57,57.76667460317461,Random Forest,-0.7666746031746072,0.7666746031746072
2026-05-17 02:00:00,2026-05-17,2,6,5,65,55.50066702741702,Random Forest,9.499332972582977,9.499332972582977
2026-05-17 03:00:00,2026-05-17,3,6,5,47,41.491186507936526,Random Forest,5.508813492063474,5.508813492063474
2026-05-17 04:00:00,2026-05-17,4,6,5,17,19.98736309523811,Random Forest,-2.987363095238109,2.987363095238109
2026-05-17 05:00:00,2026-05-17,5,6,5,11,19.021900793650797,Random Forest,-8.021900793650797,8.021900793650797
2026-05-17 06:00:00,2026-05-17,6,6,5,26,27.409130306163703,Random Forest,-1.4091303061637035,1.4091303061637035
2026-05-17 07:00:00,2026-05-17,7,6,5,63,60.96947943722943,Random Forest,2.030520562770569,2.030520562770569
2026-05-17 08:00:00,2026-05-17,8,6,5,114,111.91066459765722,Random Forest,2.0893354023427833,2.0893354023427833
2026-05-17 09:00:00,2026-05-17,9,6,5,146,154.055505952381,Random Forest,-8.055505952380997,8.055505952380997
2026-05-17 10:00:00,2026-05-17,10,6,5,209,191.51060912698412,Random Forest,17.48939087301588,17.48939087301588
2026-05-17 11:00:00,2026-05-17,11,6,5,268,257.50011920024406,Random Forest,10.499880799755942,10.499880799755942
2026-05-17 12:00:00,2026-05-17,12,6,5,268,270.5444427516926,Random Forest,-2.5444427516926,2.5444427516926
2026-05-17 13:00:00,2026-05-17,13,6,5,275,269.64907156732147,Random Forest,5.350928432678529,5.350928432678529
2026-05-17 14:00:00,2026-05-17,14,6,5,278,274.5037261904761,Random Forest,3.4962738095239274,3.4962738095239274
2026-05-17 15:00:00,2026-05-17,15,6,5,282,274.1529584720834,Random Forest,7.847041527916588,7.847041527916588
2026-05-17 16:00:00,2026-05-17,16,6,5,284,276.97610804473294,Random Forest,7.023891955267061,7.023891955267061
2026-05-17 17:00:00,2026-05-17,17,6,5,262,265.35910119047617,Random Forest,-3.359101190476167,3.359101190476167
2026-05-17 18:00:00,2026-05-17,18,6,5,257,252.37726800976802,Random Forest,4.6227319902319834,4.6227319902319834
2026-05-17 19:00:00,2026-05-17,19,6,5,217,215.87355753968262,Random Forest,1.126442460317378,1.126442460317378
2026-05-17 20:00:00,2026-05-17,20,6,5,177,184.02262175324674,Random Forest,-7.022621753246739,7.022621753246739
2026-05-17 21:00:00,2026-05-17,21,6,5,123,144.85197871572873,Random Forest,-21.851978715728734,21.851978715728734
2026-05-17 22:00:00,2026-05-17,22,6,5,77,92.81499729437229,Random Forest,-15.81499729437229,15.81499729437229
2026-05-17 23:00:00,2026-05-17,23,6,5,59,60.44193957431457,Random Forest,-1.441939574314567,1.441939574314567
2026-05-18 00:00:00,2026-05-18,0,0,5,39,48.83866865079365,Random Forest,-9.83866865079365,9.83866865079365
2026-05-18 01:00:00,2026-05-18,1,0,5,12,23.974228174603176,Random Forest,-11.974228174603176,11.974228174603176
2026-05-18 02:00:00,2026-05-18,2,0,5,15,12.766689213564213,Random Forest,2.233310786435787,2.233310786435787
2026-05-18 03:00:00,2026-05-18,3,0,5,10,10.24463597151641,Random Forest,-0.24463597151640926,0.24463597151640926
2026-05-18 04:00:00,2026-05-18,4,0,5,8,10.808330232160335,Random Forest,-2.808330232160335,2.808330232160335
2026-05-18 05:00:00,2026-05-18,5,0,5,46,37.45589155719758,Random Forest,8.544108442802418,8.544108442802418
2026-05-18 06:00:00,2026-05-18,6,0,5,129,116.00813203463206,Random Forest,12.991867965367945,12.991867965367945
2026-05-18 07:00:00,2026-05-18,7,0,5,208,209.88885858585857,Random Forest,-1.8888585858585714,1.8888585858585714
2026-05-18 08:00:00,2026-05-18,8,0,5,263,250.01382936507943,Random Forest,12.986170634920569,12.986170634920569
2026-05-18 09:00:00,2026-05-18,9,0,5,129,144.28943272005773,Random Forest,-15.289432720057732,15.289432720057732
2026-05-18 10:00:00,2026-05-18,10,0,5,129,138.1998234126984,Random Forest,-9.199823412698407,9.199823412698407
2026-05-18 11:00:00,2026-05-18,11,0,5,134,137.4002624458874,Random Forest,-3.4002624458873925,3.4002624458873925
2026-05-18 12:00:00,2026-05-18,12,0,5,136,138.200193001443,Random Forest,-2.2001930014430116,2.2001930014430116
2026-05-18 13:00:00,2026-05-18,13,0,5,123,134.87113744588748,Random Forest,-11.871137445887484,11.871137445887484
2026-05-18 14:00:00,2026-05-18,14,0,5,145,144.1777783189033,Random Forest,0.8222216810966927,0.8222216810966927
2026-05-18 15:00:00,2026-05-18,15,0,5,226,193.18754166666676,Random Forest,32.81245833333324,32.81245833333324
2026-05-18 16:00:00,2026-05-18,16,0,5,273,274.23586002886003,Random Forest,-1.2358600288600314,1.2358600288600314
2026-05-18 17:00:00,2026-05-18,17,0,5,382,360.3046686507936,Random Forest,21.695331349206413,21.695331349206413
2026-05-18 18:00:00,2026-05-18,18,0,5,367,347.34538600288596,Random Forest,19.65461399711404,19.65461399711404
2026-05-18 19:00:00,2026-05-18,19,0,5,265,253.11083730158734,Random Forest,11.889162698412662,11.889162698412662
2026-05-18 20:00:00,2026-05-18,20,0,5,184,193.46181547619054,Random Forest,-9.461815476190537,9.461815476190537
2026-05-18 21:00:00,2026-05-18,21,0,5,135,135.49396144133644,Random Forest,-0.49396144133643816,0.49396144133643816
2026-05-18 22:00:00,2026-05-18,22,0,5,108,101.04084920634915,Random Forest,6.959150793650849,6.959150793650849
2026-05-18 23:00:00,2026-05-18,23,0,5,36,54.241626803751814,Random Forest,-18.241626803751814,18.241626803751814
2026-05-19 00:00:00,2026-05-19,0,1,5,26,23.403541666666666,Random Forest,2.5964583333333344,2.5964583333333344
2026-05-19 01:00:00,2026-05-19,1,1,5,14,13.692109126984123,Random Forest,0.3078908730158769,0.3078908730158769
2026-05-19 02:00:00,2026-05-19,2,1,5,8,8.905965200294162,Random Forest,-0.9059652002941618,0.9059652002941618
2026-05-19 03:00:00,2026-05-19,3,1,5,11,7.937840289128621,Random Forest,3.062159710871379,3.062159710871379
2026-05-19 04:00:00,2026-05-19,4,1,5,15,13.639132256632259,Random Forest,1.3608677433677414,1.3608677433677414
2026-05-19 05:00:00,2026-05-19,5,1,5,45,44.5587504023754,Random Forest,0.4412495976245978,0.4412495976245978
2026-05-19 06:00:00,2026-05-19,6,1,5,145,138.02602579365075,Random Forest,6.973974206349254,6.973974206349254
2026-05-19 07:00:00,2026-05-19,7,1,5,239,237.3928928571427,Random Forest,1.607107142857302,1.607107142857302
2026-05-19 08:00:00,2026-05-19,8,1,5,332,309.81483333333335,Random Forest,22.185166666666646,22.185166666666646
2026-05-19 09:00:00,2026-05-19,9,1,5,133,136.64574310411808,Random Forest,-3.6457431041180826,3.6457431041180826
2026-05-19 10:00:00,2026-05-19,10,1,5,110,111.90821031746033,Random Forest,-1.9082103174603304,1.9082103174603304
2026-05-19 11:00:00,2026-05-19,11,1,5,116,116.43428740914229,Random Forest,-0.4342874091422857,0.4342874091422857
2026-05-19 12:00:00,2026-05-19,12,1,5,135,133.08402447715685,Random Forest,1.915975522843155,1.915975522843155
2026-05-19 13:00:00,2026-05-19,13,1,5,138,137.06869029460876,Random Forest,0.9313097053912429,0.9313097053912429
2026-05-19 14:00:00,2026-05-19,14,1,5,156,155.38450976800974,Random Forest,0.6154902319902646,0.6154902319902646
2026-05-19 15:00:00,2026-05-19,15,1,5,192,195.60469841269844,Random Forest,-3.60469841269844,3.60469841269844
2026-05-19 16:00:00,2026-05-19,16,1,5,233,241.3164265873015,Random Forest,-8.316426587301493,8.316426587301493
2026-05-19 17:00:00,2026-05-19,17,1,5,405,396.93942081529605,Random Forest,8.060579184703954,8.060579184703954
2026-05-19 18:00:00,2026-05-19,18,1,5,406,399.3738594877346,Random Forest,6.626140512265408,6.626140512265408
2026-05-19 19:00:00,2026-05-19,19,1,5,302,275.0966177849928,Random Forest,26.903382215007184,26.903382215007184
2026-05-19 20:00:00,2026-05-19,20,1,5,218,207.66966865079365,Random Forest,10.330331349206347,10.330331349206347
2026-05-19 21:00:00,2026-05-19,21,1,5,126,137.61186944999446,Random Forest,-11.611869449994458,11.611869449994458
2026-05-19 22:00:00,2026-05-19,22,1,5,122,111.94491341991339,Random Forest,10.05508658008661,10.05508658008661
2026-05-19 23:00:00,2026-05-19,23,1,5,68,67.94725198412699,Random Forest,0.05274801587300715,0.05274801587300715
2026-05-20 00:00:00,2026-05-20,0,2,5,48,49.312126984127,Random Forest,-1.3121269841269978,1.3121269841269978
2026-05-20 01:00:00,2026-05-20,1,2,5,9,15.329081890331892,Random Forest,-6.329081890331892,6.329081890331892
2026-05-20 02:00:00,2026-05-20,2,2,5,9,9.33132783216955,Random Forest,-0.3313278321695492,0.3313278321695492
2026-05-20 03:00:00,2026-05-20,3,2,5,5,8.793375811967529,Random Forest,-3.793375811967529,3.793375811967529
2026-05-20 04:00:00,2026-05-20,4,2,5,13,13.472692681189699,Random Forest,-0.47269268118969876,0.47269268118969876
2026-05-20 05:00:00,2026-05-20,5,2,5,50,45.618622655122664,Random Forest,4.381377344877336,4.381377344877336
2026-05-20 06:00:00,2026-05-20,6,2,5,128,128.8240456349206,Random Forest,-0.8240456349205942,0.8240456349205942
2026-05-20 07:00:00,2026-05-20,7,2,5,279,247.79629960317448,Random Forest,31.203700396825525,31.203700396825525
2026-05-20 08:00:00,2026-05-20,8,2,5,331,323.1221884920636,Random Forest,7.877811507936428,7.877811507936428
2026-05-20 09:00:00,2026-05-20,9,2,5,159,162.86150811688316,Random Forest,-3.861508116883158,3.861508116883158
2026-05-20 10:00:00,2026-05-20,10,2,5,102,112.51190079365071,Random Forest,-10.51190079365071,10.51190079365071
2026-05-20 11:00:00,2026-05-20,11,2,5,103,104.35114317634853,Random Forest,-1.351143176348529,1.351143176348529
2026-05-20 12:00:00,2026-05-20,12,2,5,136,122.56675263326002,Random Forest,13.433247366739977,13.433247366739977
2026-05-20 13:00:00,2026-05-20,13,2,5,142,139.60211151348653,Random Forest,2.397888486513466,2.397888486513466
2026-05-20 14:00:00,2026-05-20,14,2,5,158,160.05981143198903,Random Forest,-2.059811431989033,2.059811431989033
2026-05-20 15:00:00,2026-05-20,15,2,5,218,203.8297474747474,Random Forest,14.170252525252607,14.170252525252607
2026-05-20 16:00:00,2026-05-20,16,2,5,262,251.60658531746037,Random Forest,10.393414682539628,10.393414682539628
2026-05-20 17:00:00,2026-05-20,17,2,5,427,408.03101587301614,Random Forest,18.968984126983855,18.968984126983855
2026-05-20 18:00:00,2026-05-20,18,2,5,393,397.45377579365083,Random Forest,-4.453775793650834,4.453775793650834
2026-05-20 19:00:00,2026-05-20,19,2,5,97,230.88276190476194,Random Forest,-133.88276190476194,133.88276190476194
2026-05-20 20:00:00,2026-05-20,20,2,5,70,80.12380357142855,Random Forest,-10.123803571428553,10.123803571428553
2026-05-20 21:00:00,2026-05-20,21,2,5,91,82.86812103174603,Random Forest,8.131878968253972,8.131878968253972
2026-05-20 22:00:00,2026-05-20,22,2,5,65,67.81900793650793,Random Forest,-2.81900793650793,2.81900793650793
2026-05-20 23:00:00,2026-05-20,23,2,5,55,51.56271031746032,Random Forest,3.437289682539678,3.437289682539678
2026-05-21 00:00:00,2026-05-21,0,3,5,25,32.60549206349206,Random Forest,-7.605492063492058,7.605492063492058
2026-05-21 01:00:00,2026-05-21,1,3,5,12,11.810517857142854,Random Forest,0.18948214285714648,0.18948214285714648
2026-05-21 02:00:00,2026-05-21,2,3,5,9,8.404893948887372,Random Forest,0.5951060511126283,0.5951060511126283
2026-05-21 03:00:00,2026-05-21,3,3,5,8,7.156835562721592,Random Forest,0.843164437278408,0.843164437278408
2026-05-21 04:00:00,2026-05-21,4,3,5,13,11.735332400416912,Random Forest,1.2646675995830883,1.2646675995830883
2026-05-21 05:00:00,2026-05-21,5,3,5,35,40.69765346744757,Random Forest,-5.697653467447573,5.697653467447573
2026-05-21 06:00:00,2026-05-21,6,3,5,128,119.28124007936509,Random Forest,8.71875992063491,8.71875992063491
2026-05-21 07:00:00,2026-05-21,7,3,5,230,231.9587996031744,Random Forest,-1.9587996031744126,1.9587996031744126
2026-05-21 08:00:00,2026-05-21,8,3,5,346,310.25714087301594,Random Forest,35.74285912698406,35.74285912698406
2026-05-21 09:00:00,2026-05-21,9,3,5,151,154.8131345598846,Random Forest,-3.8131345598845883,3.8131345598845883
2026-05-21 10:00:00,2026-05-21,10,3,5,53,89.35762344877348,Random Forest,-36.35762344877348,36.35762344877348
2026-05-21 11:00:00,2026-05-21,11,3,5,45,60.18079220779223,Random Forest,-15.18079220779223,15.18079220779223
2026-05-21 12:00:00,2026-05-21,12,3,5,47,53.897958333333335,Random Forest,-6.897958333333335,6.897958333333335
2026-05-21 13:00:00,2026-05-21,13,3,5,84,67.97684722222223,Random Forest,16.023152777777767,16.023152777777767
2026-05-21 14:00:00,2026-05-21,14,3,5,101,106.21908086147309,Random Forest,-5.219080861473088,5.219080861473088
2026-05-21 15:00:00,2026-05-21,15,3,5,178,148.78085119047617,Random Forest,29.21914880952383,29.21914880952383
2026-05-21 16:00:00,2026-05-21,16,3,5,173,196.38680357142854,Random Forest,-23.386803571428544,23.386803571428544
2026-05-21 17:00:00,2026-05-21,17,3,5,293,310.9381625180376,Random Forest,-17.938162518037586,17.938162518037586
2026-05-21 18:00:00,2026-05-21,18,3,5,331,332.89546428571435,Random Forest,-1.895464285714354,1.895464285714354
2026-05-21 19:00:00,2026-05-21,19,3,5,223,223.48194642857135,Random Forest,-0.48194642857134795,0.48194642857134795
2026-05-21 20:00:00,2026-05-21,20,3,5,159,159.06035454822953,Random Forest,-0.06035454822952602,0.06035454822952602
2026-05-21 21:00:00,2026-05-21,21,3,5,116,116.59370161782662,Random Forest,-0.5937016178266248,0.5937016178266248
2026-05-21 22:00:00,2026-05-21,22,3,5,95,91.36687229437229,Random Forest,3.6331277056277145,3.6331277056277145
2026-05-21 23:00:00,2026-05-21,23,3,5,65,65.46016504329003,Random Forest,-0.4601650432900328,0.4601650432900328
2026-05-22 00:00:00,2026-05-22,0,4,5,82,59.03239087301586,Random Forest,22.967609126984136,22.967609126984136
2026-05-22 01:00:00,2026-05-22,1,4,5,24,33.47225992063491,Random Forest,-9.472259920634912,9.472259920634912
2026-05-22 02:00:00,2026-05-22,2,4,5,19,15.851032142857145,Random Forest,3.148967857142855,3.148967857142855
2026-05-22 03:00:00,2026-05-22,3,4,5,7,8.64539308949055,Random Forest,-1.6453930894905504,1.6453930894905504
2026-05-22 04:00:00,2026-05-22,4,4,5,11,10.754418400691154,Random Forest,0.2455815993088457,0.2455815993088457
2026-05-22 05:00:00,2026-05-22,5,4,5,33,32.49107975100572,Random Forest,0.5089202489942792,0.5089202489942792
2026-05-22 06:00:00,2026-05-22,6,4,5,110,103.49629076479071,Random Forest,6.503709235209286,6.503709235209286
2026-05-22 07:00:00,2026-05-22,7,4,5,166,190.05992442279933,Random Forest,-24.059924422799327,24.059924422799327
2026-05-22 08:00:00,2026-05-22,8,4,5,244,248.61700000000002,Random Forest,-4.617000000000019,4.617000000000019
2026-05-22 09:00:00,2026-05-22,9,4,5,139,150.6282261904762,Random Forest,-11.628226190476198,11.628226190476198
2026-05-22 10:00:00,2026-05-22,10,4,5,128,137.5332536976912,Random Forest,-9.533253697691208,9.533253697691208
2026-05-22 11:00:00,2026-05-22,11,4,5,180,166.0321112914863,Random Forest,13.967888708513698,13.967888708513698
2026-05-22 12:00:00,2026-05-22,12,4,5,191,175.48917947330446,Random Forest,15.51082052669554,15.51082052669554
2026-05-22 13:00:00,2026-05-22,13,4,5,212,208.480757936508,Random Forest,3.519242063491987,3.519242063491987
2026-05-22 14:00:00,2026-05-22,14,4,5,243,212.42524801587305,Random Forest,30.574751984126948,30.574751984126948
2026-05-22 15:00:00,2026-05-22,15,4,5,254,255.96382432844936,Random Forest,-1.9638243284493626,1.9638243284493626
2026-05-22 16:00:00,2026-05-22,16,4,5,304,289.94066144966143,Random Forest,14.059338550338566,14.059338550338566
2026-05-22 17:00:00,2026-05-22,17,4,5,278,299.22791161616175,Random Forest,-21.227911616161748,21.227911616161748
2026-05-22 18:00:00,2026-05-22,18,4,5,241,281.1780932539682,Random Forest,-40.1780932539682,40.1780932539682
2026-05-22 19:00:00,2026-05-22,19,4,5,191,194.0861547619048,Random Forest,-3.086154761904794,3.086154761904794
2026-05-22 20:00:00,2026-05-22,20,4,5,167,170.33164880952378,Random Forest,-3.3316488095237844,3.3316488095237844
2026-05-22 21:00:00,2026-05-22,21,4,5,137,133.54180659618157,Random Forest,3.458193403818427,3.458193403818427
2026-05-22 22:00:00,2026-05-22,22,4,5,86,106.63921153846155,Random Forest,-20.639211538461552,20.639211538461552
2026-05-22 23:00:00,2026-05-22,23,4,5,87,81.53121230158732,Random Forest,5.468787698412683,5.468787698412683
2026-05-23 00:00:00,2026-05-23,0,5,5,59,92.61076190476193,Random Forest,-33.61076190476193,33.61076190476193
2026-05-23 01:00:00,2026-05-23,1,5,5,46,45.18833405000798,Random Forest,0.8116659499920189,0.8116659499920189
2026-05-23 02:00:00,2026-05-23,2,5,5,24,28.098968253968255,Random Forest,-4.0989682539682555,4.0989682539682555
2026-05-23 03:00:00,2026-05-23,3,5,5,20,17.350448412698412,Random Forest,2.6495515873015876,2.6495515873015876
2026-05-23 04:00:00,2026-05-23,4,5,5,9,12.543763431013435,Random Forest,-3.543763431013435,3.543763431013435
2026-05-23 05:00:00,2026-05-23,5,5,5,12,21.368553726847786,Random Forest,-9.368553726847786,9.368553726847786
2026-05-23 06:00:00,2026-05-23,6,5,5,22,27.573516499582276,Random Forest,-5.573516499582276,5.573516499582276
2026-05-23 07:00:00,2026-05-23,7,5,5,40,50.44435082972583,Random Forest,-10.444350829725828,10.444350829725828
2026-05-23 08:00:00,2026-05-23,8,5,5,82,87.5405681818182,Random Forest,-5.540568181818202,5.540568181818202
2026-05-23 09:00:00,2026-05-23,9,5,5,118,109.47409897045496,Random Forest,8.52590102954504,8.52590102954504
2026-05-23 10:00:00,2026-05-23,10,5,5,125,117.45778652066885,Random Forest,7.542213479331153,7.542213479331153
2026-05-23 11:00:00,2026-05-23,11,5,5,98,121.067707070707,Random Forest,-23.067707070707,23.067707070707
2026-05-23 12:00:00,2026-05-23,12,5,5,109,98.81979688528529,Random Forest,10.180203114714715,10.180203114714715
2026-05-23 13:00:00,2026-05-23,13,5,5,75,97.8723648851149,Random Forest,-22.872364885114905,22.872364885114905
2026-05-23 14:00:00,2026-05-23,14,5,5,63,67.63263095238092,Random Forest,-4.6326309523809215,4.6326309523809215
2026-05-23 15:00:00,2026-05-23,15,5,5,66,64.6462142857143,Random Forest,1.3537857142857064,1.3537857142857064
2026-05-23 16:00:00,2026-05-23,16,5,5,47,61.03023214285715,Random Forest,-14.030232142857152,14.030232142857152
2026-05-23 17:00:00,2026-05-23,17,5,5,14,37.82328571428572,Random Forest,-23.823285714285717,23.823285714285717
2026-05-23 18:00:00,2026-05-23,18,5,5,15,22.54113023088022,Random Forest,-7.541130230880221,7.541130230880221
2026-05-23 19:00:00,2026-05-23,19,5,5,23,21.447517135642123,Random Forest,1.5524828643578772,1.5524828643578772
2026-05-23 20:00:00,2026-05-23,20,5,5,16,20.141616341991337,Random Forest,-4.141616341991337,4.141616341991337
2026-05-23 21:00:00,2026-05-23,21,5,5,22,19.37524999999999,Random Forest,2.6247500000000095,2.6247500000000095
2026-05-23 22:00:00,2026-05-23,22,5,5,26,21.391208333333324,Random Forest,4.608791666666676,4.608791666666676
2026-05-23 23:00:00,2026-05-23,23,5,5,31,32.54204401154403,Random Forest,-1.5420440115440286,1.5420440115440286
2026-05-24 00:00:00,2026-05-24,0,6,5,29,35.50659451659451,Random Forest,-6.506594516594511,6.506594516594511
2026-05-24 01:00:00,2026-05-24,1,6,5,16,24.83956746031746,Random Forest,-8.839567460317461,8.839567460317461
2026-05-24 02:00:00,2026-05-24,2,6,5,12,12.600462301587307,Random Forest,-0.6004623015873065,0.6004623015873065
2026-05-24 03:00:00,2026-05-24,3,6,5,7,10.165785173160172,Random Forest,-3.165785173160172,3.165785173160172
2026-05-24 04:00:00,2026-05-24,4,6,5,1,6.172123293373289,Random Forest,-5.172123293373289,5.172123293373289
2026-05-24 05:00:00,2026-05-24,5,6,5,10,8.981667088452896,Random Forest,1.0183329115471036,1.0183329115471036
2026-05-24 06:00:00,2026-05-24,6,6,5,8,12.512028089627174,Random Forest,-4.512028089627174,4.512028089627174
2026-05-24 07:00:00,2026-05-24,7,6,5,14,16.57060471692051,Random Forest,-2.57060471692051,2.57060471692051
2026-05-24 08:00:00,2026-05-24,8,6,5,12,19.830419277360054,Random Forest,-7.830419277360054,7.830419277360054
2026-05-24 09:00:00,2026-05-24,9,6,5,23,21.237649436090216,Random Forest,1.7623505639097843,1.7623505639097843
2026-05-24 10:00:00,2026-05-24,10,6,5,30,30.145666666666674,Random Forest,-0.14566666666667416,0.14566666666667416
2026-05-24 11:00:00,2026-05-24,11,6,5,26,34.71993632756132,Random Forest,-8.71993632756132,8.71993632756132
2026-05-24 12:00:00,2026-05-24,12,6,5,33,34.62961489898991,Random Forest,-1.6296148989899066,1.6296148989899066
2026-05-24 13:00:00,2026-05-24,13,6,5,51,45.553496572871545,Random Forest,5.446503427128455,5.446503427128455
2026-05-24 14:00:00,2026-05-24,14,6,5,51,56.400752886002884,Random Forest,-5.400752886002884,5.400752886002884
2026-05-24 15:00:00,2026-05-24,15,6,5,59,57.3346874098124,Random Forest,1.6653125901875967,1.6653125901875967
2026-05-24 16:00:00,2026-05-24,16,6,5,71,66.24286381673883,Random Forest,4.757136183261167,4.757136183261167
2026-05-24 17:00:00,2026-05-24,17,6,5,77,75.57553138528138,Random Forest,1.42446861471862,1.42446861471862
2026-05-24 18:00:00,2026-05-24,18,6,5,67,75.53940638528137,Random Forest,-8.539406385281367,8.539406385281367
2026-05-24 19:00:00,2026-05-24,19,6,5,76,67.5649659090909,Random Forest,8.435034090909099,8.435034090909099
2026-05-24 20:00:00,2026-05-24,20,6,5,67,66.6948170995671,Random Forest,0.30518290043289653,0.30518290043289653
2026-05-24 21:00:00,2026-05-24,21,6,5,43,53.64191161616162,Random Forest,-10.641911616161622,10.641911616161622
2026-05-24 22:00:00,2026-05-24,22,6,5,37,38.69884054834056,Random Forest,-1.6988405483405629,1.6988405483405629
2026-05-24 23:00:00,2026-05-24,23,6,5,36,34.39658459595961,Random Forest,1.6034154040403905,1.6034154040403905
2026-05-25 00:00:00,2026-05-25,0,0,5,31,31.8747347862865,Random Forest,-0.8747347862864991,0.8747347862864991
2026-05-25 01:00:00,2026-05-25,1,0,5,9,12.822051587301585,Random Forest,-3.8220515873015852,3.8220515873015852
2026-05-25 02:00:00,2026-05-25,2,0,5,11,9.8553275947213,Random Forest,1.1446724052786994,1.1446724052786994
2026-05-25 03:00:00,2026-05-25,3,0,5,3,4.592995226827179,Random Forest,-1.5929952268271794,1.5929952268271794
2026-05-25 04:00:00,2026-05-25,4,0,5,5,6.427863636363636,Random Forest,-1.427863636363636,1.427863636363636
2026-05-25 05:00:00,2026-05-25,5,0,5,7,10.936977970784003,Random Forest,-3.936977970784003,3.936977970784003
2026-05-25 06:00:00,2026-05-25,6,0,5,18,16.036622090553127,Random Forest,1.9633779094468728,1.9633779094468728
2026-05-25 07:00:00,2026-05-25,7,0,5,14,25.62507889822596,Random Forest,-11.625078898225961,11.625078898225961
2026-05-25 08:00:00,2026-05-25,8,0,5,29,26.844081367978426,Random Forest,2.1559186320215744,2.1559186320215744
2026-05-25 09:00:00,2026-05-25,9,0,5,49,48.29352994227997,Random Forest,0.7064700577200327,0.7064700577200327
2026-05-25 10:00:00,2026-05-25,10,0,5,82,70.34728373015874,Random Forest,11.652716269841264,11.652716269841264
2026-05-25 11:00:00,2026-05-25,11,0,5,102,101.35826898148953,Random Forest,0.6417310185104697,0.6417310185104697
2026-05-25 12:00:00,2026-05-25,12,0,5,114,112.00675249872232,Random Forest,1.9932475012776791,1.9932475012776791
2026-05-25 13:00:00,2026-05-25,13,0,5,167,143.11877070070452,Random Forest,23.881229299295484,23.881229299295484
2026-05-25 14:00:00,2026-05-25,14,0,5,192,174.61198701298702,Random Forest,17.388012987012985,17.388012987012985
2026-05-25 15:00:00,2026-05-25,15,0,5,194,204.56075829725833,Random Forest,-10.560758297258332,10.560758297258332
2026-05-25 16:00:00,2026-05-25,16,0,5,229,226.80322222222225,Random Forest,2.196777777777754,2.196777777777754
2026-05-25 17:00:00,2026-05-25,17,0,5,250,265.68705519480517,Random Forest,-15.687055194805168,15.687055194805168
2026-05-25 18:00:00,2026-05-25,18,0,5,188,246.50622781385283,Random Forest,-58.50622781385283,58.50622781385283
2026-05-25 19:00:00,2026-05-25,19,0,5,194,185.20204599567106,Random Forest,8.797954004328943,8.797954004328943
2026-05-25 20:00:00,2026-05-25,20,0,5,173,174.50489621489618,Random Forest,-1.5048962148961778,1.5048962148961778
2026-05-25 21:00:00,2026-05-25,21,0,5,99,115.70759231046735,Random Forest,-16.707592310467348,16.707592310467348
2026-05-25 22:00:00,2026-05-25,22,0,5,113,91.59979563492067,Random Forest,21.400204365079333,21.400204365079333
2026-05-25 23:00:00,2026-05-25,23,0,5,58,62.78488888888891,Random Forest,-4.784888888888908,4.784888888888908
2026-05-26 00:00:00,2026-05-26,0,1,5,36,37.05376910824475,Random Forest,-1.053769108244751,1.053769108244751
2026-05-26 01:00:00,2026-05-26,1,1,5,11,13.812237012987014,Random Forest,-2.812237012987014,2.812237012987014
2026-05-26 02:00:00,2026-05-26,2,1,5,6,5.874012470420674,Random Forest,0.12598752957932557,0.12598752957932557
2026-05-26 03:00:00,2026-05-26,3,1,5,6,6.1701363284167625,Random Forest,-0.17013632841676252,0.17013632841676252
2026-05-26 04:00:00,2026-05-26,4,1,5,14,13.408869747206777,Random Forest,0.5911302527932225,0.5911302527932225
2026-05-26 05:00:00,2026-05-26,5,1,5,37,35.16214436076704,Random Forest,1.8378556392329628,1.8378556392329628
2026-05-26 06:00:00,2026-05-26,6,1,5,121,105.58064971139972,Random Forest,15.419350288600285,15.419350288600285
2026-05-26 07:00:00,2026-05-26,7,1,5,217,210.35814826839825,Random Forest,6.641851731601747,6.641851731601747
2026-05-26 08:00:00,2026-05-26,8,1,5,279,269.0726405122656,Random Forest,9.927359487734407,9.927359487734407
2026-05-26 09:00:00,2026-05-26,9,1,5,129,128.6355334249085,Random Forest,0.36446657509151237,0.36446657509151237
2026-05-26 10:00:00,2026-05-26,10,1,5,98,105.80248629148629,Random Forest,-7.802486291486289,7.802486291486289
2026-05-26 11:00:00,2026-05-26,11,1,5,116,106.91924366264706,Random Forest,9.080756337352938,9.080756337352938
2026-05-26 12:00:00,2026-05-26,12,1,5,132,130.241724066625,Random Forest,1.758275933374989,1.758275933374989
2026-05-26 13:00:00,2026-05-26,13,1,5,139,143.63347395002668,Random Forest,-4.6334739500266835,4.6334739500266835
2026-05-26 14:00:00,2026-05-26,14,1,5,128,146.33629787610053,Random Forest,-18.33629787610053,18.33629787610053
2026-05-26 15:00:00,2026-05-26,15,1,5,205,188.33582799145313,Random Forest,16.66417200854687,16.66417200854687
2026-05-26 16:00:00,2026-05-26,16,1,5,259,254.65597420634913,Random Forest,4.3440257936508715,4.3440257936508715
2026-05-26 17:00:00,2026-05-26,17,1,5,426,359.53074927849923,Random Forest,66.46925072150077,66.46925072150077
2026-05-26 18:00:00,2026-05-26,18,1,5,393,359.3050198412699,Random Forest,33.69498015873012,33.69498015873012
2026-05-26 19:00:00,2026-05-26,19,1,5,274,278.52682142857134,Random Forest,-4.526821428571338,4.526821428571338
2026-05-26 20:00:00,2026-05-26,20,1,5,190,190.06118849206342,Random Forest,-0.06118849206342247,0.06118849206342247
2026-05-26 21:00:00,2026-05-26,21,1,5,135,134.50304865273608,Random Forest,0.49695134726391643,0.49695134726391643
2026-05-26 22:00:00,2026-05-26,22,1,5,88,102.84808455433456,Random Forest,-14.848084554334562,14.848084554334562
2026-05-26 23:00:00,2026-05-26,23,1,5,45,53.225962301587316,Random Forest,-8.225962301587316,8.225962301587316
2026-05-27 00:00:00,2026-05-27,0,2,5,18,29.222539682539686,Random Forest,-11.222539682539686,11.222539682539686
2026-05-27 01:00:00,2026-05-27,1,2,5,14,12.012975142007756,Random Forest,1.9870248579922443,1.9870248579922443
2026-05-27 02:00:00,2026-05-27,2,2,5,5,6.2381588078021375,Random Forest,-1.2381588078021375,1.2381588078021375
2026-05-27 03:00:00,2026-05-27,3,2,5,3,4.405295106664409,Random Forest,-1.4052951066644086,1.4052951066644086
2026-05-27 04:00:00,2026-05-27,4,2,5,10,11.100069253403277,Random Forest,-1.1000692534032765,1.1000692534032765
2026-05-27 05:00:00,2026-05-27,5,2,5,51,48.07121986999927,Random Forest,2.9287801300007317,2.9287801300007317
2026-05-27 06:00:00,2026-05-27,6,2,5,130,131.49976118326117,Random Forest,-1.499761183261171,1.499761183261171
2026-05-27 07:00:00,2026-05-27,7,2,5,243,238.10865079365078,Random Forest,4.8913492063492185,4.8913492063492185
2026-05-27 08:00:00,2026-05-27,8,2,5,313,306.81701406926413,Random Forest,6.182985930735867,6.182985930735867
2026-05-27 09:00:00,2026-05-27,9,2,5,148,157.06716233766232,Random Forest,-9.067162337662324,9.067162337662324
2026-05-27 10:00:00,2026-05-27,10,2,5,114,110.41239611633573,Random Forest,3.587603883664272,3.587603883664272
2026-05-27 11:00:00,2026-05-27,11,2,5,117,118.9052951927495,Random Forest,-1.9052951927495059,1.9052951927495059
2026-05-27 12:00:00,2026-05-27,12,2,5,124,128.90777270115504,Random Forest,-4.907772701155039,4.907772701155039
2026-05-27 13:00:00,2026-05-27,13,2,5,122,131.88742647630153,Random Forest,-9.887426476301528,9.887426476301528
2026-05-27 14:00:00,2026-05-27,14,2,5,141,141.56100925463426,Random Forest,-0.5610092546342571,0.5610092546342571
2026-05-27 15:00:00,2026-05-27,15,2,5,203,198.68117297979796,Random Forest,4.318827020202036,4.318827020202036
2026-05-27 16:00:00,2026-05-27,16,2,5,260,256.67119083694087,Random Forest,3.328809163059134,3.328809163059134
2026-05-27 17:00:00,2026-05-27,17,2,5,449,416.04258946608934,Random Forest,32.95741053391066,32.95741053391066
2026-05-27 18:00:00,2026-05-27,18,2,5,382,380.2057763347763,Random Forest,1.794223665223683,1.794223665223683
2026-05-27 19:00:00,2026-05-27,19,2,5,262,263.44572222222223,Random Forest,-1.44572222222223,1.44572222222223
2026-05-27 20:00:00,2026-05-27,20,2,5,222,210.3166554834055,Random Forest,11.683344516594502,11.683344516594502
2026-05-27 21:00:00,2026-05-27,21,2,5,155,145.70765750915757,Random Forest,9.29234249084243,9.29234249084243
2026-05-27 22:00:00,2026-05-27,22,2,5,124,111.72303391053387,Random Forest,12.276966089466129,12.276966089466129
2026-05-27 23:00:00,2026-05-27,23,2,5,67,72.37708892496393,Random Forest,-5.377088924963928,5.377088924963928
2026-05-28 00:00:00,2026-05-28,0,3,5,31,33.728941017316004,Random Forest,-2.7289410173160036,2.7289410173160036
2026-05-28 01:00:00,2026-05-28,1,3,5,18,15.879111471861473,Random Forest,2.1208885281385275,2.1208885281385275
2026-05-28 02:00:00,2026-05-28,2,3,5,5,7.925625477783085,Random Forest,-2.9256254777830852,2.9256254777830852
2026-05-28 03:00:00,2026-05-28,3,3,5,5,5.6523839507132045,Random Forest,-0.6523839507132045,0.6523839507132045
2026-05-28 04:00:00,2026-05-28,4,3,5,10,11.253868186238456,Random Forest,-1.2538681862384564,1.2538681862384564
2026-05-28 05:00:00,2026-05-28,5,3,5,43,41.371977633974446,Random Forest,1.6280223660255544,1.6280223660255544
2026-05-28 06:00:00,2026-05-28,6,3,5,145,135.54050198412696,Random Forest,9.459498015873038,9.459498015873038
2026-05-28 07:00:00,2026-05-28,7,3,5,227,231.28808549783543,Random Forest,-4.288085497835425,4.288085497835425
2026-05-28 08:00:00,2026-05-28,8,3,5,348,341.5776955266956,Random Forest,6.4223044733043935,6.4223044733043935
2026-05-28 09:00:00,2026-05-28,9,3,5,167,169.4345198412699,Random Forest,-2.434519841269889,2.434519841269889
2026-05-28 10:00:00,2026-05-28,10,3,5,128,128.34114285714284,Random Forest,-0.34114285714284165,0.34114285714284165
2026-05-28 11:00:00,2026-05-28,11,3,5,118,120.15160717060715,Random Forest,-2.15160717060715,2.15160717060715
2026-05-28 12:00:00,2026-05-28,12,3,5,133,128.2690306013431,Random Forest,4.730969398656896,4.730969398656896
2026-05-28 13:00:00,2026-05-28,13,3,5,147,135.8192428266178,Random Forest,11.180757173382204,11.180757173382204
2026-05-28 14:00:00,2026-05-28,14,3,5,127,143.06683601121102,Random Forest,-16.066836011211024,16.066836011211024
2026-05-28 15:00:00,2026-05-28,15,3,5,197,190.29913721001222,Random Forest,6.700862789987781,6.700862789987781
2026-05-28 16:00:00,2026-05-28,16,3,5,256,252.25099816849814,Random Forest,3.7490018315018574,3.7490018315018574
2026-05-28 17:00:00,2026-05-28,17,3,5,410,412.51081944444445,Random Forest,-2.5108194444444507,2.5108194444444507
2026-05-28 18:00:00,2026-05-28,18,3,5,375,373.5419662698412,Random Forest,1.4580337301587747,1.4580337301587747
2026-05-28 19:00:00,2026-05-28,19,3,5,280,271.63022528860046,Random Forest,8.369774711399543,8.369774711399543
2026-05-28 20:00:00,2026-05-28,20,3,5,203,206.0099206349206,Random Forest,-3.0099206349206042,3.0099206349206042
2026-05-28 21:00:00,2026-05-28,21,3,5,163,160.11940552503057,Random Forest,2.8805944749694277,2.8805944749694277
2026-05-28 22:00:00,2026-05-28,22,3,5,83,107.51246969696969,Random Forest,-24.51246969696969,24.51246969696969
2026-05-28 23:00:00,2026-05-28,23,3,5,63,62.13776785714286,Random Forest,0.8622321428571382,0.8622321428571382
2026-05-29 00:00:00,2026-05-29,0,4,5,48,86.19487455599956,Random Forest,-38.19487455599956,38.19487455599956
2026-05-29 01:00:00,2026-05-29,1,4,5,8,19.219170532969443,Random Forest,-11.219170532969443,11.219170532969443
2026-05-29 02:00:00,2026-05-29,2,4,5,16,12.041209734709735,Random Forest,3.958790265290265,3.958790265290265
2026-05-29 03:00:00,2026-05-29,3,4,5,6,7.450640037896177,Random Forest,-1.4506400378961768,1.4506400378961768
2026-05-29 04:00:00,2026-05-29,4,4,5,11,11.003728005416464,Random Forest,-0.0037280054164643417,0.0037280054164643417
2026-05-29 05:00:00,2026-05-29,5,4,5,36,35.115150675180885,Random Forest,0.8848493248191147,0.8848493248191147
2026-05-29 06:00:00,2026-05-29,6,4,5,140,122.12039880952379,Random Forest,17.879601190476208,17.879601190476208
2026-05-29 07:00:00,2026-05-29,7,4,5,213,215.05017063492068,Random Forest,-2.0501706349206756,2.0501706349206756
2026-05-29 08:00:00,2026-05-29,8,4,5,301,300.4132628066377,Random Forest,0.5867371933622962,0.5867371933622962
2026-05-29 09:00:00,2026-05-29,9,4,5,177,173.171442848818,Random Forest,3.8285571511819967,3.8285571511819967
2026-05-29 10:00:00,2026-05-29,10,4,5,136,145.28494855144857,Random Forest,-9.284948551448565,9.284948551448565
2026-05-29 11:00:00,2026-05-29,11,4,5,152,158.83231565656573,Random Forest,-6.832315656565726,6.832315656565726
2026-05-29 12:00:00,2026-05-29,12,4,5,163,168.5877292429793,Random Forest,-5.587729242979293,5.587729242979293
2026-05-29 13:00:00,2026-05-29,13,4,5,200,204.06108964646472,Random Forest,-4.061089646464723,4.061089646464723
2026-05-29 14:00:00,2026-05-29,14,4,5,205,221.53889718614715,Random Forest,-16.538897186147153,16.538897186147153
2026-05-29 15:00:00,2026-05-29,15,4,5,247,244.84976877289375,Random Forest,2.1502312271062465,2.1502312271062465
2026-05-29 16:00:00,2026-05-29,16,4,5,303,298.990929834055,Random Forest,4.0090701659449905,4.0090701659449905
2026-05-29 17:00:00,2026-05-29,17,4,5,452,406.81825793650785,Random Forest,45.18174206349215,45.18174206349215
2026-05-29 18:00:00,2026-05-29,18,4,5,323,329.68052976190484,Random Forest,-6.680529761904836,6.680529761904836
2026-05-29 19:00:00,2026-05-29,19,4,5,279,268.38927304639805,Random Forest,10.610726953601954,10.610726953601954
2026-05-29 20:00:00,2026-05-29,20,4,5,183,185.70516269841272,Random Forest,-2.705162698412721,2.705162698412721
2026-05-29 21:00:00,2026-05-29,21,4,5,194,178.9437647907648,Random Forest,15.056235209235211,15.056235209235211
2026-05-29 22:00:00,2026-05-29,22,4,5,147,141.0901341991342,Random Forest,5.909865800865788,5.909865800865788
2026-05-29 23:00:00,2026-05-29,23,4,5,98,105.17912229437228,Random Forest,-7.179122294372277,7.179122294372277
2026-05-30 00:00:00,2026-05-30,0,5,5,79,75.5976695526695,Random Forest,3.402330447330499,3.402330447330499
2026-05-30 01:00:00,2026-05-30,1,5,5,47,52.61269887057389,Random Forest,-5.612698870573887,5.612698870573887
2026-05-30 02:00:00,2026-05-30,2,5,5,32,28.363732401656335,Random Forest,3.6362675983436645,3.6362675983436645
2026-05-30 03:00:00,2026-05-30,3,5,5,23,21.98961904761906,Random Forest,1.0103809523809417,1.0103809523809417
2026-05-30 04:00:00,2026-05-30,4,5,5,5,8.5587741008991,Random Forest,-3.5587741008991003,3.5587741008991003
2026-05-30 05:00:00,2026-05-30,5,5,5,13,13.134601995227001,Random Forest,-0.13460199522700123,0.13460199522700123
2026-05-30 06:00:00,2026-05-30,6,5,5,37,33.639635941346235,Random Forest,3.360364058653765,3.360364058653765
2026-05-30 07:00:00,2026-05-30,7,5,5,71,69.05283333333335,Random Forest,1.9471666666666465,1.9471666666666465
2026-05-30 08:00:00,2026-05-30,8,5,5,148,123.67597790934556,Random Forest,24.324022090654438,24.324022090654438
2026-05-30 09:00:00,2026-05-30,9,5,5,175,170.9702926035952,Random Forest,4.0297073964048025,4.0297073964048025
2026-05-30 10:00:00,2026-05-30,10,5,5,212,187.41195238095236,Random Forest,24.588047619047643,24.588047619047643
2026-05-30 11:00:00,2026-05-30,11,5,5,225,213.10611709124208,Random Forest,11.893882908757917,11.893882908757917
2026-05-30 12:00:00,2026-05-30,12,5,5,219,212.56721232933742,Random Forest,6.432787670662577,6.432787670662577
2026-05-30 13:00:00,2026-05-30,13,5,5,185,196.1955117521367,Random Forest,-11.195511752136696,11.195511752136696
2026-05-30 14:00:00,2026-05-30,14,5,5,143,174.17851659451665,Random Forest,-31.17851659451665,31.17851659451665
2026-05-30 15:00:00,2026-05-30,15,5,5,241,207.15136904761908,Random Forest,33.848630952380915,33.848630952380915
2026-05-30 16:00:00,2026-05-30,16,5,5,221,227.4836452020201,Random Forest,-6.483645202020114,6.483645202020114
2026-05-30 17:00:00,2026-05-30,17,5,5,208,220.48511706349203,Random Forest,-12.485117063492027,12.485117063492027
2026-05-30 18:00:00,2026-05-30,18,5,5,251,227.3687936507936,Random Forest,23.631206349206394,23.631206349206394
2026-05-30 19:00:00,2026-05-30,19,5,5,171,198.98034289321794,Random Forest,-27.980342893217937,27.980342893217937
2026-05-30 20:00:00,2026-05-30,20,5,5,160,141.41690873015884,Random Forest,18.583091269841162,18.583091269841162
2026-05-30 21:00:00,2026-05-30,21,5,5,117,121.62406890331886,Random Forest,-4.624068903318857,4.624068903318857
2026-05-30 22:00:00,2026-05-30,22,5,5,89,90.93525667388168,Random Forest,-1.9352566738816819,1.9352566738816819
2026-05-30 23:00:00,2026-05-30,23,5,5,98,82.24439880952384,Random Forest,15.755601190476156,15.755601190476156
2026-05-31 00:00:00,2026-05-31,0,6,5,65,71.89909126984124,Random Forest,-6.899091269841236,6.899091269841236
2026-05-31 01:00:00,2026-05-31,1,6,5,42,47.12393596681096,Random Forest,-5.123935966810961,5.123935966810961
2026-05-31 02:00:00,2026-05-31,2,6,5,31,29.92837746305418,Random Forest,1.0716225369458208,1.0716225369458208
2026-05-31 03:00:00,2026-05-31,3,6,5,23,21.573979076479077,Random Forest,1.4260209235209231,1.4260209235209231
2026-05-31 04:00:00,2026-05-31,4,6,5,12,11.603557539682543,Random Forest,0.39644246031745745,0.39644246031745745
2026-05-31 05:00:00,2026-05-31,5,6,5,10,15.05398977753903,Random Forest,-5.05398977753903,5.05398977753903
2026-05-31 06:00:00,2026-05-31,6,6,5,11,15.476316863691862,Random Forest,-4.476316863691862,4.476316863691862
2026-05-31 07:00:00,2026-05-31,7,6,5,66,38.34739880952382,Random Forest,27.652601190476183,27.652601190476183
2026-05-31 08:00:00,2026-05-31,8,6,5,108,91.75945608394873,Random Forest,16.240543916051266,16.240543916051266
2026-05-31 09:00:00,2026-05-31,9,6,5,133,130.03870833333332,Random Forest,2.961291666666682,2.961291666666682
2026-05-31 10:00:00,2026-05-31,10,6,5,213,187.62924007936516,Random Forest,25.37075992063484,25.37075992063484
2026-05-31 11:00:00,2026-05-31,11,6,5,240,231.6689576118327,Random Forest,8.331042388167305,8.331042388167305
2026-05-31 12:00:00,2026-05-31,12,6,5,233,237.0033001443002,Random Forest,-4.003300144300198,4.003300144300198
2026-05-31 13:00:00,2026-05-31,13,6,5,255,240.5252092352092,Random Forest,14.47479076479081,14.47479076479081
2026-05-31 14:00:00,2026-05-31,14,6,5,298,236.6929365079365,Random Forest,61.30706349206349,61.30706349206349
2026-05-31 15:00:00,2026-05-31,15,6,5,246,242.1329186507936,Random Forest,3.867081349206387,3.867081349206387
2026-05-31 16:00:00,2026-05-31,16,6,5,255,247.6792981601733,Random Forest,7.320701839826711,7.320701839826711
2026-05-31 17:00:00,2026-05-31,17,6,5,271,251.41727471139976,Random Forest,19.582725288600244,19.582725288600244
2026-05-31 18:00:00,2026-05-31,18,6,5,226,231.23712896825393,Random Forest,-5.237128968253927,5.237128968253927
2026-05-31 19:00:00,2026-05-31,19,6,5,191,192.09764682539674,Random Forest,-1.0976468253967369,1.0976468253967369
2026-05-31 20:00:00,2026-05-31,20,6,5,205,193.00176785714277,Random Forest,11.998232142857233,11.998232142857233
2026-05-31 21:00:00,2026-05-31,21,6,5,105,135.8932191558442,Random Forest,-30.893219155844207,30.893219155844207
2026-05-31 22:00:00,2026-05-31,22,6,5,61,69.69936111111112,Random Forest,-8.699361111111116,8.699361111111116
2026-05-31 23:00:00,2026-05-31,23,6,5,39,45.970068154068166,Random Forest,-6.970068154068166,6.970068154068166
2026-06-01 00:00:00,2026-06-01,0,0,6,25,47.14697222222224,Random Forest,-22.14697222222224,22.14697222222224
2026-06-01 01:00:00,2026-06-01,1,0,6,10,18.510450937950935,Random Forest,-8.510450937950935,8.510450937950935
2026-06-01 02:00:00,2026-06-01,2,0,6,8,10.798747549115056,Random Forest,-2.798747549115056,2.798747549115056
2026-06-01 03:00:00,2026-06-01,3,0,6,2,6.011696621279953,Random Forest,-4.011696621279953,4.011696621279953
2026-06-01 04:00:00,2026-06-01,4,0,6,10,9.165358336108332,Random Forest,0.8346416638916683,0.8346416638916683
2026-06-01 05:00:00,2026-06-01,5,0,6,46,24.95001578027236,Random Forest,21.04998421972764,21.04998421972764
2026-06-01 06:00:00,2026-06-01,6,0,6,114,42.4172085921325,Random Forest,71.58279140786749,71.58279140786749
2026-06-01 07:00:00,2026-06-01,7,0,6,210,74.02194444444443,Random Forest,135.97805555555556,135.97805555555556
2026-06-01 08:00:00,2026-06-01,8,0,6,215,131.91235714285716,Random Forest,83.08764285714284,83.08764285714284
2026-06-01 09:00:00,2026-06-01,9,0,6,134,133.04148931623934,Random Forest,0.9585106837606645,0.9585106837606645
2026-06-01 10:00:00,2026-06-01,10,0,6,106,141.22353715728713,Random Forest,-35.223537157287126,35.223537157287126
2026-06-01 11:00:00,2026-06-01,11,0,6,122,114.34991290945902,Random Forest,7.650087090540978,7.650087090540978
2026-06-01 12:00:00,2026-06-01,12,0,6,125,142.77385515873016,Random Forest,-17.773855158730157,17.773855158730157
2026-06-01 13:00:00,2026-06-01,13,0,6,142,161.913335927961,Random Forest,-19.913335927960986,19.913335927960986
2026-06-01 14:00:00,2026-06-01,14,0,6,145,193.30581421356433,Random Forest,-48.30581421356433,48.30581421356433
2026-06-01 15:00:00,2026-06-01,15,0,6,206,191.57387968975473,Random Forest,14.426120310245267,14.426120310245267
2026-06-01 16:00:00,2026-06-01,16,0,6,227,260.0974861111111,Random Forest,-33.097486111111095,33.097486111111095
2026-06-01 17:00:00,2026-06-01,17,0,6,408,294.4610584415586,Random Forest,113.53894155844142,113.53894155844142
2026-06-01 18:00:00,2026-06-01,18,0,6,354,266.0088324314575,Random Forest,87.9911675685425,87.9911675685425
2026-06-01 19:00:00,2026-06-01,19,0,6,240,224.30183928571427,Random Forest,15.698160714285734,15.698160714285734
2026-06-01 20:00:00,2026-06-01,20,0,6,184,198.73417063492067,Random Forest,-14.734170634920673,14.734170634920673
2026-06-01 21:00:00,2026-06-01,21,0,6,105,129.53939163614166,Random Forest,-24.53939163614166,24.53939163614166
2026-06-01 22:00:00,2026-06-01,22,0,6,67,82.60203373015877,Random Forest,-15.602033730158766,15.602033730158766
2026-06-01 23:00:00,2026-06-01,23,0,6,34,46.98164177489178,Random Forest,-12.981641774891777,12.981641774891777
2026-06-02 00:00:00,2026-06-02,0,1,6,18,33.385173097974814,Random Forest,-15.385173097974814,15.385173097974814
2026-06-02 01:00:00,2026-06-02,1,1,6,6,15.359999542124546,Random Forest,-9.359999542124546,9.359999542124546
2026-06-02 02:00:00,2026-06-02,2,1,6,3,6.112579044248275,Random Forest,-3.1125790442482746,3.1125790442482746
2026-06-02 03:00:00,2026-06-02,3,1,6,4,4.699006278204555,Random Forest,-0.6990062782045552,0.6990062782045552
2026-06-02 04:00:00,2026-06-02,4,1,6,13,13.680439272640049,Random Forest,-0.680439272640049,0.680439272640049
2026-06-02 05:00:00,2026-06-02,5,1,6,50,41.46903336940837,Random Forest,8.530966630591628,8.530966630591628
2026-06-02 06:00:00,2026-06-02,6,1,6,158,127.52921248196249,Random Forest,30.47078751803751,30.47078751803751
2026-06-02 07:00:00,2026-06-02,7,1,6,291,232.9619976657327,Random Forest,58.038002334267304,58.038002334267304
2026-06-02 08:00:00,2026-06-02,8,1,6,286,291.35256529581505,Random Forest,-5.3525652958150545,5.3525652958150545
2026-06-02 09:00:00,2026-06-02,9,1,6,151,139.31882287157296,Random Forest,11.681177128427038,11.681177128427038
2026-06-02 10:00:00,2026-06-02,10,1,6,113,104.89747186147184,Random Forest,8.102528138528157,8.102528138528157
2026-06-02 11:00:00,2026-06-02,11,1,6,116,125.64739241191818,Random Forest,-9.647392411918176,9.647392411918176
2026-06-02 12:00:00,2026-06-02,12,1,6,125,134.30268266619004,Random Forest,-9.302682666190037,9.302682666190037
2026-06-02 13:00:00,2026-06-02,13,1,6,114,144.49299458874464,Random Forest,-30.492994588744637,30.492994588744637
2026-06-02 14:00:00,2026-06-02,14,1,6,133,134.81360849036585,Random Forest,-1.8136084903658514,1.8136084903658514
2026-06-02 15:00:00,2026-06-02,15,1,6,174,185.0545502136752,Random Forest,-11.054550213675213,11.054550213675213
2026-06-02 16:00:00,2026-06-02,16,1,6,247,230.404231792717,Random Forest,16.595768207282987,16.595768207282987
2026-06-02 17:00:00,2026-06-02,17,1,6,439,392.48777994228004,Random Forest,46.51222005771996,46.51222005771996
2026-06-02 18:00:00,2026-06-02,18,1,6,391,397.1605400432902,Random Forest,-6.1605400432902115,6.1605400432902115
2026-06-02 19:00:00,2026-06-02,19,1,6,282,255.096242063492,Random Forest,26.903757936507986,26.903757936507986
2026-06-02 20:00:00,2026-06-02,20,1,6,212,192.42249007936502,Random Forest,19.57750992063498,19.57750992063498
2026-06-02 21:00:00,2026-06-02,21,1,6,149,137.8522043650794,Random Forest,11.147795634920612,11.147795634920612
2026-06-02 22:00:00,2026-06-02,22,1,6,88,101.98973412698408,Random Forest,-13.989734126984075,13.989734126984075
2026-06-02 23:00:00,2026-06-02,23,1,6,68,49.787204545454536,Random Forest,18.212795454545464,18.212795454545464
2026-06-03 00:00:00,2026-06-03,0,2,6,33,35.94821626984126,Random Forest,-2.948216269841261,2.948216269841261
2026-06-03 01:00:00,2026-06-03,1,2,6,14,17.246964285714288,Random Forest,-3.246964285714288,3.246964285714288
2026-06-03 02:00:00,2026-06-03,2,2,6,6,8.329075465384292,Random Forest,-2.3290754653842924,2.3290754653842924
2026-06-03 03:00:00,2026-06-03,3,2,6,3,6.1396828937346175,Random Forest,-3.1396828937346175,3.1396828937346175
2026-06-03 04:00:00,2026-06-03,4,2,6,21,12.7930691694675,Random Forest,8.2069308305325,8.2069308305325
2026-06-03 05:00:00,2026-06-03,5,2,6,56,43.56219805194804,Random Forest,12.437801948051963,12.437801948051963
2026-06-03 06:00:00,2026-06-03,6,2,6,142,132.10628174603173,Random Forest,9.893718253968274,9.893718253968274
2026-06-03 07:00:00,2026-06-03,7,2,6,299,240.42207738095237,Random Forest,58.57792261904763,58.57792261904763
2026-06-03 08:00:00,2026-06-03,8,2,6,337,292.90999603174606,Random Forest,44.09000396825394,44.09000396825394
2026-06-03 09:00:00,2026-06-03,9,2,6,137,165.70162752525252,Random Forest,-28.70162752525252,28.70162752525252
2026-06-03 10:00:00,2026-06-03,10,2,6,114,124.73263296425786,Random Forest,-10.73263296425786,10.73263296425786
2026-06-03 11:00:00,2026-06-03,11,2,6,136,124.06865215748304,Random Forest,11.931347842516956,11.931347842516956
2026-06-03 12:00:00,2026-06-03,12,2,6,126,144.83025566100562,Random Forest,-18.830255661005623,18.830255661005623
2026-06-03 13:00:00,2026-06-03,13,2,6,155,134.81615015419365,Random Forest,20.18384984580635,20.18384984580635
2026-06-03 14:00:00,2026-06-03,14,2,6,162,155.8212132034632,Random Forest,6.178786796536798,6.178786796536798
2026-06-03 15:00:00,2026-06-03,15,2,6,186,204.25127922077917,Random Forest,-18.251279220779168,18.251279220779168
2026-06-03 16:00:00,2026-06-03,16,2,6,247,230.91111904761902,Random Forest,16.088880952380975,16.088880952380975
2026-06-03 17:00:00,2026-06-03,17,2,6,441,402.5989108946611,Random Forest,38.40108910533888,38.40108910533888
2026-06-03 18:00:00,2026-06-03,18,2,6,388,379.807676767677,Random Forest,8.19232323232302,8.19232323232302
2026-06-03 19:00:00,2026-06-03,19,2,6,317,234.20361507936508,Random Forest,82.79638492063492,82.79638492063492
2026-06-03 20:00:00,2026-06-03,20,2,6,267,215.2719363275612,Random Forest,51.72806367243879,51.72806367243879
2026-06-03 21:00:00,2026-06-03,21,2,6,140,166.99990133477633,Random Forest,-26.999901334776325,26.999901334776325
2026-06-03 22:00:00,2026-06-03,22,2,6,99,105.49280357142854,Random Forest,-6.492803571428539,6.492803571428539
2026-06-03 23:00:00,2026-06-03,23,2,6,110,66.60031150793652,Random Forest,43.399688492063476,43.399688492063476
2026-06-04 00:00:00,2026-06-04,0,3,6,61,62.23882196969697,Random Forest,-1.2388219696969713,1.2388219696969713
2026-06-04 01:00:00,2026-06-04,1,3,6,11,33.26734152864044,Random Forest,-22.267341528640443,22.267341528640443
2026-06-04 02:00:00,2026-06-04,2,3,6,14,9.819071916645447,Random Forest,4.180928083354553,4.180928083354553
2026-06-04 03:00:00,2026-06-04,3,3,6,6,8.253804711628241,Random Forest,-2.2538047116282414,2.2538047116282414
2026-06-04 04:00:00,2026-06-04,4,3,6,13,12.401609773160276,Random Forest,0.5983902268397241,0.5983902268397241
2026-06-04 05:00:00,2026-06-04,5,3,6,39,41.527266562685675,Random Forest,-2.527266562685675,2.527266562685675
2026-06-04 06:00:00,2026-06-04,6,3,6,145,120.62476587301587,Random Forest,24.375234126984125,24.375234126984125
2026-06-04 07:00:00,2026-06-04,7,3,6,244,240.6064821428571,Random Forest,3.3935178571429105,3.3935178571429105
2026-06-04 08:00:00,2026-06-04,8,3,6,367,340.5338115079365,Random Forest,26.46618849206351,26.46618849206351
2026-06-04 09:00:00,2026-06-04,9,3,6,160,172.6710892857143,Random Forest,-12.671089285714288,12.671089285714288
2026-06-04 10:00:00,2026-06-04,10,3,6,124,135.6726874098124,Random Forest,-11.672687409812397,11.672687409812397
2026-06-04 11:00:00,2026-06-04,11,3,6,149,135.63525682650686,Random Forest,13.364743173493139,13.364743173493139
2026-06-04 12:00:00,2026-06-04,12,3,6,172,154.00947907647912,Random Forest,17.990520923520876,17.990520923520876
2026-06-04 13:00:00,2026-06-04,13,3,6,141,170.81927182539687,Random Forest,-29.819271825396868,29.819271825396868
2026-06-04 14:00:00,2026-06-04,14,3,6,159,160.71916292041286,Random Forest,-1.719162920412856,1.719162920412856
2026-06-04 15:00:00,2026-06-04,15,3,6,185,205.31432485569977,Random Forest,-20.314324855699766,20.314324855699766
2026-06-04 16:00:00,2026-06-04,16,3,6,266,223.7633591269841,Random Forest,42.23664087301589,42.23664087301589
2026-06-04 17:00:00,2026-06-04,17,3,6,406,398.01937301587316,Random Forest,7.980626984126843,7.980626984126843
2026-06-04 18:00:00,2026-06-04,18,3,6,384,375.036898809524,Random Forest,8.963101190475982,8.963101190475982
2026-06-04 19:00:00,2026-06-04,19,3,6,303,303.81951785714284,Random Forest,-0.8195178571428414,0.8195178571428414
2026-06-04 20:00:00,2026-06-04,20,3,6,235,226.83538582251086,Random Forest,8.164614177489142,8.164614177489142
2026-06-04 21:00:00,2026-06-04,21,3,6,162,162.7311170634921,Random Forest,-0.7311170634920927,0.7311170634920927
2026-06-04 22:00:00,2026-06-04,22,3,6,100,116.02057738095236,Random Forest,-16.02057738095236,16.02057738095236
2026-06-04 23:00:00,2026-06-04,23,3,6,73,74.9601130952381,Random Forest,-1.9601130952380998,1.9601130952380998
2026-06-05 00:00:00,2026-06-05,0,4,6,46,63.76419841269843,Random Forest,-17.764198412698427,17.764198412698427
2026-06-05 01:00:00,2026-06-05,1,4,6,17,17.523521825396834,Random Forest,-0.5235218253968341,0.5235218253968341
2026-06-05 02:00:00,2026-06-05,2,4,6,10,12.302292124542126,Random Forest,-2.3022921245421255,2.3022921245421255
2026-06-05 03:00:00,2026-06-05,3,4,6,12,9.127176667158091,Random Forest,2.872823332841909,2.872823332841909
2026-06-05 04:00:00,2026-06-05,4,4,6,11,12.37548230486834,Random Forest,-1.3754823048683402,1.3754823048683402
2026-06-05 05:00:00,2026-06-05,5,4,6,40,32.95174736965576,Random Forest,7.048252630344237,7.048252630344237
2026-06-05 06:00:00,2026-06-05,6,4,6,106,116.8030912698413,Random Forest,-10.803091269841303,10.803091269841303
2026-06-05 07:00:00,2026-06-05,7,4,6,179,194.5412422438672,Random Forest,-15.541242243867202,15.541242243867202
2026-06-05 08:00:00,2026-06-05,8,4,6,242,318.3697835497836,Random Forest,-76.36978354978362,76.36978354978362
2026-06-05 09:00:00,2026-06-05,9,4,6,148,207.38491468253983,Random Forest,-59.38491468253983,59.38491468253983
2026-06-05 10:00:00,2026-06-05,10,4,6,150,144.0186893939394,Random Forest,5.981310606060589,5.981310606060589
2026-06-05 11:00:00,2026-06-05,11,4,6,181,173.70703499278505,Random Forest,7.292965007214946,7.292965007214946
2026-06-05 12:00:00,2026-06-05,12,4,6,172,186.90188293650806,Random Forest,-14.90188293650806,14.90188293650806
2026-06-05 13:00:00,2026-06-05,13,4,6,206,202.58358766233775,Random Forest,3.4164123376622513,3.4164123376622513
2026-06-05 14:00:00,2026-06-05,14,4,6,182,230.94626877289383,Random Forest,-48.94626877289383,48.94626877289383
2026-06-05 15:00:00,2026-06-05,15,4,6,269,216.7241626984127,Random Forest,52.2758373015873,52.2758373015873
2026-06-05 16:00:00,2026-06-05,16,4,6,322,288.87878192640693,Random Forest,33.12121807359307,33.12121807359307
2026-06-05 17:00:00,2026-06-05,17,4,6,392,381.8263513708514,Random Forest,10.173648629148602,10.173648629148602
2026-06-05 18:00:00,2026-06-05,18,4,6,346,347.1089920634921,Random Forest,-1.10899206349211,1.10899206349211
2026-06-05 19:00:00,2026-06-05,19,4,6,276,240.75266666666667,Random Forest,35.24733333333333,35.24733333333333
2026-06-05 20:00:00,2026-06-05,20,4,6,254,195.02971031746026,Random Forest,58.97028968253974,58.97028968253974
2026-06-05 21:00:00,2026-06-05,21,4,6,147,188.5962103174603,Random Forest,-41.596210317460304,41.596210317460304
2026-06-05 22:00:00,2026-06-05,22,4,6,148,132.28447619047623,Random Forest,15.715523809523773,15.715523809523773
2026-06-05 23:00:00,2026-06-05,23,4,6,141,115.80763834776334,Random Forest,25.192361652236656,25.192361652236656
2026-06-06 00:00:00,2026-06-06,0,5,6,140,114.53724531024528,Random Forest,25.462754689754718,25.462754689754718
2026-06-06 01:00:00,2026-06-06,1,5,6,104,105.23321413308908,Random Forest,-1.2332141330890778,1.2332141330890778
2026-06-06 02:00:00,2026-06-06,2,5,6,62,59.899664682539694,Random Forest,2.1003353174603063,2.1003353174603063
2026-06-06 03:00:00,2026-06-06,3,5,6,38,39.97603373015874,Random Forest,-1.9760337301587398,1.9760337301587398
2026-06-06 04:00:00,2026-06-06,4,5,6,8,19.59304202741704,Random Forest,-11.593042027417042,11.593042027417042
2026-06-06 05:00:00,2026-06-06,5,5,6,19,18.811479700854694,Random Forest,0.18852029914530632,0.18852029914530632
2026-06-06 06:00:00,2026-06-06,6,5,6,49,35.171358405483396,Random Forest,13.828641594516604,13.828641594516604
2026-06-06 07:00:00,2026-06-06,7,5,6,88,98.61711994949495,Random Forest,-10.617119949494949,10.617119949494949
2026-06-06 08:00:00,2026-06-06,8,5,6,174,121.84728030303035,Random Forest,52.152719696969655,52.152719696969655
2026-06-06 09:00:00,2026-06-06,9,5,6,198,192.44902182539678,Random Forest,5.550978174603216,5.550978174603216
2026-06-06 10:00:00,2026-06-06,10,5,6,260,204.909888888889,Random Forest,55.090111111111014,55.090111111111014
2026-06-06 11:00:00,2026-06-06,11,5,6,252,256.10823828948827,Random Forest,-4.10823828948827,4.10823828948827
2026-06-06 12:00:00,2026-06-06,12,5,6,288,260.7962323371074,Random Forest,27.203767662892574,27.203767662892574
2026-06-06 13:00:00,2026-06-06,13,5,6,229,244.08120039682544,Random Forest,-15.081200396825437,15.081200396825437
2026-06-06 14:00:00,2026-06-06,14,5,6,259,221.63457878232893,Random Forest,37.36542121767107,37.36542121767107
2026-06-06 15:00:00,2026-06-06,15,5,6,241,261.962297979798,Random Forest,-20.962297979797995,20.962297979797995
2026-06-06 16:00:00,2026-06-06,16,5,6,251,261.1420476190476,Random Forest,-10.142047619047617,10.142047619047617
2026-06-06 17:00:00,2026-06-06,17,5,6,259,288.0356408730159,Random Forest,-29.035640873015893,29.035640873015893
2026-06-06 18:00:00,2026-06-06,18,5,6,265,283.51213293650784,Random Forest,-18.51213293650784,18.51213293650784
2026-06-06 19:00:00,2026-06-06,19,5,6,172,232.48123502886003,Random Forest,-60.48123502886003,60.48123502886003
2026-06-06 20:00:00,2026-06-06,20,5,6,23,158.82273863636362,Random Forest,-135.82273863636362,135.82273863636362
2026-06-06 21:00:00,2026-06-06,21,5,6,54,25.878406746031747,Random Forest,28.121593253968253,28.121593253968253
2026-06-06 22:00:00,2026-06-06,22,5,6,66,63.575761904761904,Random Forest,2.4242380952380955,2.4242380952380955
2026-06-06 23:00:00,2026-06-06,23,5,6,80,71.85942857142857,Random Forest,8.140571428571434,8.140571428571434
2026-06-07 00:00:00,2026-06-07,0,6,6,57,120.65124891774893,Random Forest,-63.65124891774893,63.65124891774893
2026-06-07 01:00:00,2026-06-07,1,6,6,46,77.43979470529472,Random Forest,-31.439794705294716,31.439794705294716
2026-06-07 02:00:00,2026-06-07,2,6,6,55,45.899361471861475,Random Forest,9.100638528138525,9.100638528138525
2026-06-07 03:00:00,2026-06-07,3,6,6,39,44.97314718614718,Random Forest,-5.97314718614718,5.97314718614718
2026-06-07 04:00:00,2026-06-07,4,6,6,13,22.094148809523823,Random Forest,-9.094148809523823,9.094148809523823
2026-06-07 05:00:00,2026-06-07,5,6,6,21,21.624657290066565,Random Forest,-0.6246572900665655,0.6246572900665655
2026-06-07 06:00:00,2026-06-07,6,6,6,31,27.371815476190477,Random Forest,3.628184523809523,3.628184523809523
2026-06-07 07:00:00,2026-06-07,7,6,6,84,67.554878968254,Random Forest,16.445121031745998,16.445121031745998
2026-06-07 08:00:00,2026-06-07,8,6,6,105,123.86778454715225,Random Forest,-18.867784547152255,18.867784547152255
2026-06-07 09:00:00,2026-06-07,9,6,6,172,128.0526791125542,Random Forest,43.94732088744581,43.94732088744581
2026-06-07 10:00:00,2026-06-07,10,6,6,264,177.3662718253968,Random Forest,86.63372817460319,86.63372817460319
2026-06-07 11:00:00,2026-06-07,11,6,6,262,253.92514213564212,Random Forest,8.074857864357881,8.074857864357881
2026-06-07 12:00:00,2026-06-07,12,6,6,274,249.53934018759008,Random Forest,24.460659812409915,24.460659812409915
2026-06-07 13:00:00,2026-06-07,13,6,6,313,266.00225595238084,Random Forest,46.997744047619165,46.997744047619165
2026-06-07 14:00:00,2026-06-07,14,6,6,267,278.13605735930736,Random Forest,-11.136057359307358,11.136057359307358
2026-06-07 15:00:00,2026-06-07,15,6,6,244,257.7078443362193,Random Forest,-13.707844336219296,13.707844336219296
2026-06-07 16:00:00,2026-06-07,16,6,6,245,264.30372402597413,Random Forest,-19.303724025974134,19.303724025974134
2026-06-07 17:00:00,2026-06-07,17,6,6,239,268.13583134920646,Random Forest,-29.135831349206455,29.135831349206455
2026-06-07 18:00:00,2026-06-07,18,6,6,229,244.7934177489178,Random Forest,-15.79341774891779,15.79341774891779
2026-06-07 19:00:00,2026-06-07,19,6,6,216,187.094261904762,Random Forest,28.905738095238007,28.905738095238007
2026-06-07 20:00:00,2026-06-07,20,6,6,183,166.0800436507937,Random Forest,16.919956349206302,16.919956349206302
2026-06-07 21:00:00,2026-06-07,21,6,6,105,140.41885714285715,Random Forest,-35.41885714285715,35.41885714285715
2026-06-07 22:00:00,2026-06-07,22,6,6,66,67.0611468253968,Random Forest,-1.0611468253968042,1.0611468253968042
2026-06-07 23:00:00,2026-06-07,23,6,6,50,49.70094642857145,Random Forest,0.2990535714285514,0.2990535714285514
2026-06-08 00:00:00,2026-06-08,0,0,6,22,39.12683297258298,Random Forest,-17.12683297258298,17.12683297258298
2026-06-08 01:00:00,2026-06-08,1,0,6,14,13.030827741702744,Random Forest,0.969172258297256,0.969172258297256
2026-06-08 02:00:00,2026-06-08,2,0,6,8,10.658690444820882,Random Forest,-2.6586904448208823,2.6586904448208823
2026-06-08 03:00:00,2026-06-08,3,0,6,3,8.762662157287156,Random Forest,-5.762662157287156,5.762662157287156
2026-06-08 04:00:00,2026-06-08,4,0,6,13,12.918035709098318,Random Forest,0.08196429090168245,0.08196429090168245
2026-06-08 05:00:00,2026-06-08,5,0,6,52,38.85560714285713,Random Forest,13.144392857142869,13.144392857142869
2026-06-08 06:00:00,2026-06-08,6,0,6,137,113.20619264069266,Random Forest,23.793807359307337,23.793807359307337
2026-06-08 07:00:00,2026-06-08,7,0,6,219,211.85688239538237,Random Forest,7.143117604617629,7.143117604617629
2026-06-08 08:00:00,2026-06-08,8,0,6,267,247.30244246031748,Random Forest,19.69755753968252,19.69755753968252
2026-06-08 09:00:00,2026-06-08,9,0,6,146,181.645058080808,Random Forest,-35.64505808080801,35.64505808080801
2026-06-08 10:00:00,2026-06-08,10,0,6,97,157.2677882395382,Random Forest,-60.26778823953819,60.26778823953819
2026-06-08 11:00:00,2026-06-08,11,0,6,138,114.15525464976204,Random Forest,23.844745350237957,23.844745350237957
2026-06-08 12:00:00,2026-06-08,12,0,6,143,142.64342514430015,Random Forest,0.35657485569984715,0.35657485569984715
2026-06-08 13:00:00,2026-06-08,13,0,6,135,174.87963347763358,Random Forest,-39.879633477633575,39.879633477633575
2026-06-08 14:00:00,2026-06-08,14,0,6,162,151.6052763347764,Random Forest,10.394723665223609,10.394723665223609
2026-06-08 15:00:00,2026-06-08,15,0,6,199,208.83330357142856,Random Forest,-9.833303571428559,9.833303571428559
2026-06-08 16:00:00,2026-06-08,16,0,6,302,243.6267893323996,Random Forest,58.373210667600404,58.373210667600404
2026-06-08 17:00:00,2026-06-08,17,0,6,433,357.16803769841266,Random Forest,75.83196230158734,75.83196230158734
2026-06-08 18:00:00,2026-06-08,18,0,6,410,360.8884107142856,Random Forest,49.11158928571439,49.11158928571439
2026-06-08 19:00:00,2026-06-08,19,0,6,317,244.26345238095237,Random Forest,72.73654761904763,72.73654761904763
2026-06-08 20:00:00,2026-06-08,20,0,6,242,213.1146369047618,Random Forest,28.885363095238205,28.885363095238205
2026-06-08 21:00:00,2026-06-08,21,0,6,124,143.9956468253968,Random Forest,-19.99564682539679,19.99564682539679
2026-06-08 22:00:00,2026-06-08,22,0,6,76,85.45865674603172,Random Forest,-9.458656746031721,9.458656746031721
2026-06-08 23:00:00,2026-06-08,23,0,6,164,52.807068362193355,Random Forest,111.19293163780665,111.19293163780665
2026-06-09 00:00:00,2026-06-09,0,1,6,85,114.28112698412703,Random Forest,-29.281126984127027,29.281126984127027
2026-06-09 01:00:00,2026-06-09,1,1,6,17,39.7549603174603,Random Forest,-22.754960317460302,22.754960317460302
2026-06-09 02:00:00,2026-06-09,2,1,6,10,9.452203643578642,Random Forest,0.5477963564213582,0.5477963564213582
2026-06-09 03:00:00,2026-06-09,3,1,6,2,8.587351381332804,Random Forest,-6.5873513813328035,6.5873513813328035
2026-06-09 04:00:00,2026-06-09,4,1,6,13,14.696382429156726,Random Forest,-1.696382429156726,1.696382429156726
2026-06-09 05:00:00,2026-06-09,5,1,6,46,43.644100829725815,Random Forest,2.355899170274185,2.355899170274185
2026-06-09 06:00:00,2026-06-09,6,1,6,157,132.05163888888887,Random Forest,24.948361111111126,24.948361111111126
2026-06-09 07:00:00,2026-06-09,7,1,6,260,245.1782182539681,Random Forest,14.821781746031888,14.821781746031888
2026-06-09 08:00:00,2026-06-09,8,1,6,280,307.81679888167395,Random Forest,-27.816798881673947,27.816798881673947
2026-06-09 09:00:00,2026-06-09,9,1,6,154,163.0866037157287,Random Forest,-9.0866037157287,9.0866037157287
2026-06-09 10:00:00,2026-06-09,10,1,6,113,112.420068001443,Random Forest,0.5799319985570008,0.5799319985570008
2026-06-09 11:00:00,2026-06-09,11,1,6,119,126.01398662611899,Random Forest,-7.013986626118992,7.013986626118992
2026-06-09 12:00:00,2026-06-09,12,1,6,134,133.992440602698,Random Forest,0.00755939730200339,0.00755939730200339
2026-06-09 13:00:00,2026-06-09,13,1,6,150,142.40755598568094,Random Forest,7.592444014319057,7.592444014319057
2026-06-09 14:00:00,2026-06-09,14,1,6,142,160.6599206349206,Random Forest,-18.65992063492061,18.65992063492061
2026-06-09 15:00:00,2026-06-09,15,1,6,194,192.59341468253967,Random Forest,1.4065853174603262,1.4065853174603262
2026-06-09 16:00:00,2026-06-09,16,1,6,274,265.13343055555555,Random Forest,8.866569444444451,8.866569444444451
2026-06-09 17:00:00,2026-06-09,17,1,6,416,407.0589386724389,Random Forest,8.941061327561101,8.941061327561101
2026-06-09 18:00:00,2026-06-09,18,1,6,432,407.65967279942276,Random Forest,24.340327200577235,24.340327200577235
2026-06-09 19:00:00,2026-06-09,19,1,6,286,350.30647492785005,Random Forest,-64.30647492785005,64.30647492785005
2026-06-09 20:00:00,2026-06-09,20,1,6,199,211.2811645021644,Random Forest,-12.281164502164387,12.281164502164387
2026-06-09 21:00:00,2026-06-09,21,1,6,166,158.48703174603173,Random Forest,7.512968253968268,7.512968253968268
2026-06-09 22:00:00,2026-06-09,22,1,6,119,116.19099007936502,Random Forest,2.8090099206349777,2.8090099206349777
2026-06-09 23:00:00,2026-06-09,23,1,6,33,99.90798647186146,Random Forest,-66.90798647186146,66.90798647186146
2026-06-10 00:00:00,2026-06-10,0,2,6,25,62.149345238095236,Random Forest,-37.149345238095236,37.149345238095236
2026-06-10 01:00:00,2026-06-10,1,2,6,11,14.442994963369966,Random Forest,-3.4429949633699657,3.4429949633699657
2026-06-10 02:00:00,2026-06-10,2,2,6,7,10.229623153806982,Random Forest,-3.2296231538069815,3.2296231538069815
2026-06-10 03:00:00,2026-06-10,3,2,6,4,7.135872107298832,Random Forest,-3.135872107298832,3.135872107298832
2026-06-10 04:00:00,2026-06-10,4,2,6,20,12.649457699796827,Random Forest,7.350542300203173,7.350542300203173
2026-06-10 05:00:00,2026-06-10,5,2,6,46,43.6235909090909,Random Forest,2.3764090909090996,2.3764090909090996
2026-06-10 06:00:00,2026-06-10,6,2,6,132,136.94239484126985,Random Forest,-4.942394841269845,4.942394841269845
2026-06-10 07:00:00,2026-06-10,7,2,6,262,243.3025972222223,Random Forest,18.69740277777771,18.69740277777771
2026-06-10 08:00:00,2026-06-10,8,2,6,350,303.1116026334776,Random Forest,46.88839736652238,46.88839736652238
2026-06-10 09:00:00,2026-06-10,9,2,6,161,159.51574512987014,Random Forest,1.4842548701298597,1.4842548701298597
2026-06-10 10:00:00,2026-06-10,10,2,6,126,129.96982792207783,Random Forest,-3.969827922077826,3.969827922077826
2026-06-10 11:00:00,2026-06-10,11,2,6,123,140.54421320346322,Random Forest,-17.544213203463215,17.544213203463215
2026-06-10 12:00:00,2026-06-10,12,2,6,145,142.34053070540577,Random Forest,2.6594692945942313,2.6594692945942313
2026-06-10 13:00:00,2026-06-10,13,2,6,149,162.15774422799427,Random Forest,-13.157744227994272,13.157744227994272
2026-06-10 14:00:00,2026-06-10,14,2,6,161,163.42171248196254,Random Forest,-2.421712481962544,2.421712481962544
2026-06-10 15:00:00,2026-06-10,15,2,6,204,205.1244954906204,Random Forest,-1.1244954906204043,1.1244954906204043
2026-06-10 16:00:00,2026-06-10,16,2,6,247,236.5468769841269,Random Forest,10.453123015873103,10.453123015873103
2026-06-10 17:00:00,2026-06-10,17,2,6,441,402.5066549422801,Random Forest,38.49334505771992,38.49334505771992
2026-06-10 18:00:00,2026-06-10,18,2,6,423,399.5892739898989,Random Forest,23.410726010101087,23.410726010101087
2026-06-10 19:00:00,2026-06-10,19,2,6,343,276.61323088023096,Random Forest,66.38676911976904,66.38676911976904
2026-06-10 20:00:00,2026-06-10,20,2,6,264,233.70314267676767,Random Forest,30.29685732323233,30.29685732323233
2026-06-10 21:00:00,2026-06-10,21,2,6,115,176.64812211399706,Random Forest,-61.64812211399706,61.64812211399706
2026-06-10 22:00:00,2026-06-10,22,2,6,133,104.07768452380948,Random Forest,28.92231547619052,28.92231547619052
2026-06-10 23:00:00,2026-06-10,23,2,6,86,103.37427579365084,Random Forest,-17.37427579365084,17.37427579365084
2026-06-11 00:00:00,2026-06-11,0,3,6,86,54.00801344488843,Random Forest,31.991986555111573,31.991986555111573
2026-06-11 01:00:00,2026-06-11,1,3,6,28,38.30685317460316,Random Forest,-10.306853174603162,10.306853174603162
2026-06-11 02:00:00,2026-06-11,2,3,6,20,16.619226190476187,Random Forest,3.380773809523813,3.380773809523813
2026-06-11 03:00:00,2026-06-11,3,3,6,9,8.018564935064935,Random Forest,0.9814350649350647,0.9814350649350647
2026-06-11 04:00:00,2026-06-11,4,3,6,18,13.320078296703295,Random Forest,4.679921703296705,4.679921703296705
2026-06-11 05:00:00,2026-06-11,5,3,6,43,39.94505839830103,Random Forest,3.054941601698971,3.054941601698971
2026-06-11 06:00:00,2026-06-11,6,3,6,129,133.92466865079362,Random Forest,-4.92466865079362,4.92466865079362
2026-06-11 07:00:00,2026-06-11,7,3,6,269,223.93873611111104,Random Forest,45.06126388888896,45.06126388888896
2026-06-11 08:00:00,2026-06-11,8,3,6,329,361.04241865079354,Random Forest,-32.042418650793536,32.042418650793536
2026-06-11 09:00:00,2026-06-11,9,3,6,153,173.41849206349204,Random Forest,-20.41849206349204,20.41849206349204
2026-06-11 10:00:00,2026-06-11,10,3,6,129,140.34385515873012,Random Forest,-11.343855158730122,11.343855158730122
2026-06-11 11:00:00,2026-06-11,11,3,6,136,155.76723111610616,Random Forest,-19.76723111610616,19.76723111610616
2026-06-11 12:00:00,2026-06-11,12,3,6,141,164.86150111000111,Random Forest,-23.861501110001115,23.861501110001115
2026-06-11 13:00:00,2026-06-11,13,3,6,143,158.6076111111111,Random Forest,-15.607611111111112,15.607611111111112
2026-06-11 14:00:00,2026-06-11,14,3,6,149,165.7227837301588,Random Forest,-16.722783730158795,16.722783730158795
2026-06-11 15:00:00,2026-06-11,15,3,6,166,192.7605595238095,Random Forest,-26.76055952380949,26.76055952380949
2026-06-11 16:00:00,2026-06-11,16,3,6,258,220.45317261904765,Random Forest,37.54682738095235,37.54682738095235
2026-06-11 17:00:00,2026-06-11,17,3,6,427,398.8556111111112,Random Forest,28.144388888888784,28.144388888888784
2026-06-11 18:00:00,2026-06-11,18,3,6,407,394.3611230158729,Random Forest,12.63887698412708,12.63887698412708
2026-06-11 19:00:00,2026-06-11,19,3,6,273,328.84857413419917,Random Forest,-55.84857413419917,55.84857413419917
2026-06-11 20:00:00,2026-06-11,20,3,6,212,205.77848412698413,Random Forest,6.221515873015875,6.221515873015875
2026-06-11 21:00:00,2026-06-11,21,3,6,165,161.20256114718617,Random Forest,3.7974388528138263,3.7974388528138263
2026-06-11 22:00:00,2026-06-11,22,3,6,117,122.68061255411254,Random Forest,-5.6806125541125425,5.6806125541125425
2026-06-11 23:00:00,2026-06-11,23,3,6,57,92.8909563492063,Random Forest,-35.890956349206306,35.890956349206306
2026-06-12 00:00:00,2026-06-12,0,4,6,15,74.35916303141308,Random Forest,-59.359163031413075,59.359163031413075
2026-06-12 01:00:00,2026-06-12,1,4,6,16,12.905344169719172,Random Forest,3.0946558302808285,3.0946558302808285
2026-06-12 02:00:00,2026-06-12,2,4,6,13,10.410684026757554,Random Forest,2.589315973242446,2.589315973242446
2026-06-12 03:00:00,2026-06-12,3,4,6,11,10.485612179487175,Random Forest,0.514387820512825,0.514387820512825
2026-06-12 04:00:00,2026-06-12,4,4,6,20,12.974835206352815,Random Forest,7.0251647936471855,7.0251647936471855
2026-06-12 05:00:00,2026-06-12,5,4,6,35,37.863712397080036,Random Forest,-2.863712397080036,2.863712397080036
2026-06-12 06:00:00,2026-06-12,6,4,6,118,116.25926388888891,Random Forest,1.7407361111110902,1.7407361111110902
2026-06-12 07:00:00,2026-06-12,7,4,6,210,214.53291269841264,Random Forest,-4.532912698412645,4.532912698412645
2026-06-12 08:00:00,2026-06-12,8,4,6,234,277.05254166666657,Random Forest,-43.05254166666657,43.05254166666657
2026-06-12 09:00:00,2026-06-12,9,4,6,153,161.31502380952378,Random Forest,-8.31502380952378,8.31502380952378
2026-06-12 10:00:00,2026-06-12,10,4,6,154,163.72677182539692,Random Forest,-9.726771825396924,9.726771825396924
2026-06-12 11:00:00,2026-06-12,11,4,6,168,178.0289841269841,Random Forest,-10.028984126984113,10.028984126984113
2026-06-12 12:00:00,2026-06-12,12,4,6,173,184.0337083333333,Random Forest,-11.033708333333294,11.033708333333294
2026-06-12 13:00:00,2026-06-12,13,4,6,211,205.25631583694087,Random Forest,5.743684163059129,5.743684163059129
2026-06-12 14:00:00,2026-06-12,14,4,6,228,222.39196825396834,Random Forest,5.608031746031656,5.608031746031656
2026-06-12 15:00:00,2026-06-12,15,4,6,266,250.75738583638588,Random Forest,15.242614163614121,15.242614163614121
2026-06-12 16:00:00,2026-06-12,16,4,6,307,294.8038504689756,Random Forest,12.196149531024389,12.196149531024389
2026-06-12 17:00:00,2026-06-12,17,4,6,369,379.9534603174603,Random Forest,-10.953460317460326,10.953460317460326
2026-06-12 18:00:00,2026-06-12,18,4,6,329,374.26459325396826,Random Forest,-45.26459325396826,45.26459325396826
2026-06-12 19:00:00,2026-06-12,19,4,6,158,235.61696825396822,Random Forest,-77.61696825396822,77.61696825396822
2026-06-12 20:00:00,2026-06-12,20,4,6,222,189.13363293650792,Random Forest,32.86636706349208,32.86636706349208
2026-06-12 21:00:00,2026-06-12,21,4,6,164,172.11170887445883,Random Forest,-8.111708874458827,8.111708874458827
2026-06-12 22:00:00,2026-06-12,22,4,6,118,149.08239880952385,Random Forest,-31.082398809523852,31.082398809523852
2026-06-12 23:00:00,2026-06-12,23,4,6,186,105.95912103174607,Random Forest,80.04087896825393,80.04087896825393
2026-06-13 00:00:00,2026-06-13,0,5,6,87,180.76916955266944,Random Forest,-93.76916955266944,93.76916955266944
2026-06-13 01:00:00,2026-06-13,1,5,6,58,162.67044246031753,Random Forest,-104.67044246031753,104.67044246031753
2026-06-13 02:00:00,2026-06-13,2,5,6,60,49.06394841269843,Random Forest,10.93605158730157,10.93605158730157
2026-06-13 03:00:00,2026-06-13,3,5,6,26,40.6724541798781,Random Forest,-14.672454179878102,14.672454179878102
2026-06-13 04:00:00,2026-06-13,4,5,6,12,18.905946789321785,Random Forest,-6.905946789321785,6.905946789321785
2026-06-13 05:00:00,2026-06-13,5,5,6,23,26.351907988448747,Random Forest,-3.3519079884487475,3.3519079884487475
2026-06-13 06:00:00,2026-06-13,6,5,6,37,42.46856219760632,Random Forest,-5.4685621976063175,5.4685621976063175
2026-06-13 07:00:00,2026-06-13,7,5,6,77,93.79660389610387,Random Forest,-16.796603896103875,16.796603896103875
2026-06-13 08:00:00,2026-06-13,8,5,6,162,119.50723476360244,Random Forest,42.49276523639756,42.49276523639756
2026-06-13 09:00:00,2026-06-13,9,5,6,189,193.1210317460317,Random Forest,-4.12103174603169,4.12103174603169
2026-06-13 10:00:00,2026-06-13,10,5,6,243,201.85445634920634,Random Forest,41.145543650793655,41.145543650793655
2026-06-13 11:00:00,2026-06-13,11,5,6,269,258.3792918609169,Random Forest,10.620708139083092,10.620708139083092
2026-06-13 12:00:00,2026-06-13,12,5,6,279,282.0628481379732,Random Forest,-3.0628481379732193,3.0628481379732193
2026-06-13 13:00:00,2026-06-13,13,5,6,289,263.69823917748914,Random Forest,25.301760822510857,25.301760822510857
2026-06-13 14:00:00,2026-06-13,14,5,6,283,274.2179761904761,Random Forest,8.782023809523878,8.782023809523878
2026-06-13 15:00:00,2026-06-13,15,5,6,296,265.7781273448773,Random Forest,30.221872655122695,30.221872655122695
2026-06-13 16:00:00,2026-06-13,16,5,6,270,283.3492182539682,Random Forest,-13.349218253968218,13.349218253968218
2026-06-13 17:00:00,2026-06-13,17,5,6,291,315.39137103174596,Random Forest,-24.39137103174596,24.39137103174596
2026-06-13 18:00:00,2026-06-13,18,5,6,274,280.9793234126984,Random Forest,-6.97932341269842,6.97932341269842
2026-06-13 19:00:00,2026-06-13,19,5,6,279,198.48212301587307,Random Forest,80.51787698412693,80.51787698412693
2026-06-13 20:00:00,2026-06-13,20,5,6,261,201.76759325396833,Random Forest,59.23240674603167,59.23240674603167
2026-06-13 21:00:00,2026-06-13,21,5,6,147,196.998753968254,Random Forest,-49.99875396825399,49.99875396825399
2026-06-13 22:00:00,2026-06-13,22,5,6,104,114.99446969696966,Random Forest,-10.99446969696966,10.99446969696966
2026-06-13 23:00:00,2026-06-13,23,5,6,136,79.59712103174606,Random Forest,56.402878968253944,56.402878968253944
2026-06-14 00:00:00,2026-06-14,0,6,6,183,109.39537229437227,Random Forest,73.60462770562773,73.60462770562773
2026-06-14 01:00:00,2026-06-14,1,6,6,135,143.3267155483406,Random Forest,-8.326715548340587,8.326715548340587
2026-06-14 02:00:00,2026-06-14,2,6,6,166,103.02694967532464,Random Forest,62.973050324675356,62.973050324675356
2026-06-14 03:00:00,2026-06-14,3,6,6,72,138.5087480158731,Random Forest,-66.5087480158731,66.5087480158731
2026-06-14 04:00:00,2026-06-14,4,6,6,22,43.65459920634922,Random Forest,-21.654599206349218,21.654599206349218
2026-06-14 05:00:00,2026-06-14,5,6,6,20,24.078306099590367,Random Forest,-4.0783060995903675,4.0783060995903675
2026-06-14 06:00:00,2026-06-14,6,6,6,23,32.71252724195736,Random Forest,-9.71252724195736,9.71252724195736
2026-06-14 07:00:00,2026-06-14,7,6,6,58,44.84112103174603,Random Forest,13.158878968253973,13.158878968253973
2026-06-14 08:00:00,2026-06-14,8,6,6,85,104.72196338383843,Random Forest,-19.72196338383843,19.72196338383843
2026-06-14 09:00:00,2026-06-14,9,6,6,142,118.71703238265003,Random Forest,23.282967617349968,23.282967617349968
2026-06-14 10:00:00,2026-06-14,10,6,6,168,143.62236507936504,Random Forest,24.37763492063496,24.37763492063496
2026-06-14 11:00:00,2026-06-14,11,6,6,227,174.62046825396817,Random Forest,52.37953174603183,52.37953174603183
2026-06-14 12:00:00,2026-06-14,12,6,6,274,228.4335643939394,Random Forest,45.566435606060594,45.566435606060594
2026-06-14 13:00:00,2026-06-14,13,6,6,234,284.06655645743155,Random Forest,-50.066556457431545,50.066556457431545
2026-06-14 14:00:00,2026-06-14,14,6,6,228,258.5067072510823,Random Forest,-30.506707251082275,30.506707251082275
2026-06-14 15:00:00,2026-06-14,15,6,6,227,235.9619136002886,Random Forest,-8.961913600288597,8.961913600288597
2026-06-14 16:00:00,2026-06-14,16,6,6,230,221.79376479076484,Random Forest,8.20623520923516,8.20623520923516
2026-06-14 17:00:00,2026-06-14,17,6,6,277,255.78665169552679,Random Forest,21.213348304473215,21.213348304473215
2026-06-14 18:00:00,2026-06-14,18,6,6,248,257.02701118326127,Random Forest,-9.027011183261266,9.027011183261266
2026-06-14 19:00:00,2026-06-14,19,6,6,198,208.3859691558441,Random Forest,-10.385969155844094,10.385969155844094
2026-06-14 20:00:00,2026-06-14,20,6,6,194,200.020625,Random Forest,-6.0206249999999955,6.0206249999999955
2026-06-14 21:00:00,2026-06-14,21,6,6,107,180.61808928571426,Random Forest,-73.61808928571426,73.61808928571426
2026-06-14 22:00:00,2026-06-14,22,6,6,88,74.10942857142858,Random Forest,13.89057142857142,13.89057142857142
2026-06-14 23:00:00,2026-06-14,23,6,6,24,74.7553611111111,Random Forest,-50.7553611111111,50.7553611111111
2026-06-15 00:00:00,2026-06-15,0,0,6,10,31.991416305916328,Random Forest,-21.991416305916328,21.991416305916328
2026-06-15 01:00:00,2026-06-15,1,0,6,15,17.85653805916305,Random Forest,-2.85653805916305,2.85653805916305
2026-06-15 02:00:00,2026-06-15,2,0,6,11,14.496254117259552,Random Forest,-3.496254117259552,3.496254117259552
2026-06-15 03:00:00,2026-06-15,3,0,6,3,12.932988455988458,Random Forest,-9.932988455988458,9.932988455988458
2026-06-15 04:00:00,2026-06-15,4,0,6,16,13.424483086358082,Random Forest,2.575516913641918,2.575516913641918
2026-06-15 05:00:00,2026-06-15,5,0,6,47,37.436541666666656,Random Forest,9.563458333333344,9.563458333333344
2026-06-15 06:00:00,2026-06-15,6,0,6,127,118.80440963203466,Random Forest,8.195590367965337,8.195590367965337
2026-06-15 07:00:00,2026-06-15,7,0,6,207,212.86618001442994,Random Forest,-5.866180014429943,5.866180014429943
2026-06-15 08:00:00,2026-06-15,8,0,6,247,243.5660813492063,Random Forest,3.433918650793686,3.433918650793686
2026-06-15 09:00:00,2026-06-15,9,0,6,135,159.97510371572866,Random Forest,-24.975103715728665,24.975103715728665
2026-06-15 10:00:00,2026-06-15,10,0,6,121,133.64104274891778,Random Forest,-12.641042748917783,12.641042748917783
2026-06-15 11:00:00,2026-06-15,11,0,6,115,144.61243452380958,Random Forest,-29.612434523809583,29.612434523809583
2026-06-15 12:00:00,2026-06-15,12,0,6,126,147.38669101731608,Random Forest,-21.386691017316082,21.386691017316082
2026-06-15 13:00:00,2026-06-15,13,0,6,133,150.92539087301594,Random Forest,-17.925390873015942,17.925390873015942
2026-06-15 14:00:00,2026-06-15,14,0,6,156,156.82656807081815,Random Forest,-0.8265680708181549,0.8265680708181549
2026-06-15 15:00:00,2026-06-15,15,0,6,192,200.29706944444453,Random Forest,-8.297069444444531,8.297069444444531
2026-06-15 16:00:00,2026-06-15,16,0,6,257,264.4239103641457,Random Forest,-7.423910364145684,7.423910364145684
2026-06-15 17:00:00,2026-06-15,17,0,6,412,361.85402867965354,Random Forest,50.14597132034646,50.14597132034646
2026-06-15 18:00:00,2026-06-15,18,0,6,439,368.71749603174584,Random Forest,70.28250396825416,70.28250396825416
2026-06-15 19:00:00,2026-06-15,19,0,6,305,295.1128829365079,Random Forest,9.887117063492099,9.887117063492099
2026-06-15 20:00:00,2026-06-15,20,0,6,200,216.15855555555555,Random Forest,-16.15855555555555,16.15855555555555
2026-06-15 21:00:00,2026-06-15,21,0,6,118,139.83490354090355,Random Forest,-21.834903540903554,21.834903540903554
2026-06-15 22:00:00,2026-06-15,22,0,6,88,94.32143055555545,Random Forest,-6.321430555555452,6.321430555555452
2026-06-15 23:00:00,2026-06-15,23,0,6,52,85.84317261904762,Random Forest,-33.84317261904762,33.84317261904762
2026-06-16 00:00:00,2026-06-16,0,1,6,37,97.68118181818183,Random Forest,-60.68118181818183,60.68118181818183
2026-06-16 01:00:00,2026-06-16,1,1,6,10,16.33117658730159,Random Forest,-6.3311765873015915,6.3311765873015915
2026-06-16 02:00:00,2026-06-16,2,1,6,5,8.981604388591245,Random Forest,-3.9816043885912453,3.9816043885912453
2026-06-16 03:00:00,2026-06-16,3,1,6,2,6.087103049728049,Random Forest,-4.087103049728049,4.087103049728049
2026-06-16 04:00:00,2026-06-16,4,1,6,17,14.041939275818834,Random Forest,2.9580607241811663,2.9580607241811663
2026-06-16 05:00:00,2026-06-16,5,1,6,60,44.48101627539127,Random Forest,15.51898372460873,15.51898372460873
2026-06-16 06:00:00,2026-06-16,6,1,6,155,137.3611718975469,Random Forest,17.63882810245309,17.63882810245309
2026-06-16 07:00:00,2026-06-16,7,1,6,268,234.8370198412696,Random Forest,33.16298015873039,33.16298015873039
2026-06-16 08:00:00,2026-06-16,8,1,6,301,300.40275306637807,Random Forest,0.5972469336219319,0.5972469336219319
2026-06-16 09:00:00,2026-06-16,9,1,6,173,160.9008695887446,Random Forest,12.099130411255402,12.099130411255402
2026-06-16 10:00:00,2026-06-16,10,1,6,153,135.613494047619,Random Forest,17.386505952380986,17.386505952380986
2026-06-16 11:00:00,2026-06-16,11,1,6,136,141.1045608280608,Random Forest,-5.104560828060812,5.104560828060812
2026-06-16 12:00:00,2026-06-16,12,1,6,214,147.82233931346434,Random Forest,66.17766068653566,66.17766068653566
2026-06-16 13:00:00,2026-06-16,13,1,6,147,174.16080952380946,Random Forest,-27.160809523809462,27.160809523809462
2026-06-16 14:00:00,2026-06-16,14,1,6,169,160.17560155122655,Random Forest,8.82439844877345,8.82439844877345
2026-06-16 15:00:00,2026-06-16,15,1,6,203,209.7831879509379,Random Forest,-6.783187950937901,6.783187950937901
2026-06-16 16:00:00,2026-06-16,16,1,6,258,249.43611904761912,Random Forest,8.563880952380885,8.563880952380885
2026-06-16 17:00:00,2026-06-16,17,1,6,464,409.1669505772008,Random Forest,54.833049422799206,54.833049422799206
2026-06-16 18:00:00,2026-06-16,18,1,6,429,401.3523412698412,Random Forest,27.64765873015881,27.64765873015881
2026-06-16 19:00:00,2026-06-16,19,1,6,363,340.3251376262628,Random Forest,22.6748623737372,22.6748623737372
2026-06-16 20:00:00,2026-06-16,20,1,6,258,226.67473196248193,Random Forest,31.32526803751807,31.32526803751807
2026-06-16 21:00:00,2026-06-16,21,1,6,144,163.56693019480522,Random Forest,-19.566930194805224,19.566930194805224
2026-06-16 22:00:00,2026-06-16,22,1,6,100,104.56275595238094,Random Forest,-4.56275595238094,4.56275595238094
2026-06-16 23:00:00,2026-06-16,23,1,6,56,67.25147023809525,Random Forest,-11.251470238095251,11.251470238095251
2026-06-17 00:00:00,2026-06-17,0,2,6,28,41.18853607503608,Random Forest,-13.188536075036083,13.188536075036083
2026-06-17 01:00:00,2026-06-17,1,2,6,23,14.860668650793652,Random Forest,8.139331349206348,8.139331349206348
2026-06-17 02:00:00,2026-06-17,2,2,6,7,9.990126803751805,Random Forest,-2.9901268037518047,2.9901268037518047
2026-06-17 03:00:00,2026-06-17,3,2,6,3,7.672807069266688,Random Forest,-4.672807069266688,4.672807069266688
2026-06-17 04:00:00,2026-06-17,4,2,6,14,13.011703588486677,Random Forest,0.988296411513323,0.988296411513323
2026-06-17 05:00:00,2026-06-17,5,2,6,54,43.34360082972583,Random Forest,10.65639917027417,10.65639917027417
2026-06-17 06:00:00,2026-06-17,6,2,6,174,130.75230555555555,Random Forest,43.24769444444445,43.24769444444445
2026-06-17 07:00:00,2026-06-17,7,2,6,254,222.63609722222205,Random Forest,31.36390277777795,31.36390277777795
2026-06-17 08:00:00,2026-06-17,8,2,6,358,322.59030357142854,Random Forest,35.409696428571465,35.409696428571465
2026-06-17 09:00:00,2026-06-17,9,2,6,157,196.0179503968253,Random Forest,-39.01795039682531,39.01795039682531
2026-06-17 10:00:00,2026-06-17,10,2,6,132,157.90436544011536,Random Forest,-25.904365440115356,25.904365440115356
2026-06-17 11:00:00,2026-06-17,11,2,6,132,143.61255774780778,Random Forest,-11.612557747807784,11.612557747807784
2026-06-17 12:00:00,2026-06-17,12,2,6,159,157.11756746031745,Random Forest,1.8824325396825543,1.8824325396825543
2026-06-17 13:00:00,2026-06-17,13,2,6,141,166.2889642857143,Random Forest,-25.288964285714286,25.288964285714286
2026-06-17 14:00:00,2026-06-17,14,2,6,127,164.5813670634921,Random Forest,-37.58136706349211,37.58136706349211
2026-06-17 15:00:00,2026-06-17,15,2,6,200,183.74508989621492,Random Forest,16.25491010378508,16.25491010378508
2026-06-17 16:00:00,2026-06-17,16,2,6,254,232.59287896825393,Random Forest,21.407121031746073,21.407121031746073
2026-06-17 17:00:00,2026-06-17,17,2,6,403,402.2443373015875,Random Forest,0.7556626984124932,0.7556626984124932
2026-06-17 18:00:00,2026-06-17,18,2,6,417,400.978380952381,Random Forest,16.021619047619026,16.021619047619026
2026-06-17 19:00:00,2026-06-17,19,2,6,293,369.15343253968274,Random Forest,-76.15343253968274,76.15343253968274
2026-06-17 20:00:00,2026-06-17,20,2,6,207,215.75003968253972,Random Forest,-8.750039682539722,8.750039682539722
2026-06-17 21:00:00,2026-06-17,21,2,6,173,152.90902673715178,Random Forest,20.090973262848223,20.090973262848223
2026-06-17 22:00:00,2026-06-17,22,2,6,102,124.00021212121206,Random Forest,-22.00021212121206,22.00021212121206
2026-06-17 23:00:00,2026-06-17,23,2,6,53,77.31092460317461,Random Forest,-24.310924603174612,24.310924603174612
2026-06-18 00:00:00,2026-06-18,0,3,6,37,91.75225595238095,Random Forest,-54.75225595238095,54.75225595238095
2026-06-18 01:00:00,2026-06-18,1,3,6,13,24.787567460317465,Random Forest,-11.787567460317465,11.787567460317465
2026-06-18 02:00:00,2026-06-18,2,3,6,7,10.62556866744367,Random Forest,-3.6255686674436696,3.6255686674436696
2026-06-18 03:00:00,2026-06-18,3,3,6,5,6.846232414515312,Random Forest,-1.8462324145153124,1.8462324145153124
2026-06-18 04:00:00,2026-06-18,4,3,6,19,13.076537606001727,Random Forest,5.923462393998273,5.923462393998273
2026-06-18 05:00:00,2026-06-18,5,3,6,72,42.21309394363805,Random Forest,29.78690605636195,29.78690605636195
2026-06-18 06:00:00,2026-06-18,6,3,6,187,139.404373015873,Random Forest,47.595626984126994,47.595626984126994
2026-06-18 07:00:00,2026-06-18,7,3,6,236,225.17681349206347,Random Forest,10.823186507936526,10.823186507936526
2026-06-18 08:00:00,2026-06-18,8,3,6,312,359.70926190476183,Random Forest,-47.70926190476183,47.70926190476183
2026-06-18 09:00:00,2026-06-18,9,3,6,168,167.14557990620483,Random Forest,0.85442009379517,0.85442009379517
2026-06-18 10:00:00,2026-06-18,10,3,6,109,145.1759493145743,Random Forest,-36.1759493145743,36.1759493145743
2026-06-18 11:00:00,2026-06-18,11,3,6,153,122.62684823047317,Random Forest,30.373151769526828,30.373151769526828
2026-06-18 12:00:00,2026-06-18,12,3,6,214,159.56281836219338,Random Forest,54.43718163780662,54.43718163780662
2026-06-18 13:00:00,2026-06-18,13,3,6,198,167.06497023809519,Random Forest,30.935029761904815,30.935029761904815
2026-06-18 14:00:00,2026-06-18,14,3,6,189,172.55439285714286,Random Forest,16.445607142857142,16.445607142857142
2026-06-18 15:00:00,2026-06-18,15,3,6,227,214.05331277056277,Random Forest,12.94668722943723,12.94668722943723
2026-06-18 16:00:00,2026-06-18,16,3,6,283,254.1910656565658,Random Forest,28.808934343434203,28.808934343434203
2026-06-18 17:00:00,2026-06-18,17,3,6,432,398.2668373015874,Random Forest,33.73316269841263,33.73316269841263
2026-06-18 18:00:00,2026-06-18,18,3,6,367,394.5284265873015,Random Forest,-27.52842658730151,27.52842658730151
2026-06-18 19:00:00,2026-06-18,19,3,6,237,237.43501587301583,Random Forest,-0.43501587301582845,0.43501587301582845
2026-06-18 20:00:00,2026-06-18,20,3,6,231,190.5663273809524,Random Forest,40.4336726190476,40.4336726190476
2026-06-18 21:00:00,2026-06-18,21,3,6,195,171.85154960317462,Random Forest,23.148450396825382,23.148450396825382
2026-06-18 22:00:00,2026-06-18,22,3,6,128,132.27431150793646,Random Forest,-4.27431150793646,4.27431150793646
2026-06-18 23:00:00,2026-06-18,23,3,6,99,81.66020202020205,Random Forest,17.33979797979795,17.33979797979795
2026-06-19 00:00:00,2026-06-19,0,4,6,60,54.950126984127,Random Forest,5.049873015872997,5.049873015872997
2026-06-19 01:00:00,2026-06-19,1,4,6,27,32.50877803657695,Random Forest,-5.508778036576949,5.508778036576949
2026-06-19 02:00:00,2026-06-19,2,4,6,24,17.71459722222222,Random Forest,6.2854027777777794,6.2854027777777794
2026-06-19 03:00:00,2026-06-19,3,4,6,10,16.511710317460313,Random Forest,-6.511710317460313,6.511710317460313
2026-06-19 04:00:00,2026-06-19,4,4,6,14,12.896777701465203,Random Forest,1.1032222985347975,1.1032222985347975
2026-06-19 05:00:00,2026-06-19,5,4,6,25,35.67759806920132,Random Forest,-10.677598069201323,10.677598069201323
2026-06-19 06:00:00,2026-06-19,6,4,6,70,88.1343452380953,Random Forest,-18.134345238095307,18.134345238095307
2026-06-19 07:00:00,2026-06-19,7,4,6,116,135.57507738095237,Random Forest,-19.575077380952365,19.575077380952365
2026-06-19 08:00:00,2026-06-19,8,4,6,156,216.8723571428571,Random Forest,-60.87235714285711,60.87235714285711
2026-06-19 09:00:00,2026-06-19,9,4,6,167,175.14608542188805,Random Forest,-8.146085421888046,8.146085421888046
2026-06-19 10:00:00,2026-06-19,10,4,6,192,164.55945238095245,Random Forest,27.44054761904755,27.44054761904755
2026-06-19 11:00:00,2026-06-19,11,4,6,258,182.748761904762,Random Forest,75.251238095238,75.251238095238
2026-06-19 12:00:00,2026-06-19,12,4,6,271,233.08842027417035,Random Forest,37.911579725829654,37.911579725829654
2026-06-19 13:00:00,2026-06-19,13,4,6,300,259.87924801587303,Random Forest,40.12075198412697,40.12075198412697
2026-06-19 14:00:00,2026-06-19,14,4,6,393,261.7669821428571,Random Forest,131.2330178571429,131.2330178571429
2026-06-19 15:00:00,2026-06-19,15,4,6,254,292.96786309523804,Random Forest,-38.967863095238044,38.967863095238044
2026-06-19 16:00:00,2026-06-19,16,4,6,230,288.0066120129871,Random Forest,-58.00661201298709,58.00661201298709
2026-06-19 17:00:00,2026-06-19,17,4,6,370,369.9968412698413,Random Forest,0.003158730158702383,0.003158730158702383
2026-06-19 18:00:00,2026-06-19,18,4,6,226,343.01946825396817,Random Forest,-117.01946825396817,117.01946825396817
2026-06-19 19:00:00,2026-06-19,19,4,6,216,188.99920634920636,Random Forest,27.00079365079364,27.00079365079364
2026-06-19 20:00:00,2026-06-19,20,4,6,205,176.59894551282053,Random Forest,28.401054487179465,28.401054487179465
2026-06-19 21:00:00,2026-06-19,21,4,6,150,180.71973809523809,Random Forest,-30.719738095238085,30.719738095238085
2026-06-19 22:00:00,2026-06-19,22,4,6,156,125.27020183982673,Random Forest,30.729798160173274,30.729798160173274
2026-06-19 23:00:00,2026-06-19,23,4,6,107,156.75861309523813,Random Forest,-49.75861309523813,49.75861309523813
2026-06-20 00:00:00,2026-06-20,0,5,6,83,166.38698214285716,Random Forest,-83.38698214285716,83.38698214285716
2026-06-20 01:00:00,2026-06-20,1,5,6,41,56.34354915917416,Random Forest,-15.34354915917416,15.34354915917416
2026-06-20 02:00:00,2026-06-20,2,5,6,47,43.032878968253954,Random Forest,3.9671210317460464,3.9671210317460464
2026-06-20 03:00:00,2026-06-20,3,5,6,29,29.352541925465857,Random Forest,-0.3525419254658573,0.3525419254658573
2026-06-20 04:00:00,2026-06-20,4,5,6,14,17.96582810245309,Random Forest,-3.9658281024530915,3.9658281024530915
2026-06-20 05:00:00,2026-06-20,5,5,6,21,22.852033459595955,Random Forest,-1.8520334595959547,1.8520334595959547
2026-06-20 06:00:00,2026-06-20,6,5,6,53,36.24364808802308,Random Forest,16.75635191197692,16.75635191197692
2026-06-20 07:00:00,2026-06-20,7,5,6,59,102.05473304473307,Random Forest,-43.05473304473307,43.05473304473307
2026-06-20 08:00:00,2026-06-20,8,5,6,118,106.45938203463211,Random Forest,11.540617965367886,11.540617965367886
2026-06-20 09:00:00,2026-06-20,9,5,6,157,132.32361498387235,Random Forest,24.676385016127654,24.676385016127654
2026-06-20 10:00:00,2026-06-20,10,5,6,195,166.19186904761898,Random Forest,28.80813095238102,28.80813095238102
2026-06-20 11:00:00,2026-06-20,11,5,6,259,194.7759900793651,Random Forest,64.2240099206349,64.2240099206349
2026-06-20 12:00:00,2026-06-20,12,5,6,246,270.6013317099567,Random Forest,-24.601331709956696,24.601331709956696
2026-06-20 13:00:00,2026-06-20,13,5,6,186,281.08074801587304,Random Forest,-95.08074801587304,95.08074801587304
2026-06-20 14:00:00,2026-06-20,14,5,6,247,316.70792063492064,Random Forest,-69.70792063492064,69.70792063492064
2026-06-20 15:00:00,2026-06-20,15,5,6,237,282.64870580808093,Random Forest,-45.64870580808093,45.64870580808093
2026-06-20 16:00:00,2026-06-20,16,5,6,205,264.1817220418471,Random Forest,-59.18172204184708,59.18172204184708
2026-06-20 17:00:00,2026-06-20,17,5,6,233,313.9344325396824,Random Forest,-80.9344325396824,80.9344325396824
2026-06-20 18:00:00,2026-06-20,18,5,6,224,250.83223809523804,Random Forest,-26.83223809523804,26.83223809523804
2026-06-20 19:00:00,2026-06-20,19,5,6,190,186.47349801587316,Random Forest,3.5265019841268384,3.5265019841268384
2026-06-20 20:00:00,2026-06-20,20,5,6,161,175.0595714285714,Random Forest,-14.059571428571388,14.059571428571388
2026-06-20 21:00:00,2026-06-20,21,5,6,148,136.84049224386715,Random Forest,11.159507756132854,11.159507756132854
2026-06-20 22:00:00,2026-06-20,22,5,6,121,115.51785948773443,Random Forest,5.482140512265573,5.482140512265573
2026-06-20 23:00:00,2026-06-20,23,5,6,91,109.95422019647017,Random Forest,-18.954220196470175,18.954220196470175
2026-06-21 00:00:00,2026-06-21,0,6,6,76,188.48034271284266,Random Forest,-112.48034271284266,112.48034271284266
2026-06-21 01:00:00,2026-06-21,1,6,6,63,130.8765317460317,Random Forest,-67.8765317460317,67.8765317460317
2026-06-21 02:00:00,2026-06-21,2,6,6,28,119.37115079365074,Random Forest,-91.37115079365074,91.37115079365074
2026-06-21 03:00:00,2026-06-21,3,6,6,28,40.67623214285713,Random Forest,-12.676232142857131,12.676232142857131
2026-06-21 04:00:00,2026-06-21,4,6,6,17,23.865424603174603,Random Forest,-6.865424603174603,6.865424603174603
2026-06-21 05:00:00,2026-06-21,5,6,6,17,22.359038242447514,Random Forest,-5.3590382424475145,5.3590382424475145
2026-06-21 06:00:00,2026-06-21,6,6,6,30,33.027084721437994,Random Forest,-3.027084721437994,3.027084721437994
2026-06-21 07:00:00,2026-06-21,7,6,6,60,64.69029166666667,Random Forest,-4.690291666666667,4.690291666666667
2026-06-21 08:00:00,2026-06-21,8,6,6,82,97.99612301587305,Random Forest,-15.996123015873053,15.996123015873053
2026-06-21 09:00:00,2026-06-21,9,6,6,138,116.41492379679147,Random Forest,21.58507620320853,21.58507620320853
2026-06-21 10:00:00,2026-06-21,10,6,6,198,171.67774134199124,Random Forest,26.322258658008764,26.322258658008764
2026-06-21 11:00:00,2026-06-21,11,6,6,255,197.48564682539688,Random Forest,57.514353174603116,57.514353174603116
2026-06-21 12:00:00,2026-06-21,12,6,6,217,263.2378564213564,Random Forest,-46.23785642135641,46.23785642135641
2026-06-21 13:00:00,2026-06-21,13,6,6,182,187.39505952380955,Random Forest,-5.39505952380955,5.39505952380955
2026-06-21 14:00:00,2026-06-21,14,6,6,210,185.1292817460317,Random Forest,24.870718253968306,24.870718253968306
2026-06-21 15:00:00,2026-06-21,15,6,6,218,195.40877380952384,Random Forest,22.591226190476164,22.591226190476164
2026-06-21 16:00:00,2026-06-21,16,6,6,213,190.67106944444444,Random Forest,22.32893055555556,22.32893055555556
2026-06-21 17:00:00,2026-06-21,17,6,6,233,206.59688690476196,Random Forest,26.40311309523804,26.40311309523804
2026-06-21 18:00:00,2026-06-21,18,6,6,214,235.69590079365076,Random Forest,-21.695900793650765,21.695900793650765
2026-06-21 19:00:00,2026-06-21,19,6,6,192,170.68035714285725,Random Forest,21.319642857142753,21.319642857142753
2026-06-21 20:00:00,2026-06-21,20,6,6,167,175.22598015873015,Random Forest,-8.225980158730152,8.225980158730152
2026-06-21 21:00:00,2026-06-21,21,6,6,106,130.8197896825397,Random Forest,-24.819789682539692,24.819789682539692
2026-06-21 22:00:00,2026-06-21,22,6,6,83,79.78829365079368,Random Forest,3.211706349206324,3.211706349206324
2026-06-21 23:00:00,2026-06-21,23,6,6,49,66.96620743145745,Random Forest,-17.96620743145745,17.96620743145745
2026-06-22 00:00:00,2026-06-22,0,0,6,27,55.09726659451658,Random Forest,-28.097266594516583,28.097266594516583
2026-06-22 01:00:00,2026-06-22,1,0,6,21,42.21026785714286,Random Forest,-21.21026785714286,21.21026785714286
2026-06-22 02:00:00,2026-06-22,2,0,6,10,15.018314806662262,Random Forest,-5.0183148066622625,5.0183148066622625
2026-06-22 03:00:00,2026-06-22,3,0,6,14,6.053330499302956,Random Forest,7.946669500697044,7.946669500697044
2026-06-22 04:00:00,2026-06-22,4,0,6,18,13.263654304029307,Random Forest,4.736345695970693,4.736345695970693
2026-06-22 05:00:00,2026-06-22,5,0,6,44,35.80146005349663,Random Forest,8.198539946503367,8.198539946503367
2026-06-22 06:00:00,2026-06-22,6,0,6,119,116.08994931457433,Random Forest,2.9100506854256736,2.9100506854256736
2026-06-22 07:00:00,2026-06-22,7,0,6,205,207.98473755411248,Random Forest,-2.9847375541124848,2.9847375541124848
2026-06-22 08:00:00,2026-06-22,8,0,6,232,239.0535753968253,Random Forest,-7.053575396825295,7.053575396825295
2026-06-22 09:00:00,2026-06-22,9,0,6,111,134.5579107142858,Random Forest,-23.55791071428581,23.55791071428581
2026-06-22 10:00:00,2026-06-22,10,0,6,106,133.55940476190474,Random Forest,-27.559404761904744,27.559404761904744
2026-06-22 11:00:00,2026-06-22,11,0,6,125,117.3441001253459,Random Forest,7.6558998746540965,7.6558998746540965
2026-06-22 12:00:00,2026-06-22,12,0,6,146,145.84322817460318,Random Forest,0.15677182539681667,0.15677182539681667
2026-06-22 13:00:00,2026-06-22,13,0,6,136,156.77714087301598,Random Forest,-20.77714087301598,20.77714087301598
2026-06-22 14:00:00,2026-06-22,14,0,6,128,153.89248672161176,Random Forest,-25.89248672161176,25.89248672161176
2026-06-22 15:00:00,2026-06-22,15,0,6,106,179.83805291930304,Random Forest,-73.83805291930304,73.83805291930304
2026-06-22 16:00:00,2026-06-22,16,0,6,59,132.809928030303,Random Forest,-73.80992803030301,73.80992803030301
2026-06-22 17:00:00,2026-06-22,17,0,6,146,72.90217063492064,Random Forest,73.09782936507936,73.09782936507936
2026-06-22 18:00:00,2026-06-22,18,0,6,128,246.6405595238095,Random Forest,-118.64055952380949,118.64055952380949
2026-06-22 19:00:00,2026-06-22,19,0,6,109,208.3637023809524,Random Forest,-99.36370238095239,99.36370238095239
2026-06-22 20:00:00,2026-06-22,20,0,6,93,103.85984325396828,Random Forest,-10.859843253968279,10.859843253968279
2026-06-22 21:00:00,2026-06-22,21,0,6,64,78.69349813258638,Random Forest,-14.693498132586384,14.693498132586384
2026-06-22 22:00:00,2026-06-22,22,0,6,28,63.91878968253969,Random Forest,-35.91878968253969,35.91878968253969
2026-06-22 23:00:00,2026-06-22,23,0,6,33,39.40958062770562,Random Forest,-6.409580627705623,6.409580627705623
2026-06-23 00:00:00,2026-06-23,0,1,6,14,34.89145881226054,Random Forest,-20.891458812260538,20.891458812260538
2026-06-23 01:00:00,2026-06-23,1,1,6,7,7.035105792282213,Random Forest,-0.03510579228221289,0.03510579228221289
2026-06-23 02:00:00,2026-06-23,2,1,6,2,6.421518925164065,Random Forest,-4.421518925164065,4.421518925164065
2026-06-23 03:00:00,2026-06-23,3,1,6,9,2.964768890028101,Random Forest,6.0352311099719,6.0352311099719
2026-06-23 04:00:00,2026-06-23,4,1,6,16,13.572190476190471,Random Forest,2.427809523809529,2.427809523809529
2026-06-23 05:00:00,2026-06-23,5,1,6,38,40.82091561062065,Random Forest,-2.820915610620652,2.820915610620652
2026-06-23 06:00:00,2026-06-23,6,1,6,130,105.56054519092017,Random Forest,24.439454809079834,24.439454809079834
2026-06-23 07:00:00,2026-06-23,7,1,6,197,225.6879642857142,Random Forest,-28.6879642857142,28.6879642857142
2026-06-23 08:00:00,2026-06-23,8,1,6,238,240.10762301587295,Random Forest,-2.107623015872946,2.107623015872946
2026-06-23 09:00:00,2026-06-23,9,1,6,104,169.61438943001446,Random Forest,-65.61438943001446,65.61438943001446
2026-06-23 10:00:00,2026-06-23,10,1,6,95,101.27163482145606,Random Forest,-6.271634821456061,6.271634821456061
2026-06-23 11:00:00,2026-06-23,11,1,6,96,106.85349446299422,Random Forest,-10.85349446299422,10.85349446299422
2026-06-23 12:00:00,2026-06-23,12,1,6,108,109.19660854369944,Random Forest,-1.1966085436994405,1.1966085436994405
2026-06-23 13:00:00,2026-06-23,13,1,6,100,110.17652433969538,Random Forest,-10.176524339695376,10.176524339695376
2026-06-23 14:00:00,2026-06-23,14,1,6,99,108.48660078683639,Random Forest,-9.48660078683639,9.48660078683639
2026-06-23 15:00:00,2026-06-23,15,1,6,141,127.86654202741704,Random Forest,13.13345797258296,13.13345797258296
2026-06-23 16:00:00,2026-06-23,16,1,6,213,189.64248755411256,Random Forest,23.357512445887437,23.357512445887437
2026-06-23 17:00:00,2026-06-23,17,1,6,189,295.0815714285716,Random Forest,-106.08157142857158,106.08157142857158
2026-06-23 18:00:00,2026-06-23,18,1,6,260,267.07080952380966,Random Forest,-7.0708095238096575,7.0708095238096575
2026-06-23 19:00:00,2026-06-23,19,1,6,235,239.1234071067821,Random Forest,-4.1234071067821105,4.1234071067821105
2026-06-23 20:00:00,2026-06-23,20,1,6,204,187.10202398989904,Random Forest,16.89797601010096,16.89797601010096
2026-06-23 21:00:00,2026-06-23,21,1,6,145,135.9119682539682,Random Forest,9.088031746031788,9.088031746031788
2026-06-23 22:00:00,2026-06-23,22,1,6,99,102.1127321428571,Random Forest,-3.112732142857098,3.112732142857098
2026-06-23 23:00:00,2026-06-23,23,1,6,42,57.0614595959596,Random Forest,-15.061459595959597,15.061459595959597
2026-06-24 00:00:00,2026-06-24,0,2,6,30,23.730013888888898,Random Forest,6.269986111111102,6.269986111111102
2026-06-24 01:00:00,2026-06-24,1,2,6,11,19.29004653679654,Random Forest,-8.290046536796542,8.290046536796542
2026-06-24 02:00:00,2026-06-24,2,2,6,10,7.051138390964094,Random Forest,2.948861609035906,2.948861609035906
2026-06-24 03:00:00,2026-06-24,3,2,6,2,5.413636921733118,Random Forest,-3.4136369217331177,3.4136369217331177
2026-06-24 04:00:00,2026-06-24,4,2,6,11,11.726436184567536,Random Forest,-0.726436184567536,0.726436184567536
2026-06-24 05:00:00,2026-06-24,5,2,6,52,39.13518038751045,Random Forest,12.864819612489548,12.864819612489548
2026-06-24 06:00:00,2026-06-24,6,2,6,130,126.1233154761905,Random Forest,3.8766845238095016,3.8766845238095016
2026-06-24 07:00:00,2026-06-24,7,2,6,247,230.2083333333332,Random Forest,16.7916666666668,16.7916666666668
2026-06-24 08:00:00,2026-06-24,8,2,6,311,294.7849655483406,Random Forest,16.215034451659392,16.215034451659392
2026-06-24 09:00:00,2026-06-24,9,2,6,144,145.44055357142855,Random Forest,-1.440553571428552,1.440553571428552
2026-06-24 10:00:00,2026-06-24,10,2,6,121,116.77505555555554,Random Forest,4.224944444444461,4.224944444444461
2026-06-24 11:00:00,2026-06-24,11,2,6,142,122.924605921856,Random Forest,19.075394078144,19.075394078144
2026-06-24 12:00:00,2026-06-24,12,2,6,195,147.74171629759124,Random Forest,47.25828370240876,47.25828370240876
2026-06-24 13:00:00,2026-06-24,13,2,6,160,145.32450793650793,Random Forest,14.675492063492072,14.675492063492072
2026-06-24 14:00:00,2026-06-24,14,2,6,136,138.9556535409036,Random Forest,-2.9556535409035973,2.9556535409035973
2026-06-24 15:00:00,2026-06-24,15,2,6,169,178.46074404761913,Random Forest,-9.46074404761913,9.46074404761913
2026-06-24 16:00:00,2026-06-24,16,2,6,265,226.75734091970114,Random Forest,38.242659080298864,38.242659080298864
2026-06-24 17:00:00,2026-06-24,17,2,6,438,326.9870882173382,Random Forest,111.01291178266177,111.01291178266177
2026-06-24 18:00:00,2026-06-24,18,2,6,413,343.7162005772005,Random Forest,69.28379942279952,69.28379942279952
2026-06-24 19:00:00,2026-06-24,19,2,6,323,278.70342857142856,Random Forest,44.29657142857144,44.29657142857144
2026-06-24 20:00:00,2026-06-24,20,2,6,226,234.2163827561327,Random Forest,-8.216382756132703,8.216382756132703
2026-06-24 21:00:00,2026-06-24,21,2,6,209,172.59004899267404,Random Forest,36.40995100732596,36.40995100732596
2026-06-24 22:00:00,2026-06-24,22,2,6,173,132.99711507936502,Random Forest,40.00288492063498,40.00288492063498
2026-06-24 23:00:00,2026-06-24,23,2,6,74,109.66239087301587,Random Forest,-35.662390873015866,35.662390873015866
2026-06-25 00:00:00,2026-06-25,0,3,6,37,53.58760958485957,Random Forest,-16.58760958485957,16.58760958485957
2026-06-25 01:00:00,2026-06-25,1,3,6,13,17.160470598845606,Random Forest,-4.160470598845606,4.160470598845606
2026-06-25 02:00:00,2026-06-25,2,3,6,11,9.548062800761329,Random Forest,1.451937199238671,1.451937199238671
2026-06-25 03:00:00,2026-06-25,3,3,6,8,8.87507023776877,Random Forest,-0.8750702377687691,0.8750702377687691
2026-06-25 04:00:00,2026-06-25,4,3,6,18,12.720632883001423,Random Forest,5.279367116998577,5.279367116998577
2026-06-25 05:00:00,2026-06-25,5,3,6,46,44.37385462739874,Random Forest,1.6261453726012576,1.6261453726012576
2026-06-25 06:00:00,2026-06-25,6,3,6,131,133.2385496031746,Random Forest,-2.23854960317459,2.23854960317459
2026-06-25 07:00:00,2026-06-25,7,3,6,236,227.51336706349204,Random Forest,8.48663293650796,8.48663293650796
2026-06-25 08:00:00,2026-06-25,8,3,6,259,319.08638293650796,Random Forest,-60.08638293650796,60.08638293650796
2026-06-25 09:00:00,2026-06-25,9,3,6,164,168.3158591269841,Random Forest,-4.315859126984094,4.315859126984094
2026-06-25 10:00:00,2026-06-25,10,3,6,126,133.86671681096678,Random Forest,-7.866716810966778,7.866716810966778
2026-06-25 11:00:00,2026-06-25,11,3,6,163,155.238170995671,Random Forest,7.761829004329002,7.761829004329002
2026-06-25 12:00:00,2026-06-25,12,3,6,171,210.2381706349207,Random Forest,-39.23817063492069,39.23817063492069
2026-06-25 13:00:00,2026-06-25,13,3,6,195,203.3015894660895,Random Forest,-8.301589466089496,8.301589466089496
2026-06-25 14:00:00,2026-06-25,14,3,6,179,215.89453174603182,Random Forest,-36.89453174603182,36.89453174603182
2026-06-25 15:00:00,2026-06-25,15,3,6,169,213.65142063492064,Random Forest,-44.65142063492064,44.65142063492064
2026-06-25 16:00:00,2026-06-25,16,3,6,257,235.0368174603175,Random Forest,21.963182539682492,21.963182539682492
2026-06-25 17:00:00,2026-06-25,17,3,6,419,400.8015277777779,Random Forest,18.198472222222108,18.198472222222108
2026-06-25 18:00:00,2026-06-25,18,3,6,370,395.9349166666667,Random Forest,-25.93491666666671,25.93491666666671
2026-06-25 19:00:00,2026-06-25,19,3,6,312,295.17347023809526,Random Forest,16.826529761904737,16.826529761904737
2026-06-25 20:00:00,2026-06-25,20,3,6,245,224.48354148629147,Random Forest,20.51645851370853,20.51645851370853
2026-06-25 21:00:00,2026-06-25,21,3,6,220,198.49846428571428,Random Forest,21.501535714285723,21.501535714285723
2026-06-25 22:00:00,2026-06-25,22,3,6,129,170.03427038239542,Random Forest,-41.03427038239542,41.03427038239542
2026-06-25 23:00:00,2026-06-25,23,3,6,91,101.03716323953824,Random Forest,-10.037163239538245,10.037163239538245
2026-06-26 00:00:00,2026-06-26,0,4,6,95,62.90791468253968,Random Forest,32.09208531746032,32.09208531746032
2026-06-26 01:00:00,2026-06-26,1,4,6,21,47.56367514430017,Random Forest,-26.56367514430017,26.56367514430017
2026-06-26 02:00:00,2026-06-26,2,4,6,22,12.851531385281383,Random Forest,9.148468614718617,9.148468614718617
2026-06-26 03:00:00,2026-06-26,3,4,6,6,13.737932539682534,Random Forest,-7.737932539682534,7.737932539682534
2026-06-26 04:00:00,2026-06-26,4,4,6,4,12.900893776437696,Random Forest,-8.900893776437696,8.900893776437696
2026-06-26 05:00:00,2026-06-26,5,4,6,40,27.575212301587303,Random Forest,12.424787698412697,12.424787698412697
2026-06-26 06:00:00,2026-06-26,6,4,6,106,87.39985353535357,Random Forest,18.60014646464643,18.60014646464643
2026-06-26 07:00:00,2026-06-26,7,4,6,169,185.75123214285708,Random Forest,-16.751232142857077,16.751232142857077
2026-06-26 08:00:00,2026-06-26,8,4,6,248,184.99255014430022,Random Forest,63.007449855699775,63.007449855699775
2026-06-26 09:00:00,2026-06-26,9,4,6,168,179.12181547619042,Random Forest,-11.12181547619042,11.12181547619042
2026-06-26 10:00:00,2026-06-26,10,4,6,144,199.96027976190487,Random Forest,-55.96027976190487,55.96027976190487
2026-06-26 11:00:00,2026-06-26,11,4,6,152,191.7339974747475,Random Forest,-39.7339974747475,39.7339974747475
2026-06-26 12:00:00,2026-06-26,12,4,6,174,199.33516215728716,Random Forest,-25.335162157287158,25.335162157287158
2026-06-26 13:00:00,2026-06-26,13,4,6,229,238.72222619047628,Random Forest,-9.722226190476277,9.722226190476277
2026-06-26 14:00:00,2026-06-26,14,4,6,247,300.77437393162404,Random Forest,-53.77437393162404,53.77437393162404
2026-06-26 15:00:00,2026-06-26,15,4,6,230,260.86448702686215,Random Forest,-30.86448702686215,30.86448702686215
2026-06-26 16:00:00,2026-06-26,16,4,6,295,263.1054862914864,Random Forest,31.894513708513614,31.894513708513614
2026-06-26 17:00:00,2026-06-26,17,4,6,388,382.1980317460317,Random Forest,5.801968253968312,5.801968253968312
2026-06-26 18:00:00,2026-06-26,18,4,6,328,305.19247222222225,Random Forest,22.80752777777775,22.80752777777775
2026-06-26 19:00:00,2026-06-26,19,4,6,261,269.2378571428572,Random Forest,-8.237857142857195,8.237857142857195
2026-06-26 20:00:00,2026-06-26,20,4,6,217,210.3315496031745,Random Forest,6.668450396825506,6.668450396825506
2026-06-26 21:00:00,2026-06-26,21,4,6,181,184.1497655122655,Random Forest,-3.1497655122655033,3.1497655122655033
2026-06-26 22:00:00,2026-06-26,22,4,6,172,155.39585281385288,Random Forest,16.604147186147117,16.604147186147117
2026-06-26 23:00:00,2026-06-26,23,4,6,116,135.02483134920632,Random Forest,-19.024831349206323,19.024831349206323
2026-06-27 00:00:00,2026-06-27,0,5,6,82,128.93194246031746,Random Forest,-46.93194246031746,46.93194246031746
2026-06-27 01:00:00,2026-06-27,1,5,6,67,54.42791315628817,Random Forest,12.57208684371183,12.57208684371183
2026-06-27 02:00:00,2026-06-27,2,5,6,25,49.2769975718726,Random Forest,-24.2769975718726,24.2769975718726
2026-06-27 03:00:00,2026-06-27,3,5,6,25,21.753966269841275,Random Forest,3.246033730158725,3.246033730158725
2026-06-27 04:00:00,2026-06-27,4,5,6,12,16.21904563492064,Random Forest,-4.21904563492064,4.21904563492064
2026-06-27 05:00:00,2026-06-27,5,5,6,22,28.44994397860239,Random Forest,-6.449943978602391,6.449943978602391
2026-06-27 06:00:00,2026-06-27,6,5,6,50,42.74736775316187,Random Forest,7.252632246838132,7.252632246838132
2026-06-27 07:00:00,2026-06-27,7,5,6,64,88.27543034743039,Random Forest,-24.275430347430387,24.275430347430387
2026-06-27 08:00:00,2026-06-27,8,5,6,138,114.21165161064428,Random Forest,23.78834838935572,23.78834838935572
2026-06-27 09:00:00,2026-06-27,9,5,6,162,179.10329761904757,Random Forest,-17.103297619047567,17.103297619047567
2026-06-27 10:00:00,2026-06-27,10,5,6,204,197.38280555555554,Random Forest,6.617194444444465,6.617194444444465
2026-06-27 11:00:00,2026-06-27,11,5,6,260,209.88500488400487,Random Forest,50.11499511599513,50.11499511599513
2026-06-27 12:00:00,2026-06-27,12,5,6,198,263.2771013847264,Random Forest,-65.2771013847264,65.2771013847264
2026-06-27 13:00:00,2026-06-27,13,5,6,200,211.03953571428576,Random Forest,-11.039535714285762,11.039535714285762
2026-06-27 14:00:00,2026-06-27,14,5,6,126,195.3567956349206,Random Forest,-69.35679563492059,69.35679563492059
2026-06-27 15:00:00,2026-06-27,15,5,6,123,126.11776053113543,Random Forest,-3.1177605311354313,3.1177605311354313
2026-06-27 16:00:00,2026-06-27,16,5,6,148,156.9413141025641,Random Forest,-8.941314102564093,8.941314102564093
2026-06-27 17:00:00,2026-06-27,17,5,6,105,252.49262103174598,Random Forest,-147.49262103174598,147.49262103174598
2026-06-27 18:00:00,2026-06-27,18,5,6,170,95.98574206349207,Random Forest,74.01425793650793,74.01425793650793
2026-06-27 19:00:00,2026-06-27,19,5,6,185,163.52416468253966,Random Forest,21.475835317460337,21.475835317460337
2026-06-27 20:00:00,2026-06-27,20,5,6,160,174.04429184704185,Random Forest,-14.044291847041848,14.044291847041848
2026-06-27 21:00:00,2026-06-27,21,5,6,115,138.4240222905749,Random Forest,-23.424022290574896,23.424022290574896
2026-06-27 22:00:00,2026-06-27,22,5,6,144,112.61613329725827,Random Forest,31.383866702741727,31.383866702741727
2026-06-27 23:00:00,2026-06-27,23,5,6,101,113.11064231601726,Random Forest,-12.110642316017262,12.110642316017262
2026-06-28 00:00:00,2026-06-28,0,6,6,87,134.92776190476195,Random Forest,-47.92776190476195,47.92776190476195
2026-06-28 01:00:00,2026-06-28,1,6,6,70,67.60952020202018,Random Forest,2.390479797979822,2.390479797979822
2026-06-28 02:00:00,2026-06-28,2,6,6,51,53.04235822510821,Random Forest,-2.0423582251082095,2.0423582251082095
2026-06-28 03:00:00,2026-06-28,3,6,6,33,42.47851238368912,Random Forest,-9.478512383689122,9.478512383689122
2026-06-28 04:00:00,2026-06-28,4,6,6,17,18.816763528138527,Random Forest,-1.8167635281385266,1.8167635281385266
2026-06-28 05:00:00,2026-06-28,5,6,6,20,20.596954909114185,Random Forest,-0.596954909114185,0.596954909114185
2026-06-28 06:00:00,2026-06-28,6,6,6,32,35.78820806936966,Random Forest,-3.7882080693696594,3.7882080693696594
2026-06-28 07:00:00,2026-06-28,7,6,6,55,65.98094246031748,Random Forest,-10.980942460317479,10.980942460317479
2026-06-28 08:00:00,2026-06-28,8,6,6,127,97.57114682539687,Random Forest,29.428853174603134,29.428853174603134
2026-06-28 09:00:00,2026-06-28,9,6,6,142,165.86928769841273,Random Forest,-23.869287698412734,23.869287698412734
2026-06-28 10:00:00,2026-06-28,10,6,6,205,155.9511686507936,Random Forest,49.04883134920641,49.04883134920641
2026-06-28 11:00:00,2026-06-28,11,6,6,231,207.384126984127,Random Forest,23.615873015873007,23.615873015873007
2026-06-28 12:00:00,2026-06-28,12,6,6,289,236.68115079365072,Random Forest,52.318849206349284,52.318849206349284
2026-06-28 13:00:00,2026-06-28,13,6,6,226,239.97931421356424,Random Forest,-13.979314213564237,13.979314213564237
2026-06-28 14:00:00,2026-06-28,14,6,6,243,209.3614668109668,Random Forest,33.63853318903321,33.63853318903321
2026-06-28 15:00:00,2026-06-28,15,6,6,235,236.06031800144302,Random Forest,-1.0603180014430222,1.0603180014430222
2026-06-28 16:00:00,2026-06-28,16,6,6,212,235.43608531746034,Random Forest,-23.43608531746034,23.43608531746034
2026-06-28 17:00:00,2026-06-28,17,6,6,235,205.1995357142857,Random Forest,29.8004642857143,29.8004642857143
2026-06-28 18:00:00,2026-06-28,18,6,6,255,232.17962103174597,Random Forest,22.820378968254033,22.820378968254033
2026-06-28 19:00:00,2026-06-28,19,6,6,205,192.84762698412712,Random Forest,12.152373015872882,12.152373015872882
2026-06-28 20:00:00,2026-06-28,20,6,6,198,185.9451765873015,Random Forest,12.05482341269851,12.05482341269851
2026-06-28 21:00:00,2026-06-28,21,6,6,121,143.13323466810968,Random Forest,-22.13323466810968,22.13323466810968
2026-06-28 22:00:00,2026-06-28,22,6,6,83,99.70723412698409,Random Forest,-16.70723412698409,16.70723412698409
2026-06-28 23:00:00,2026-06-28,23,6,6,67,66.5364852092352,Random Forest,0.46351479076480473,0.46351479076480473
2026-06-29 00:00:00,2026-06-29,0,0,6,32,93.76774603174601,Random Forest,-61.767746031746015,61.767746031746015
2026-06-29 01:00:00,2026-06-29,1,0,6,13,51.91546031746033,Random Forest,-38.91546031746033,38.91546031746033
2026-06-29 02:00:00,2026-06-29,2,0,6,8,10.724691069196506,Random Forest,-2.7246910691965063,2.7246910691965063
2026-06-29 03:00:00,2026-06-29,3,0,6,6,13.976916208791202,Random Forest,-7.976916208791202,7.976916208791202
2026-06-29 04:00:00,2026-06-29,4,0,6,15,15.01725198412698,Random Forest,-0.0172519841269807,0.0172519841269807
2026-06-29 05:00:00,2026-06-29,5,0,6,38,37.71145833333332,Random Forest,0.28854166666668135,0.28854166666668135
2026-06-29 06:00:00,2026-06-29,6,0,6,112,106.48144354256853,Random Forest,5.5185564574314725,5.5185564574314725
2026-06-29 07:00:00,2026-06-29,7,0,6,205,198.12093001443006,Random Forest,6.8790699855699415,6.8790699855699415
2026-06-29 08:00:00,2026-06-29,8,0,6,229,248.31315674603178,Random Forest,-19.31315674603178,19.31315674603178
2026-06-29 09:00:00,2026-06-29,9,0,6,146,140.97286525974027,Random Forest,5.027134740259726,5.027134740259726
2026-06-29 10:00:00,2026-06-29,10,0,6,121,151.58187842712843,Random Forest,-30.58187842712843,30.58187842712843
2026-06-29 11:00:00,2026-06-29,11,0,6,169,142.83096230158733,Random Forest,26.169037698412666,26.169037698412666
2026-06-29 12:00:00,2026-06-29,12,0,6,153,171.164581890332,Random Forest,-18.164581890331988,18.164581890331988
2026-06-29 13:00:00,2026-06-29,13,0,6,133,156.01879166666677,Random Forest,-23.018791666666772,23.018791666666772
2026-06-29 14:00:00,2026-06-29,14,0,6,160,149.70348412698422,Random Forest,10.296515873015778,10.296515873015778
2026-06-29 15:00:00,2026-06-29,15,0,6,163,179.95166071428577,Random Forest,-16.951660714285765,16.951660714285765
2026-06-29 16:00:00,2026-06-29,16,0,6,282,184.00044913419916,Random Forest,97.99955086580084,97.99955086580084
2026-06-29 17:00:00,2026-06-29,17,0,6,395,245.0821944444445,Random Forest,149.9178055555555,149.9178055555555
2026-06-29 18:00:00,2026-06-29,18,0,6,381,272.93124801587317,Random Forest,108.06875198412683,108.06875198412683
2026-06-29 19:00:00,2026-06-29,19,0,6,284,226.12909018759024,Random Forest,57.870909812409764,57.870909812409764
2026-06-29 20:00:00,2026-06-29,20,0,6,253,208.8577757936508,Random Forest,44.1422242063492,44.1422242063492
2026-06-29 21:00:00,2026-06-29,21,0,6,183,145.95759722222226,Random Forest,37.04240277777774,37.04240277777774
2026-06-29 22:00:00,2026-06-29,22,0,6,101,123.62636093073596,Random Forest,-22.626360930735956,22.626360930735956
2026-06-29 23:00:00,2026-06-29,23,0,6,72,63.05307341269843,Random Forest,8.946926587301569,8.946926587301569
2026-06-30 00:00:00,2026-06-30,0,1,6,33,48.50757936507937,Random Forest,-15.507579365079373,15.507579365079373
2026-06-30 01:00:00,2026-06-30,1,1,6,15,13.738012445887446,Random Forest,1.2619875541125545,1.2619875541125545
2026-06-30 02:00:00,2026-06-30,2,1,6,3,9.349150946275945,Random Forest,-6.349150946275945,6.349150946275945
2026-06-30 03:00:00,2026-06-30,3,1,6,2,5.171196428571428,Random Forest,-3.1711964285714282,3.1711964285714282
2026-06-30 04:00:00,2026-06-30,4,1,6,17,14.557455731585295,Random Forest,2.4425442684147054,2.4425442684147054
2026-06-30 05:00:00,2026-06-30,5,1,6,38,42.15764654095902,Random Forest,-4.157646540959021,4.157646540959021
2026-06-30 06:00:00,2026-06-30,6,1,6,133,122.81012499999996,Random Forest,10.189875000000043,10.189875000000043
2026-06-30 07:00:00,2026-06-30,7,1,6,254,233.5656587301586,Random Forest,20.43434126984141,20.43434126984141
2026-06-30 08:00:00,2026-06-30,8,1,6,313,274.9370317460317,Random Forest,38.06296825396828,38.06296825396828
2026-06-30 09:00:00,2026-06-30,9,1,6,160,145.36820202020198,Random Forest,14.631797979798023,14.631797979798023
2026-06-30 10:00:00,2026-06-30,10,1,6,121,119.4141762265512,Random Forest,1.5858237734487943,1.5858237734487943
2026-06-30 11:00:00,2026-06-30,11,1,6,130,132.25840677296554,Random Forest,-2.258406772965543,2.258406772965543
2026-06-30 12:00:00,2026-06-30,12,1,6,159,140.71247619047622,Random Forest,18.287523809523776,18.287523809523776
2026-06-30 13:00:00,2026-06-30,13,1,6,155,141.24127457264956,Random Forest,13.758725427350441,13.758725427350441
2026-06-30 14:00:00,2026-06-30,14,1,6,166,151.7683757631257,Random Forest,14.231624236874296,14.231624236874296
2026-06-30 15:00:00,2026-06-30,15,1,6,160,183.57295526695526,Random Forest,-23.572955266955262,23.572955266955262
2026-06-30 16:00:00,2026-06-30,16,1,6,272,210.84912896825404,Random Forest,61.150871031745965,61.150871031745965
2026-06-30 17:00:00,2026-06-30,17,1,6,418,313.54253769841273,Random Forest,104.45746230158727,104.45746230158727
2026-06-30 18:00:00,2026-06-30,18,1,6,421,374.45648484848493,Random Forest,46.54351515151507,46.54351515151507
2026-06-30 19:00:00,2026-06-30,19,1,6,349,246.0827380952382,Random Forest,102.9172619047618,102.9172619047618
2026-06-30 20:00:00,2026-06-30,20,1,6,236,242.3804383116884,Random Forest,-6.380438311688408,6.380438311688408
2026-06-30 21:00:00,2026-06-30,21,1,6,174,199.5960773809524,Random Forest,-25.59607738095241,25.59607738095241
2026-06-30 22:00:00,2026-06-30,22,1,6,86,124.90406547619041,Random Forest,-38.90406547619041,38.90406547619041
2026-06-30 23:00:00,2026-06-30,23,1,6,49,62.37324603174602,Random Forest,-13.373246031746021,13.373246031746021
